subreddit,id,title,selftext,created_utc,permalink,author,url,score,profession,combined_text,polarity,subjectivity,sentiment
PSLF,1o1k1nn,"Mohela, StudentAid, Nelnet","Any difference between Nelnet, StudentAid, and Mohela when submitting a buyback request? I was told to change out of Mohela a while ago but people still mention them on here. How long has it taken for requesting a buyback while in the SAVE plan to be approved ?",1759950939.0,/r/PSLF/comments/1o1k1nn/mohela_studentaid_nelnet/,RidingtheWave07,https://www.reddit.com/r/PSLF/comments/1o1k1nn/mohela_studentaid_nelnet/,1,medical,"Mohela, StudentAid, Nelnet Any difference between Nelnet, StudentAid, and Mohela when submitting a buyback request? I was told to change out of Mohela a while ago but people still mention them on here. How long has it taken for requesting a buyback while in the SAVE plan to be approved ?",-0.05,0.4,neutral
PSLF,1o1jy0m,FSA Balance 0 now - PSLF Complete,"Green banners 08/21

Golden Letter 09/24

DOn't know when, but today my FSA Balance is 0.

Waiting for credit report update.",1759950715.0,/r/PSLF/comments/1o1jy0m/fsa_balance_0_now_pslf_complete/,chappan-tikli,https://www.reddit.com/r/PSLF/comments/1o1jy0m/fsa_balance_0_now_pslf_complete/,2,medical,"FSA Balance 0 now - PSLF Complete Green banners 08/21

Golden Letter 09/24

DOn't know when, but today my FSA Balance is 0.

Waiting for credit report update.",0.06666666666666667,0.39999999999999997,neutral
PSLF,1o1jfde,WTF is going on with FSA PSLF payment counts???,"I am missing June 2025. I didn’t make a payment that month because I was in SAVE forbearance, but the month doesn’t show up as “Ineligible,” it’s just completely missing. I know a lot of people have had this problem.

I got out of forbearance and made my first payment in August, which shows up in the payment history, no problem. 

Now, my September 2025 payment is not there. I made it more than 10 days ago. Does it usually take that long to post to FSA? It shows up on Mohela’s count. Am I missing something?",1759949592.0,/r/PSLF/comments/1o1jfde/wtf_is_going_on_with_fsa_pslf_payment_counts/,Infamous_Pudding5165,https://www.reddit.com/r/PSLF/comments/1o1jfde/wtf_is_going_on_with_fsa_pslf_payment_counts/,1,medical,"WTF is going on with FSA PSLF payment counts??? I am missing June 2025. I didn’t make a payment that month because I was in SAVE forbearance, but the month doesn’t show up as “Ineligible,” it’s just completely missing. I know a lot of people have had this problem.

I got out of forbearance and made my first payment in August, which shows up in the payment history, no problem. 

Now, my September 2025 payment is not there. I made it more than 10 days ago. Does it usually take that long to post to FSA? It shows up on Mohela’s count. Am I missing something?",-0.08124999999999999,0.32916666666666666,neutral
PSLF,1o1j7kq,Non-qualifying payments due to employment certification,"Just wanted to ask here to see if anyone has had a similar problem, because FSA was unhelpful and said I would need to wait 45 business days for a reconsideration. 

I graduated school in May, consolidated my loans, and entered PAYE so I could start with $0 payments for my first year of PSLF. I went through the process of employment certification, and my first payment in July qualified. I did not think there would be any issues going forward since I had auto pay set up, but now I checked to make sure the payments had counted and my August and September payments both do not have employer certification. I was wondering if anyone else had this issue and knew of any solutions, because it seems a little ridiculous that I have to wait over 2 months for an answer from FSA.",1759949113.0,/r/PSLF/comments/1o1j7kq/nonqualifying_payments_due_to_employment/,playoffpetey,https://www.reddit.com/r/PSLF/comments/1o1j7kq/nonqualifying_payments_due_to_employment/,2,medical,"Non-qualifying payments due to employment certification Just wanted to ask here to see if anyone has had a similar problem, because FSA was unhelpful and said I would need to wait 45 business days for a reconsideration. 

I graduated school in May, consolidated my loans, and entered PAYE so I could start with $0 payments for my first year of PSLF. I went through the process of employment certification, and my first payment in July qualified. I did not think there would be any issues going forward since I had auto pay set up, but now I checked to make sure the payments had counted and my August and September payments both do not have employer certification. I was wondering if anyone else had this issue and knew of any solutions, because it seems a little ridiculous that I have to wait over 2 months for an answer from FSA.",0.050595238095238096,0.5472222222222223,neutral
PSLF,1o1j1mk,"On save, Forbearance Ending","Hi everyone

I’ve been stuck on Save for months. I submitted for a new IDR plan a couple months ago to get back on track with PSLF payments but it hasn’t processed yet. I’ve been in forbearance during this time, but today received and email saying “The deferment or forbearance to postpone payments on the loan(s) listed below will end on 11/03” with my previous Save plan amount set to be taken out starting next month? Anyone else get this? Not really sure what to do considering these Save plan payments aren’t counting for anything ",1759948746.0,/r/PSLF/comments/1o1j1mk/on_save_forbearance_ending/,tumble_weed_22,https://www.reddit.com/r/PSLF/comments/1o1j1mk/on_save_forbearance_ending/,1,medical,"On save, Forbearance Ending Hi everyone

I’ve been stuck on Save for months. I submitted for a new IDR plan a couple months ago to get back on track with PSLF payments but it hasn’t processed yet. I’ve been in forbearance during this time, but today received and email saying “The deferment or forbearance to postpone payments on the loan(s) listed below will end on 11/03” with my previous Save plan amount set to be taken out starting next month? Anyone else get this? Not really sure what to do considering these Save plan payments aren’t counting for anything ",-0.04671717171717171,0.26835016835016834,neutral
PSLF,1o1i5vo,PSLF oops...,"In my excitement over hitting 120 payments, I did not notice 4 of my loans had not hit the magical 120 payment mark before submitting the application.

Now, 6 of my loans have the magical green banner with the notification I have zero obligation on those loans. 4 do not. Why? I don't know.

Randomly, I just received notification that my 4 other loans are in an education deferment (how do they know I'm taking masters courses?) I did request a forebearance. 

Anyway. I'm still planning on making payments out of an abundance of caution -- I just want this gone and done.

Here's to hoping that they still forgive those 4 loans? Anybody else experience anything similar? I could cry.

",1759947069.0,/r/PSLF/comments/1o1i5vo/pslf_oops/,West_Arrival852,https://www.reddit.com/r/PSLF/comments/1o1i5vo/pslf_oops/,2,medical,"PSLF oops... In my excitement over hitting 120 payments, I did not notice 4 of my loans had not hit the magical 120 payment mark before submitting the application.

Now, 6 of my loans have the magical green banner with the notification I have zero obligation on those loans. 4 do not. Why? I don't know.

Randomly, I just received notification that my 4 other loans are in an education deferment (how do they know I'm taking masters courses?) I did request a forebearance. 

Anyway. I'm still planning on making payments out of an abundance of caution -- I just want this gone and done.

Here's to hoping that they still forgive those 4 loans? Anybody else experience anything similar? I could cry.

",0.029166666666666674,0.5958333333333333,neutral
PSLF,1o1g8i6,PSLF Fall 2025 question,"Hello all- After a very arduous journey thru PSLF I finally got my green banners!! Can anyone say how long it has been taking recently to get that Golden Ketter? I am so anxious over all of this process.
Thanks in advance for your answers.",1759942886.0,/r/PSLF/comments/1o1g8i6/pslf_fall_2025_question/,Fickle_Love_5096,https://www.reddit.com/r/PSLF/comments/1o1g8i6/pslf_fall_2025_question/,1,medical,"PSLF Fall 2025 question Hello all- After a very arduous journey thru PSLF I finally got my green banners!! Can anyone say how long it has been taking recently to get that Golden Ketter? I am so anxious over all of this process.
Thanks in advance for your answers.",-0.07093750000000001,0.5812499999999999,neutral
PSLF,1o1fb1s,IDR switch finally processed after I submitted for buyback,"I reached 120 months of qualifying employment and applied for buyback yesterday. Today I received a letter from Mohela that my IDR plan switch (from SAVE) request that I submitted before the inauguration in Jan '25 was finally processed. 

Do you think these are related, or just a coincidence that they finally processed my IDR the day after I submitted buyback?",1759940848.0,/r/PSLF/comments/1o1fb1s/idr_switch_finally_processed_after_i_submitted/,ControllingImagesPHC,https://www.reddit.com/r/PSLF/comments/1o1fb1s/idr_switch_finally_processed_after_i_submitted/,2,medical,"IDR switch finally processed after I submitted for buyback I reached 120 months of qualifying employment and applied for buyback yesterday. Today I received a letter from Mohela that my IDR plan switch (from SAVE) request that I submitted before the inauguration in Jan '25 was finally processed. 

Do you think these are related, or just a coincidence that they finally processed my IDR the day after I submitted buyback?",0.0,0.85,neutral
PSLF,1o1f8zk,New PAYE repayment falsely low.,"I switched from SAVE to PAYE to start getting qualifying months. 

My income decreased significantly due to an illness so when I applied for PAYE, I used the paystubs method. 

My application got approved and I was shocked to see my payments be $0. Both aidvantage and studentaid.gov have me as successfully in PAYE now. 

My payments should not be $0, our family income is still relatively high. 


Aidvantage offers a “printable account information” which shows 0$ payments for the next 11 months then “121 months @ $xxx” which I believe is the right amount per the fsa calculation. 

Would you reach out to aidvantage to see why I have 11 months at $0 or just don’t ask questions and be grateful….
",1759940718.0,/r/PSLF/comments/1o1f8zk/new_paye_repayment_falsely_low/,Zelda0310,https://www.reddit.com/r/PSLF/comments/1o1f8zk/new_paye_repayment_falsely_low/,4,medical,"New PAYE repayment falsely low. I switched from SAVE to PAYE to start getting qualifying months. 

My income decreased significantly due to an illness so when I applied for PAYE, I used the paystubs method. 

My application got approved and I was shocked to see my payments be $0. Both aidvantage and studentaid.gov have me as successfully in PAYE now. 

My payments should not be $0, our family income is still relatively high. 


Aidvantage offers a “printable account information” which shows 0$ payments for the next 11 months then “121 months @ $xxx” which I believe is the right amount per the fsa calculation. 

Would you reach out to aidvantage to see why I have 11 months at $0 or just don’t ask questions and be grateful….
",0.02070779220779221,0.46552597402597407,neutral
PSLF,1o1f5rg,Application Timing Question,"Hello r/PSLF! The autopay for my 120th payment just went through yesterday. Usually I wait about a week after a payment to submit my ECF to give FSA more time to update, but should I go ahead and file my application using the PSLF help tool immediately? Wait a week? Longer? Any advice is appreciated!",1759940517.0,/r/PSLF/comments/1o1f5rg/application_timing_question/,BonecrusherEsq,https://www.reddit.com/r/PSLF/comments/1o1f5rg/application_timing_question/,3,medical,"Application Timing Question Hello r/PSLF! The autopay for my 120th payment just went through yesterday. Usually I wait about a week after a payment to submit my ECF to give FSA more time to update, but should I go ahead and file my application using the PSLF help tool immediately? Wait a week? Longer? Any advice is appreciated!",0.16666666666666666,0.2833333333333333,positive
PSLF,1o1d8jp,"Reached 120 months of qualifying employment, but July 2025 is missing","I've been in the SAVE forbearance for months and just reached 120 months of qualifying employment (with 106/120 actual, qualifying payments to date). I submitted an ECF yesterday, and it was already processed. My next step is to submit a buyback request, but July 2025 is completely missing from my PSLF Tracking Tool on the Student Aid site. 

Do I need to try and get this resolved *before* I submit the buyback request? Or can I just submit the buyback request now since I have the qualifying months of employment? 

Thanks in advance for any help/insight you can offer me here. ",1759936341.0,/r/PSLF/comments/1o1d8jp/reached_120_months_of_qualifying_employment_but/,Prudent-Property8476,https://www.reddit.com/r/PSLF/comments/1o1d8jp/reached_120_months_of_qualifying_employment_but/,4,medical,"Reached 120 months of qualifying employment, but July 2025 is missing I've been in the SAVE forbearance for months and just reached 120 months of qualifying employment (with 106/120 actual, qualifying payments to date). I submitted an ECF yesterday, and it was already processed. My next step is to submit a buyback request, but July 2025 is completely missing from my PSLF Tracking Tool on the Student Aid site. 

Do I need to try and get this resolved *before* I submit the buyback request? Or can I just submit the buyback request now since I have the qualifying months of employment? 

Thanks in advance for any help/insight you can offer me here. ",-0.04,0.08,neutral
PSLF,1o1bk38,"June 2025 payment fix isn't coming, is it?","Now at 117/120. Payment #117 (September 2025) was just added to the FSA dashboard count.

However, when I go into the FSA payment history, everything is there except June 2025. If June 2025 was there, I'd be at 118/120.

First we heard that June 2025 would be fixed by late September. Still nothing. I'm never going to get credit for that payment, am I?",1759932607.0,/r/PSLF/comments/1o1bk38/june_2025_payment_fix_isnt_coming_is_it/,JimEJawn,https://www.reddit.com/r/PSLF/comments/1o1bk38/june_2025_payment_fix_isnt_coming_is_it/,4,medical,"June 2025 payment fix isn't coming, is it? Now at 117/120. Payment #117 (September 2025) was just added to the FSA dashboard count.

However, when I go into the FSA payment history, everything is there except June 2025. If June 2025 was there, I'd be at 118/120.

First we heard that June 2025 would be fixed by late September. Still nothing. I'm never going to get credit for that payment, am I?",0.016666666666666663,0.37777777777777777,neutral
PSLF,1o1ahpu,Student Loans off credit report,"Got my FSA golden letter on 8/5/25 &amp; have been monitoring my credit report weekly, and today my student loans are off of my credit report. I’ve heard people who have had substantial student debt say their credit scores have dropped after forgiveness &amp; I was concerned because I had 208k, but my score went up 5 points! Thankful this is over! For everyone working towards forgiveness, stay diligent! Your day is coming! 

Timeline:

Green banners: 6/5

FSA Golden Letter: 8/5

Zeroed out on Aidvantage: 8/6

Aidvantage Golden letter: 8/7

Zeroed on FSA: 8/12.

Refund check: 9/10

Loans off credit report: 10/8",1759930052.0,/r/PSLF/comments/1o1ahpu/student_loans_off_credit_report/,Parking-Phone4238,https://www.reddit.com/r/PSLF/comments/1o1ahpu/student_loans_off_credit_report/,9,medical,"Student Loans off credit report Got my FSA golden letter on 8/5/25 &amp; have been monitoring my credit report weekly, and today my student loans are off of my credit report. I’ve heard people who have had substantial student debt say their credit scores have dropped after forgiveness &amp; I was concerned because I had 208k, but my score went up 5 points! Thankful this is over! For everyone working towards forgiveness, stay diligent! Your day is coming! 

Timeline:

Green banners: 6/5

FSA Golden Letter: 8/5

Zeroed out on Aidvantage: 8/6

Aidvantage Golden letter: 8/7

Zeroed on FSA: 8/12.

Refund check: 9/10

Loans off credit report: 10/8",0.28310546875000003,0.45,positive
PSLF,1o1a35v,Pslf 120th payment,My last payment is due on October 21st…can I pay that now or is it too early? I just want to make sure it counts but also be done…,1759929053.0,/r/PSLF/comments/1o1a35v/pslf_120th_payment/,meggity1,https://www.reddit.com/r/PSLF/comments/1o1a35v/pslf_120th_payment/,2,medical,Pslf 120th payment My last payment is due on October 21st…can I pay that now or is it too early? I just want to make sure it counts but also be done…,0.11875,0.4076388888888889,positive
PSLF,1o18vtg,Mohela put me in a forbearance after being on IBR. They won’t take me off. Should I reapply?,Got approved for IBR in March 2025 and was making $0 payments until apparently June 2025 when they put me in a SAVE forbearance.  They refuse to take me off. Should I just reapply for IBR? ,1759925984.0,/r/PSLF/comments/1o18vtg/mohela_put_me_in_a_forbearance_after_being_on_ibr/,Spiritual-Mud-5470,https://www.reddit.com/r/PSLF/comments/1o18vtg/mohela_put_me_in_a_forbearance_after_being_on_ibr/,1,medical,Mohela put me in a forbearance after being on IBR. They won’t take me off. Should I reapply? Got approved for IBR in March 2025 and was making $0 payments until apparently June 2025 when they put me in a SAVE forbearance.  They refuse to take me off. Should I just reapply for IBR? ,0.05,0.35,neutral
PSLF,1o182eq,Buyback,I’ve seen some recommendations on contacting the ombudsman to have your buyback processed quicker ?? Anyone have this actually happen ??? I FINALLY hit my 120 this month and really don’t have patience to wait lol ,1759923619.0,/r/PSLF/comments/1o182eq/buyback/,Successful_Sky_1654,https://www.reddit.com/r/PSLF/comments/1o182eq/buyback/,2,medical,Buyback I’ve seen some recommendations on contacting the ombudsman to have your buyback processed quicker ?? Anyone have this actually happen ??? I FINALLY hit my 120 this month and really don’t have patience to wait lol ,0.25,0.5,positive
PSLF,1o16r01,Looking for advice - husband a government employee,"Hi everyone,
I have 2 payments to go until 120. My husband and I file joint taxes so my current loan payments reflect his income too; when I switched from SAVE to an IBR plan my payments went up significantly (it’s only recently that my husband makes close to my income and it only negatively impacted my payment amount when I left SAVE). I only had 7 payments left when I got out of SAVE so we were planning to dip into savings to get me through these last couple. But now he doesn’t have an income at all. He is an essential worker so he’s still working and by all normal rules will get back pay. The payments were already pushing our expenses over our total income though so if the shutdown lasts the next two months or more, this will be a huge strain. 
I’m wondering if I should redo my IBR plan using paystubs for my income and say my husband currently has no income? I’m worried if they throw me into a processing forbearance it somehow won’t actually count. Alternatively do they do audits of income at the point of forgiveness and if the government opens back up and my husband has income again will there be a problem with my last two payments being lowered and stick me in some other kind of processing mess before forgiveness? 

What would everyone here do?

Thanks for reading and anyone willing to give me some advice!",1759919290.0,/r/PSLF/comments/1o16r01/looking_for_advice_husband_a_government_employee/,ROAT7373,https://www.reddit.com/r/PSLF/comments/1o16r01/looking_for_advice_husband_a_government_employee/,1,medical,"Looking for advice - husband a government employee Hi everyone,
I have 2 payments to go until 120. My husband and I file joint taxes so my current loan payments reflect his income too; when I switched from SAVE to an IBR plan my payments went up significantly (it’s only recently that my husband makes close to my income and it only negatively impacted my payment amount when I left SAVE). I only had 7 payments left when I got out of SAVE so we were planning to dip into savings to get me through these last couple. But now he doesn’t have an income at all. He is an essential worker so he’s still working and by all normal rules will get back pay. The payments were already pushing our expenses over our total income though so if the shutdown lasts the next two months or more, this will be a huge strain. 
I’m wondering if I should redo my IBR plan using paystubs for my income and say my husband currently has no income? I’m worried if they throw me into a processing forbearance it somehow won’t actually count. Alternatively do they do audits of income at the point of forgiveness and if the government opens back up and my husband has income again will there be a problem with my last two payments being lowered and stick me in some other kind of processing mess before forgiveness? 

What would everyone here do?

Thanks for reading and anyone willing to give me some advice!",0.0625,0.4073333333333333,neutral
PSLF,1o10amh,Update missing payments are now listed in as eligible in NSLDS for a period certified twice already.,"I submitted a final ECF last week, that's still in review. NSLDS finally updated to include an additional 6 months (presumably the missing months) in the eligible column but certified now says 114 not 120, FSA still says 112.

So with the final ECF, I was able to certify (per NSLDS count) the most recent period since my last certification but it didn't certify the missing months. FSA hasn't updated yet but usually it matches NSLDS for me.",1759895469.0,/r/PSLF/comments/1o10amh/update_missing_payments_are_now_listed_in_as/,EddieDubbers,https://www.reddit.com/r/PSLF/comments/1o10amh/update_missing_payments_are_now_listed_in_as/,4,medical,"Update missing payments are now listed in as eligible in NSLDS for a period certified twice already. I submitted a final ECF last week, that's still in review. NSLDS finally updated to include an additional 6 months (presumably the missing months) in the eligible column but certified now says 114 not 120, FSA still says 112.

So with the final ECF, I was able to certify (per NSLDS count) the most recent period since my last certification but it didn't certify the missing months. FSA hasn't updated yet but usually it matches NSLDS for me.",0.012499999999999997,0.4090277777777777,neutral
PSLF,1o0vy69,Still No Refund :(,I have been waiting for an overpayment refund since last December. Any idea how to get Mohela to speed this up?,1759882809.0,/r/PSLF/comments/1o0vy69/still_no_refund/,Big-Caramel-5574,https://www.reddit.com/r/PSLF/comments/1o0vy69/still_no_refund/,2,medical,Still No Refund :( I have been waiting for an overpayment refund since last December. Any idea how to get Mohela to speed this up?,-0.375,0.5333333333333333,negative
PSLF,1o0v0vd,Aidvantage randomly showing missed payment amounts even though my autopay is same as always.,"I am making all of my monthly payments via autopay and for a long while there has been no issue. In September I get an email that says “Your account is at risk: Payment Not Received” I log in and noticed that my regular September autopay went through, my online banking account shows the amount withdrawn to Aidvantage, but the Aidvantage website shows a missing payment of $115.13. I check my inbox on Aidvantage and there is no mention of payment changing, of a need to report income for income contingent repayment plan I called them twice, and even they thought it was weird. They placed a review on my account and said I should hear back. But didn’t hear anything so I called and someone else told me that they don’t have a timeline for when the review will be completed but that it will remove the excess charge amount of $115.13. Well now, another month has gone by and guess what? I have another “missed payments” and am now in the hole $230.26 according to them. I called again and another review request was put in.

I am also 3 months/payments away from reaching 120 qualifying payments of PSLF. I don’t want missed payments prolonging that date for 120 qualifying payments. I’m really annoyed.

Does anyone have any advice? Anyone know anything I don’t know? Should I just bite them bullet and pay the extra amount? Any help would be appreciated!",1759880319.0,/r/PSLF/comments/1o0v0vd/aidvantage_randomly_showing_missed_payment/,This-Speed3999,https://www.reddit.com/r/PSLF/comments/1o0v0vd/aidvantage_randomly_showing_missed_payment/,1,medical,"Aidvantage randomly showing missed payment amounts even though my autopay is same as always. I am making all of my monthly payments via autopay and for a long while there has been no issue. In September I get an email that says “Your account is at risk: Payment Not Received” I log in and noticed that my regular September autopay went through, my online banking account shows the amount withdrawn to Aidvantage, but the Aidvantage website shows a missing payment of $115.13. I check my inbox on Aidvantage and there is no mention of payment changing, of a need to report income for income contingent repayment plan I called them twice, and even they thought it was weird. They placed a review on my account and said I should hear back. But didn’t hear anything so I called and someone else told me that they don’t have a timeline for when the review will be completed but that it will remove the excess charge amount of $115.13. Well now, another month has gone by and guess what? I have another “missed payments” and am now in the hole $230.26 according to them. I called again and another review request was put in.

I am also 3 months/payments away from reaching 120 qualifying payments of PSLF. I don’t want missed payments prolonging that date for 120 qualifying payments. I’m really annoyed.

Does anyone have any advice? Anyone know anything I don’t know? Should I just bite them bullet and pay the extra amount? Any help would be appreciated!",-0.13636363636363635,0.34108391608391614,negative
PSLF,1o0ug5a,Explanation of Difference between FSA's EPs &amp; QPs and NSLDS' EPs &amp; QPs for (TE)PSLF Correct?,"PSLFers,

Hi All! Am I correct in that the reason for the discrepancy between FSA EPs &amp; QPs when compared to NSLDS EPs &amp; QPs originates from the fact that FSA's EP counts are solely pertaining to (TE)PSLF and NSLDS' EP count is the collective from all the forms of payment/forgivness programs/plans?

More granular, via NSLDS, I have 156 EPs &amp; 114 QPs, with EPs being that payment has applied to such months, but are not certified, by definition. These particular EP &amp; QP counts are listed under the PSLF header from the NSLDS' API info. Aside from the FSA's 10 month difference in EPs &amp; QPs counts (as is displayed with a letter at ECF approval or via the FSA API), I have otherwise all months from 10/01/2007 - Current certiied.. 

Now, when I ""run the numbers"" on all the months combined I made both bofore and after PSLF, it appears NSLDSs EPs do match all such payments that I have ever made (all include $0 payments for COVID era, etc).

Are my 2 conclusions of (1) the NSLDS' method of counting EPs &amp; QPs (as mentioned above) and (2) the discrepency when comparing them to FSA's EPs &amp; QPs method?  

If not, it is otherwise, a highly unusual coincidence, and if the assessment above is correct, I don't understand why NSLDS would list pre-PSLF periods of payments as part of PSLF header's EPs.

All the thanks.  




",1759878811.0,/r/PSLF/comments/1o0ug5a/explanation_of_difference_between_fsas_eps_qps/,ThorHammer94305,https://www.reddit.com/r/PSLF/comments/1o0ug5a/explanation_of_difference_between_fsas_eps_qps/,1,medical,"Explanation of Difference between FSA's EPs &amp; QPs and NSLDS' EPs &amp; QPs for (TE)PSLF Correct? PSLFers,

Hi All! Am I correct in that the reason for the discrepancy between FSA EPs &amp; QPs when compared to NSLDS EPs &amp; QPs originates from the fact that FSA's EP counts are solely pertaining to (TE)PSLF and NSLDS' EP count is the collective from all the forms of payment/forgivness programs/plans?

More granular, via NSLDS, I have 156 EPs &amp; 114 QPs, with EPs being that payment has applied to such months, but are not certified, by definition. These particular EP &amp; QP counts are listed under the PSLF header from the NSLDS' API info. Aside from the FSA's 10 month difference in EPs &amp; QPs counts (as is displayed with a letter at ECF approval or via the FSA API), I have otherwise all months from 10/01/2007 - Current certiied.. 

Now, when I ""run the numbers"" on all the months combined I made both bofore and after PSLF, it appears NSLDSs EPs do match all such payments that I have ever made (all include $0 payments for COVID era, etc).

Are my 2 conclusions of (1) the NSLDS' method of counting EPs &amp; QPs (as mentioned above) and (2) the discrepency when comparing them to FSA's EPs &amp; QPs method?  

If not, it is otherwise, a highly unusual coincidence, and if the assessment above is correct, I don't understand why NSLDS would list pre-PSLF periods of payments as part of PSLF header's EPs.

All the thanks.  




",0.11851851851851852,0.40370370370370373,positive
PSLF,1o0pmhk,PSLF buyback questions:,"# With the government shutdown are PSLF buyback request being processed? Also, when waiting for a PSLF buyback amount do you have to continue to work for your public service organization or any public service organization? Or can you find another job outside of public service, since you have reached 120 months?",1759867497.0,/r/PSLF/comments/1o0pmhk/pslf_buyback_questions/,HeadGovernment6345,https://www.reddit.com/r/PSLF/comments/1o0pmhk/pslf_buyback_questions/,0,medical,"PSLF buyback questions: # With the government shutdown are PSLF buyback request being processed? Also, when waiting for a PSLF buyback amount do you have to continue to work for your public service organization or any public service organization? Or can you find another job outside of public service, since you have reached 120 months?",0.0,0.0625,neutral
PSLF,1o0plrx,To submit ECF now or next month?,"I'd love advice so that I don't mess anything up when I'm so close to the finish line. Here's my situation:

On FSA site: 

\- Shows 117 out of 120 qualifying payments (last one was on 05/2024, right between being put on SAVE forbearance). 

\- Payments Needing Employer Certification - shows 07/2025, 08/2025, 09/2025

\- They moved me from SAVE to IDR on 07/26/2025

\- On Mohela site - shows that they received my monthly payments on 08/24/2025 and 09/24/2025. Next auto payment is scheduled for 10/24/2025. 

Why hasn't the banner moved from 117 to 119 after my two monthly payments? 

Why does it show July 2025 as as needing employment certification, even though I didn't pay that month? Is that the month that I got for moving from SAVE to IBR?

So, should I submit my ECF now and hope that they will approve July, Aug, and Sept, even though I didn't make a July payment? Or do I wait until they receive my Oct payment, and on the form check the ""request a forbearance"" box so I don't get charged in Nov? This possibly means that I'm paying an extra month unnecessarily.   
Thanks to anyone who can help!",1759867452.0,/r/PSLF/comments/1o0plrx/to_submit_ecf_now_or_next_month/,DistrictDame9716,https://www.reddit.com/r/PSLF/comments/1o0plrx/to_submit_ecf_now_or_next_month/,2,medical,"To submit ECF now or next month? I'd love advice so that I don't mess anything up when I'm so close to the finish line. Here's my situation:

On FSA site: 

\- Shows 117 out of 120 qualifying payments (last one was on 05/2024, right between being put on SAVE forbearance). 

\- Payments Needing Employer Certification - shows 07/2025, 08/2025, 09/2025

\- They moved me from SAVE to IDR on 07/26/2025

\- On Mohela site - shows that they received my monthly payments on 08/24/2025 and 09/24/2025. Next auto payment is scheduled for 10/24/2025. 

Why hasn't the banner moved from 117 to 119 after my two monthly payments? 

Why does it show July 2025 as as needing employment certification, even though I didn't pay that month? Is that the month that I got for moving from SAVE to IBR?

So, should I submit my ECF now and hope that they will approve July, Aug, and Sept, even though I didn't make a July payment? Or do I wait until they receive my Oct payment, and on the form check the ""request a forbearance"" box so I don't get charged in Nov? This possibly means that I'm paying an extra month unnecessarily.   
Thanks to anyone who can help!",0.09563492063492064,0.2974867724867725,neutral
PSLF,1o0p226,Student loans - IBR vs PAYE ??,"Hello everyone,  
I’m about to begin my first full-time position after graduate school and plan to pursue PSLF. I’m trying to determine which repayment plan would be the most beneficial. I’ve heard a lot about the new RAP changes, but to be completely honest, I don’t know much about how it actually works.

For context, I have a little over $200k in federal loans (Direct Unsubsidized and Grad PLUS). Any guidance or insight into which repayment plan would be best to start with would be greatly appreciated.",1759866246.0,/r/PSLF/comments/1o0p226/student_loans_ibr_vs_paye/,AdLegitimate7469,https://www.reddit.com/r/PSLF/comments/1o0p226/student_loans_ibr_vs_paye/,2,medical,"Student loans - IBR vs PAYE ?? Hello everyone,  
I’m about to begin my first full-time position after graduate school and plan to pursue PSLF. I’m trying to determine which repayment plan would be the most beneficial. I’ve heard a lot about the new RAP changes, but to be completely honest, I don’t know much about how it actually works.

For context, I have a little over $200k in federal loans (Direct Unsubsidized and Grad PLUS). Any guidance or insight into which repayment plan would be best to start with would be greatly appreciated.",0.27988636363636366,0.3787878787878788,positive
PSLF,1o0oxjf,3 Months Left of PSLF - Buyback last year's 2 months forbearance?,"I have 3 months left into PSLF. My payment history and NSLDS are matching. Phew! Can I buyback the 2 months of last year when we were all in forbearance due to the injunction? I am sure I won't get a response from student aid within that time period anyway, but hey, is it worth the try? Thanks!

",1759865968.0,/r/PSLF/comments/1o0oxjf/3_months_left_of_pslf_buyback_last_years_2_months/,Practical-Series-491,https://www.reddit.com/r/PSLF/comments/1o0oxjf/3_months_left_of_pslf_buyback_last_years_2_months/,1,medical,"3 Months Left of PSLF - Buyback last year's 2 months forbearance? I have 3 months left into PSLF. My payment history and NSLDS are matching. Phew! Can I buyback the 2 months of last year when we were all in forbearance due to the injunction? I am sure I won't get a response from student aid within that time period anyway, but hey, is it worth the try? Thanks!

",0.115625,0.21215277777777777,positive
medicalschool,1numw9j,What to do with a bad attending experience at an away?,"I like all the other attendings. But this one, I feel like wasn’t as forgiving. I had a lot of technical errors getting set up, using the EMR (not used at my home institution, didn’t have a tutorial). She was the only one where I had these mistakes with. I sent her my note, it was “unfinished” because I had issues saving it/ bringing things over to the note when I thought I did. 

Idk how my evals are gonna be with her ngl. She is very condescending as well. I don’t even know if saying “technical problems” is worth it or if it will sound like an excuse. She is an apd, newly hired. She makes me want to rank this program lower but idk if I’m being dramatic by doing this over 1 person. 

Anyone have a similar experience? Not the technical issues, but having a bad experience with one attending out of many at an away rotation? What are your opinions? Please be nice because this circumstance is really making me sad. 

Thanks ",1759261003.0,/r/medicalschool/comments/1numw9j/what_to_do_with_a_bad_attending_experience_at_an/,uncomfortayble,https://www.reddit.com/r/medicalschool/comments/1numw9j/what_to_do_with_a_bad_attending_experience_at_an/,4,medical,"What to do with a bad attending experience at an away? I like all the other attendings. But this one, I feel like wasn’t as forgiving. I had a lot of technical errors getting set up, using the EMR (not used at my home institution, didn’t have a tutorial). She was the only one where I had these mistakes with. I sent her my note, it was “unfinished” because I had issues saving it/ bringing things over to the note when I thought I did. 

Idk how my evals are gonna be with her ngl. She is very condescending as well. I don’t even know if saying “technical problems” is worth it or if it will sound like an excuse. She is an apd, newly hired. She makes me want to rank this program lower but idk if I’m being dramatic by doing this over 1 person. 

Anyone have a similar experience? Not the technical issues, but having a bad experience with one attending out of many at an away rotation? What are your opinions? Please be nice because this circumstance is really making me sad. 

Thanks ",-0.038598484848484826,0.45564393939393943,neutral
medicalschool,1nttjkg,Hypothetical question.,"Current background I am in the clinical years. Hypothetically if I were to peacefully protest against this current presidential administration and increased ICE presence and subsequently got arrested, how would residency problems look at that? 

Ps please forgive me if this type of question isn’t allowed here",1759178755.0,/r/medicalschool/comments/1nttjkg/hypothetical_question/,stonepony123456,https://www.reddit.com/r/medicalschool/comments/1nttjkg/hypothetical_question/,0,medical,"Hypothetical question. Current background I am in the clinical years. Hypothetically if I were to peacefully protest against this current presidential administration and increased ICE presence and subsequently got arrested, how would residency problems look at that? 

Ps please forgive me if this type of question isn’t allowed here",0.0625,0.3375,neutral
medicalschool,1ni8686,age old question of do i take step and comlex......,please forgive me if this specific question has been posted but i want to go into a DO friendly speciality (EM) but i do wish to match in the northeast (think NJ/NY/Philly). some of the hospitals i'm looking at don't say step is needed if you took comlex but then the program has 2-3 DOs... should i plan to study for it if these states seemingly have a low ish DO presence? ,1757997769.0,/r/medicalschool/comments/1ni8686/age_old_question_of_do_i_take_step_and_comlex/,throwaway4397935925,https://www.reddit.com/r/medicalschool/comments/1ni8686/age_old_question_of_do_i_take_step_and_comlex/,2,medical,age old question of do i take step and comlex...... please forgive me if this specific question has been posted but i want to go into a DO friendly speciality (EM) but i do wish to match in the northeast (think NJ/NY/Philly). some of the hospitals i'm looking at don't say step is needed if you took comlex but then the program has 2-3 DOs... should i plan to study for it if these states seemingly have a low ish DO presence? ,0.11875,0.28125,positive
medicalschool,1mdnxcs,Tired of Anki and writing charts? Pick up a Glock in sweats and a bandana and let’s go kidnap people.,,1753923543.0,/r/medicalschool/comments/1mdnxcs/tired_of_anki_and_writing_charts_pick_up_a_glock/,Manoj_Malhotra,https://i.redd.it/8uzzve76z3gf1.jpeg,333,medical,Tired of Anki and writing charts? Pick up a Glock in sweats and a bandana and let’s go kidnap people. ,-0.4,0.7,negative
medicalschool,1mateeo,Not being present while a loved one is passing,"Does anyone have any advice? I am an intern off service surgical rotation, but a fairly intensive one. I have a loved one who is likely to pass soon. I am spending as much time with them after shifts as I can, but it looks like they may pass soon, and I will not be able to be with them while they pass. Has anyone else navigated this? I’m having a hard time forgiving myself",1753640168.0,/r/medicalschool/comments/1mateeo/not_being_present_while_a_loved_one_is_passing/,NerfSingularity,https://www.reddit.com/r/medicalschool/comments/1mateeo/not_being_present_while_a_loved_one_is_passing/,62,medical,"Not being present while a loved one is passing Does anyone have any advice? I am an intern off service surgical rotation, but a fairly intensive one. I have a loved one who is likely to pass soon. I am spending as much time with them after shifts as I can, but it looks like they may pass soon, and I will not be able to be with them while they pass. Has anyone else navigated this? I’m having a hard time forgiving myself",0.31354166666666666,0.6083333333333334,positive
medicalschool,1ma5a2z,Failed Step 2 - What is next?,"Title says it all. I didn't pass. I fucked myself by letting my nerves get to me and continuing go push the test to after an AI without as intense studying. I'm being told I can't do surgery of any kind. I don't know what else to do. I don't like any of the more forgiving specialties. I'm trying to take the copium and try for EM (that's the least unappealing of the options I was given). I thought of trying for a prelim gen surgery position but I don't if I can and I'm already 33 yrs old. I'm weary of a situation that would be destabilizing. What would you do? 

Edit to clarify: I understand that I need to retake the exam and focus on that, but my school wants me to decide which specialty I will go into by Monday. The choices given to me are IM, EM, FM and Peds.  When and how I retake the exam will be determined after I inform them. ",1753566443.0,/r/medicalschool/comments/1ma5a2z/failed_step_2_what_is_next/,Professional-Union54,https://www.reddit.com/r/medicalschool/comments/1ma5a2z/failed_step_2_what_is_next/,114,medical,"Failed Step 2 - What is next? Title says it all. I didn't pass. I fucked myself by letting my nerves get to me and continuing go push the test to after an AI without as intense studying. I'm being told I can't do surgery of any kind. I don't know what else to do. I don't like any of the more forgiving specialties. I'm trying to take the copium and try for EM (that's the least unappealing of the options I was given). I thought of trying for a prelim gen surgery position but I don't if I can and I'm already 33 yrs old. I'm weary of a situation that would be destabilizing. What would you do? 

Edit to clarify: I understand that I need to retake the exam and focus on that, but my school wants me to decide which specialty I will go into by Monday. The choices given to me are IM, EM, FM and Peds.  When and how I retake the exam will be determined after I inform them. ",-0.020000000000000025,0.45999999999999996,neutral
medicalschool,1ltw9pc,RAP vs SAVE,"I’m trying to understand why more people aren’t excited about RAP. Sure it takes into account annual gross income and has a minimum payment, but for physicians it looks like a great plan. 

- We get interest forgiven every month as long as pay the minimum we owe (identical to SAVE)
- the forgiveness period is longer but we also have the option of PSLF
- the capped federal loans for incoming students makes the private loans less scary because of that interest forgiveness. 

In my opinion, RAP is looking like a good option for us  ",1751900059.0,/r/medicalschool/comments/1ltw9pc/rap_vs_save/,genecyn,https://www.reddit.com/r/medicalschool/comments/1ltw9pc/rap_vs_save/,20,medical,"RAP vs SAVE I’m trying to understand why more people aren’t excited about RAP. Sure it takes into account annual gross income and has a minimum payment, but for physicians it looks like a great plan. 

- We get interest forgiven every month as long as pay the minimum we owe (identical to SAVE)
- the forgiveness period is longer but we also have the option of PSLF
- the capped federal loans for incoming students makes the private loans less scary because of that interest forgiveness. 

In my opinion, RAP is looking like a good option for us  ",0.21583333333333332,0.5330555555555556,positive
medicalschool,1lr56zm,Clinician vs research based faculty advisor?,"Forgive me if I'm overthinking this, I don't have any family members or friends in medicine so I don't really know what the considerations are for making this decision and/or if it's even consequential in my journey. In being given an opportunity to pick a faculty advisor, what should I consider more strongly in setting me up for success tangibly/intangibly? A well-known PhD faculty on campus with loads of pubs (700+) or a physician faculty member that has experience going through residency apps/was a chief resident etc. I go to a well-known DO school and am most interested in IM+subspecialty fellowship (e.g. heme/onc) if that matters.",1751588618.0,/r/medicalschool/comments/1lr56zm/clinician_vs_research_based_faculty_advisor/,FrequentGazelle9569,https://www.reddit.com/r/medicalschool/comments/1lr56zm/clinician_vs_research_based_faculty_advisor/,3,medical,"Clinician vs research based faculty advisor? Forgive me if I'm overthinking this, I don't have any family members or friends in medicine so I don't really know what the considerations are for making this decision and/or if it's even consequential in my journey. In being given an opportunity to pick a faculty advisor, what should I consider more strongly in setting me up for success tangibly/intangibly? A well-known PhD faculty on campus with loads of pubs (700+) or a physician faculty member that has experience going through residency apps/was a chief resident etc. I go to a well-known DO school and am most interested in IM+subspecialty fellowship (e.g. heme/onc) if that matters.",0.36388888888888893,0.4055555555555555,positive
medicalschool,1lkrbcd,PSLF residency exclusion &amp; other student loan changes subject to 60 vote threshold in senate,"TLDR: The senate parliamentarian just ruled that many of the student loan changes in the BBB will have to pass a 60 vote threshold to be included!!!! This is *excellent* news since that’s pretty unlikely in this day and age. 

Specifically affected (and now unlikely to pass!):

Student Aid Eligibility for Immigrant Students. This section removes federal student aid eligibility from certain immigrants who are not citizens. (Section 80001)

Loan Repayment Plans. This section establishes that beginning July 1, 2026, federal student loan borrowers will have only two repayment options: a standard plan with fixed payments over 10-25 years or a new income-based repayment (IBR) plan, Repayment Assistance Plan (RAP). These provisions cannot be applied to current borrowers under the Byrd Rule. (Section 82001)

Public Service Loan Forgiveness (PSLF) Updates. This section prohibits loan payments made while students are in medical or dental internships/residencies from qualifying for PSLF. (Section 82004(b))

",1750913244.0,/r/medicalschool/comments/1lkrbcd/pslf_residency_exclusion_other_student_loan/,Alinzar,https://www.budget.senate.gov/ranking-member/newsroom/press/republicans-one-big-beautiful-bill-includes-additional-provisions-that-violate-the-byrd-rule,277,medical,"PSLF residency exclusion &amp; other student loan changes subject to 60 vote threshold in senate TLDR: The senate parliamentarian just ruled that many of the student loan changes in the BBB will have to pass a 60 vote threshold to be included!!!! This is *excellent* news since that’s pretty unlikely in this day and age. 

Specifically affected (and now unlikely to pass!):

Student Aid Eligibility for Immigrant Students. This section removes federal student aid eligibility from certain immigrants who are not citizens. (Section 80001)

Loan Repayment Plans. This section establishes that beginning July 1, 2026, federal student loan borrowers will have only two repayment options: a standard plan with fixed payments over 10-25 years or a new income-based repayment (IBR) plan, Repayment Assistance Plan (RAP). These provisions cannot be applied to current borrowers under the Byrd Rule. (Section 82001)

Public Service Loan Forgiveness (PSLF) Updates. This section prohibits loan payments made while students are in medical or dental internships/residencies from qualifying for PSLF. (Section 82004(b))

",0.08559884559884562,0.460064935064935,neutral
medicalschool,1lj22na,What I wish I knew about money as a PGY-1,"The jump from MS-4 to intern means long hours, a new city and a first real paycheck. As a PGY-4, this is a quick primer on some financial things I wish I did during PGY-1.

Agree or disagree, you need to have a plan or those paychecks might evaporate!

...

1. **Decode your first pay stub** 
   * Know your gross vs. net, how much goes to federal/state taxes, Social Security/Medicare, and (if your hospital is unionized) dues. 
   * Build a ""zero‑based"" budget so every dollar has a job: rent, meal prep, loan payment, savings, fun. Apps like YNAB help automate it.
2. **Start (or top‑up) an emergency fund** 
   * Aim for one month of bare‑bones expenses by December and three months by the end of PGY‑1. High‑yield savings accounts are still paying about 4 percent in mid‑2025, so park the cash there.
3. **Tackle student loans early** 
   * SAVE is on hold: court rulings have paused new enrollment and placed current SAVE borrowers in interest‑free forbearance until at least fall 2025, leaving repayment rules in flux. 
   * While the dust settles, keep your servicer in the loop and recertify income when asked. If Public Service Loan Forgiveness is in your future, stay on a qualifying income‑driven plan (PAYE/ICR) and keep every 120‑payment receipt. 
   * Private refinancing can wait; federal protections are worth more than a slightly lower rate right now.
4. **Max free money, then invest** 
   * Contribute at least enough to capture any employer 403(b)/401(k) match. The 2025 employee contribution cap is $23,500. 
   * If you can save more, open a Roth IRA (limit $7,000) while your income (and tax bracket) is low. Once you're attending you likely will surpass the Roth income limit
   * No match? Consider directing extra dollars toward high‑interest debt first.
5. **Evaluate your benefits package** 
   * Health insurance: If you chose the high deductible plan, max the HSA ($4,300 for self / $8,550 family in 2025). It's ""triple‑tax‑advantaged""
   * Disability insurance: Buy an own‑occupation policy before any future medical issues raise premiums. It's best to do this during residency
   * Hospital perks: Meal stipends, scrub allowances, public‑transit subsidies are basically use them or lose them.
6. **Keep lifestyle creep in check** 
   * Easy to say, hard to do especially if you already renting above your means
   * Stay in a modest apartment (obv roommates help) b/c the ""live like a student"" mantra buys you flexibility later
7. **Kill high‑interest debt** 
   * Credit APRs are near 20 percent or more. Turn on autopay to pay off the balance every month 
   * Consider a cash back card for everyday expenses; set it to autopay in full to dodge late fees and build credit (some cards are now ""debit"" cards under the hood but help you build credit!)
8. **Track progress by rotation** 
   * At the end of each block, spend 15 minutes to look at and/or update your net worth (loans, savings, retirement balances)
   * Review spending categories (did nights wreck your DoorDash bill? I might be projecting here)
   * Adjust goals for the next block (for example, bump your Roth contribution).
9. **Plan for taxation** 
   * Set aside cash for possible state under withholding if you moonlight (moonlighting can push you into a higher tax bracket). 
   * Keep receipts for board exam fees and other fees that come from the job; some may be deductible under current IRS thresholds.

Residency is a marathon. Automate what you can, review regularly, and grant yourself grace when 28‑hour calls derail your budgeting. 

And it's ok to get yourself a sweet treat every once in a while :)

Good luck, you got this!",1750739939.0,/r/medicalschool/comments/1lj22na/what_i_wish_i_knew_about_money_as_a_pgy1/,the_md_for_md,https://www.reddit.com/r/medicalschool/comments/1lj22na/what_i_wish_i_knew_about_money_as_a_pgy1/,725,medical,"What I wish I knew about money as a PGY-1 The jump from MS-4 to intern means long hours, a new city and a first real paycheck. As a PGY-4, this is a quick primer on some financial things I wish I did during PGY-1.

Agree or disagree, you need to have a plan or those paychecks might evaporate!

...

1. **Decode your first pay stub** 
   * Know your gross vs. net, how much goes to federal/state taxes, Social Security/Medicare, and (if your hospital is unionized) dues. 
   * Build a ""zero‑based"" budget so every dollar has a job: rent, meal prep, loan payment, savings, fun. Apps like YNAB help automate it.
2. **Start (or top‑up) an emergency fund** 
   * Aim for one month of bare‑bones expenses by December and three months by the end of PGY‑1. High‑yield savings accounts are still paying about 4 percent in mid‑2025, so park the cash there.
3. **Tackle student loans early** 
   * SAVE is on hold: court rulings have paused new enrollment and placed current SAVE borrowers in interest‑free forbearance until at least fall 2025, leaving repayment rules in flux. 
   * While the dust settles, keep your servicer in the loop and recertify income when asked. If Public Service Loan Forgiveness is in your future, stay on a qualifying income‑driven plan (PAYE/ICR) and keep every 120‑payment receipt. 
   * Private refinancing can wait; federal protections are worth more than a slightly lower rate right now.
4. **Max free money, then invest** 
   * Contribute at least enough to capture any employer 403(b)/401(k) match. The 2025 employee contribution cap is $23,500. 
   * If you can save more, open a Roth IRA (limit $7,000) while your income (and tax bracket) is low. Once you're attending you likely will surpass the Roth income limit
   * No match? Consider directing extra dollars toward high‑interest debt first.
5. **Evaluate your benefits package** 
   * Health insurance: If you chose the high deductible plan, max the HSA ($4,300 for self / $8,550 family in 2025). It's ""triple‑tax‑advantaged""
   * Disability insurance: Buy an own‑occupation policy before any future medical issues raise premiums. It's best to do this during residency
   * Hospital perks: Meal stipends, scrub allowances, public‑transit subsidies are basically use them or lose them.
6. **Keep lifestyle creep in check** 
   * Easy to say, hard to do especially if you already renting above your means
   * Stay in a modest apartment (obv roommates help) b/c the ""live like a student"" mantra buys you flexibility later
7. **Kill high‑interest debt** 
   * Credit APRs are near 20 percent or more. Turn on autopay to pay off the balance every month 
   * Consider a cash back card for everyday expenses; set it to autopay in full to dodge late fees and build credit (some cards are now ""debit"" cards under the hood but help you build credit!)
8. **Track progress by rotation** 
   * At the end of each block, spend 15 minutes to look at and/or update your net worth (loans, savings, retirement balances)
   * Review spending categories (did nights wreck your DoorDash bill? I might be projecting here)
   * Adjust goals for the next block (for example, bump your Roth contribution).
9. **Plan for taxation** 
   * Set aside cash for possible state under withholding if you moonlight (moonlighting can push you into a higher tax bracket). 
   * Keep receipts for board exam fees and other fees that come from the job; some may be deductible under current IRS thresholds.

Residency is a marathon. Automate what you can, review regularly, and grant yourself grace when 28‑hour calls derail your budgeting. 

And it's ok to get yourself a sweet treat every once in a while :)

Good luck, you got this!",0.12986019445035837,0.38256931592997173,positive
medicalschool,1lb9czw,Senate HELP Committee Loan Proposals Will Harm Med School Students- Write Your Senators,"[From the CRFB](https://www.crfb.org/blogs/senate-help-committee-proposes-355-billion-offsets)\- Jun. 11, 2025, the Senate Health, Education, Labor, and Pensions (HELP) Committee released its part of the Senate reconciliation package, which estimates a savings of roughly **$355 billion** between fiscal year (FY) 2025 and 2034. These savings come from eliminating and limiting loans for graduate-level studies such as medical school.

&gt;They “estimate an additional $50 billion of savings from eliminating graduate PLUS loans and limiting borrowing in other loans. Specifically, the package limits graduate borrowing to $20,500 annually and $100,000 total for master’s students and $50,000 annually and $200,000 total for professional students (such as lawyers, doctors, or dentists). This differs from the House, which had $150,000 aggregate caps for professional students, and annual limits in the House bill were set at the program level.

&gt;The Senate also sets an aggregate cap on the amounts parents can borrow to $20,000 per year and $65,000 lifetime *per child,* whereas the House plan caps aggregate borrowing to $50,000 for all children of the parent. The Senate also leaves loan limits for undergraduates untouched (whereas the House allows for borrowing based on the typical cost of a given program of study) and does not include the House requirement that students borrow before parents. The Senate also retains Subsidized Stafford loans, which are repealed in the House for a savings of $20 billion.”

The median cost of attending medical school per the AAMC (public + living expenses) is $250,000–$300,000+. The proposed $200,000 cap leaves many students tens of thousands short. Eliminating Grad PLUS loans pushes students toward riskier private debt and those loans do not qualify for Public Service Loan Forgiveness (PSLF) or income-driven repayment. It disproportionately harms first-generation students, students from underrepresented racial/ethnic groups, and students without family financial support.

Workforce shortages will worsen if students can’t afford to attend. The AAMC projects a shortage of up to 86,000 physicians by 2036. Reducing access to medical education exacerbates healthcare gaps, especially in rural and underserved areas.

Their rationale for imposing borrowing caps is based on concerns that some graduate programs lead to degrees with limited earning potential, making it difficult for students to repay their loans. They also want to pressure institutions to control tuition inflation. While these are good intentions, the proposals will harm med school students and worsen the physician shortfall if modifications and carveouts aren't made.

Write your Congress members to ask for: 1. Exemptions or increased borrowing caps for medical, dental, and other high-cost programs. 2. Creation of a targeted federal supplemental loan for healthcare shortage fields. 3. Strengthening loan forgiveness programs like PSLF for graduates who serve in rural or underserved areas.

Here is a template for writing your legislator. Add your own personal story or make changes to make it your own. Form letters make less of an impact than personal ones.

Subject: Protect Access to Federal Loans for Medical Students

Dear \[Senator/Representative LAST NAME\],

I’m writing to urge you to protect access to federal student loans for medical students like myself. While I recognize the importance of addressing the national debt, the proposal to eliminate Grad PLUS loans and cap borrowing at $200,000 for professional students will prevent many future doctors, dentists, and other critical professionals from completing their education.

The average cost of attending medical school is well over $250,000, leaving students to cover tens of thousands in gaps with private loans that don’t offer the same protections as federal programs. This proposal disproportionately harms students from low-income families, underrepresented backgrounds, and rural areas.

The U.S. is already facing significant physician shortages. Restricting access to medical education will only deepen the crisis in underserved communities.

Please consider supporting:

* Exemptions or increased borrowing caps for medical, dental, and other high-cost programs.
* Creation of a targeted federal supplemental loan for healthcare shortage fields.
* Strengthening loan forgiveness programs like PSLF for graduates who serve in rural or underserved areas.

Thank you for your leadership and consideration on this issue.

Sincerely,  
\[Your Name\]  
\[Your School or Organization, if applicable\]  
\[Your City/State\]

 

",1749909577.0,/r/medicalschool/comments/1lb9czw/senate_help_committee_loan_proposals_will_harm/,FlexyZebra,https://www.reddit.com/r/medicalschool/comments/1lb9czw/senate_help_committee_loan_proposals_will_harm/,83,medical,"Senate HELP Committee Loan Proposals Will Harm Med School Students- Write Your Senators [From the CRFB](https://www.crfb.org/blogs/senate-help-committee-proposes-355-billion-offsets)\- Jun. 11, 2025, the Senate Health, Education, Labor, and Pensions (HELP) Committee released its part of the Senate reconciliation package, which estimates a savings of roughly **$355 billion** between fiscal year (FY) 2025 and 2034. These savings come from eliminating and limiting loans for graduate-level studies such as medical school.

&gt;They “estimate an additional $50 billion of savings from eliminating graduate PLUS loans and limiting borrowing in other loans. Specifically, the package limits graduate borrowing to $20,500 annually and $100,000 total for master’s students and $50,000 annually and $200,000 total for professional students (such as lawyers, doctors, or dentists). This differs from the House, which had $150,000 aggregate caps for professional students, and annual limits in the House bill were set at the program level.

&gt;The Senate also sets an aggregate cap on the amounts parents can borrow to $20,000 per year and $65,000 lifetime *per child,* whereas the House plan caps aggregate borrowing to $50,000 for all children of the parent. The Senate also leaves loan limits for undergraduates untouched (whereas the House allows for borrowing based on the typical cost of a given program of study) and does not include the House requirement that students borrow before parents. The Senate also retains Subsidized Stafford loans, which are repealed in the House for a savings of $20 billion.”

The median cost of attending medical school per the AAMC (public + living expenses) is $250,000–$300,000+. The proposed $200,000 cap leaves many students tens of thousands short. Eliminating Grad PLUS loans pushes students toward riskier private debt and those loans do not qualify for Public Service Loan Forgiveness (PSLF) or income-driven repayment. It disproportionately harms first-generation students, students from underrepresented racial/ethnic groups, and students without family financial support.

Workforce shortages will worsen if students can’t afford to attend. The AAMC projects a shortage of up to 86,000 physicians by 2036. Reducing access to medical education exacerbates healthcare gaps, especially in rural and underserved areas.

Their rationale for imposing borrowing caps is based on concerns that some graduate programs lead to degrees with limited earning potential, making it difficult for students to repay their loans. They also want to pressure institutions to control tuition inflation. While these are good intentions, the proposals will harm med school students and worsen the physician shortfall if modifications and carveouts aren't made.

Write your Congress members to ask for: 1. Exemptions or increased borrowing caps for medical, dental, and other high-cost programs. 2. Creation of a targeted federal supplemental loan for healthcare shortage fields. 3. Strengthening loan forgiveness programs like PSLF for graduates who serve in rural or underserved areas.

Here is a template for writing your legislator. Add your own personal story or make changes to make it your own. Form letters make less of an impact than personal ones.

Subject: Protect Access to Federal Loans for Medical Students

Dear \[Senator/Representative LAST NAME\],

I’m writing to urge you to protect access to federal student loans for medical students like myself. While I recognize the importance of addressing the national debt, the proposal to eliminate Grad PLUS loans and cap borrowing at $200,000 for professional students will prevent many future doctors, dentists, and other critical professionals from completing their education.

The average cost of attending medical school is well over $250,000, leaving students to cover tens of thousands in gaps with private loans that don’t offer the same protections as federal programs. This proposal disproportionately harms students from low-income families, underrepresented backgrounds, and rural areas.

The U.S. is already facing significant physician shortages. Restricting access to medical education will only deepen the crisis in underserved communities.

Please consider supporting:

* Exemptions or increased borrowing caps for medical, dental, and other high-cost programs.
* Creation of a targeted federal supplemental loan for healthcare shortage fields.
* Strengthening loan forgiveness programs like PSLF for graduates who serve in rural or underserved areas.

Thank you for your leadership and consideration on this issue.

Sincerely,  
\[Your Name\]  
\[Your School or Organization, if applicable\]  
\[Your City/State\]

 

",0.04723719676549865,0.3258086253369273,neutral
medicalschool,1knm17t,Bad step 2 score. Feeling disheartened,"Hello!

I’m a USMD student and I got my step 2 score back yesterday and feeling disheartened with my 238 on the real deal. I was expecting more mid 240s. I’m super interested in neurology and really REALLY want to match at my home program where my partner is completing his PhD.

For clerkships, I have had all high passes except for neuro and peds which I’ve honored.

For ECs, pretty diverse, a little bit of medical humanities, a little bit of research, one oral presentation at a conference, a project on neurological health disparities, and an asylum clinic leadership position.

I’m only interested in matching on the west coast to be near my SO.

I’m also considering child neuro as well.. wondering which specialty is more forgiving of a low step 2 score?

How much will this score set me back? What else can I do to beef up my chances of matching where I want?",1747350132.0,/r/medicalschool/comments/1knm17t/bad_step_2_score_feeling_disheartened/,looksgoodingreen,https://www.reddit.com/r/medicalschool/comments/1knm17t/bad_step_2_score_feeling_disheartened/,49,medical,"Bad step 2 score. Feeling disheartened Hello!

I’m a USMD student and I got my step 2 score back yesterday and feeling disheartened with my 238 on the real deal. I was expecting more mid 240s. I’m super interested in neurology and really REALLY want to match at my home program where my partner is completing his PhD.

For clerkships, I have had all high passes except for neuro and peds which I’ve honored.

For ECs, pretty diverse, a little bit of medical humanities, a little bit of research, one oral presentation at a conference, a project on neurological health disparities, and an asylum clinic leadership position.

I’m only interested in matching on the west coast to be near my SO.

I’m also considering child neuro as well.. wondering which specialty is more forgiving of a low step 2 score?

How much will this score set me back? What else can I do to beef up my chances of matching where I want?",0.08466666666666668,0.4136666666666667,neutral
medicalschool,1kdgkgv,Suggestions for Anatomy &amp; Physiology textbooks?,"Hi all, forgive me if this isn’t really a good place to ask. I’m actually in college for animation and am an artist outside of school as well. Doing life drawings and anatomy studies frequently has kind of rekindled an old passion I had for Anatomy &amp; Physiology before I chose this career, and want to study it again in whatever free time I can scrounge up. I thought it would be a good idea to ask those who probably have more experienced opinions (and I find it difficult to trust any top results on search engines nowadays..) 

For additional context: I do already have a basic understanding of stuff, so like, “for dummies” wouldn’t really cut it lol. 

Thanks! 
",1746233158.0,/r/medicalschool/comments/1kdgkgv/suggestions_for_anatomy_physiology_textbooks/,BigIkesmcYikes,https://www.reddit.com/r/medicalschool/comments/1kdgkgv/suggestions_for_anatomy_physiology_textbooks/,3,medical,"Suggestions for Anatomy &amp; Physiology textbooks? Hi all, forgive me if this isn’t really a good place to ask. I’m actually in college for animation and am an artist outside of school as well. Doing life drawings and anatomy studies frequently has kind of rekindled an old passion I had for Anatomy &amp; Physiology before I chose this career, and want to study it again in whatever free time I can scrounge up. I thought it would be a good idea to ask those who probably have more experienced opinions (and I find it difficult to trust any top results on search engines nowadays..) 

For additional context: I do already have a basic understanding of stuff, so like, “for dummies” wouldn’t really cut it lol. 

Thanks! 
",0.32187499999999997,0.4796875000000001,positive
medicalschool,1k0qhrx,Pediatrics vs IM,"I am a visa-requiring IMG (YOG: 2019) with a Master’s in International Health Management, no gaps, and continuous clinical experience in my home country.  
Given how competitive Internal Medicine is becoming for old, visa-requiring IMGs, I’m considering shifting my application to Pediatrics.  
Pediatrics seems more forgiving toward older graduates, and the environment appears more welcoming and friendly.  
I don’t have a particular preference between IM and Pediatrics, as I believe I would excel in both. My main concern is securing a match.

What would you do if you were in my shoes—stick with IM or pivot to Pediatrics? I’d love to hear your reasoning and experiences",1744825301.0,/r/medicalschool/comments/1k0qhrx/pediatrics_vs_im/,S_amhouri_95,https://www.reddit.com/r/medicalschool/comments/1k0qhrx/pediatrics_vs_im/,5,medical,"Pediatrics vs IM I am a visa-requiring IMG (YOG: 2019) with a Master’s in International Health Management, no gaps, and continuous clinical experience in my home country.  
Given how competitive Internal Medicine is becoming for old, visa-requiring IMGs, I’m considering shifting my application to Pediatrics.  
Pediatrics seems more forgiving toward older graduates, and the environment appears more welcoming and friendly.  
I don’t have a particular preference between IM and Pediatrics, as I believe I would excel in both. My main concern is securing a match.

What would you do if you were in my shoes—stick with IM or pivot to Pediatrics? I’d love to hear your reasoning and experiences",0.2659090909090909,0.3772727272727273,positive
medicalschool,1js2vyu,Ran into some scum medical student,"I’m an attending at a large academic hospital (orthopedic surgery by the way). I was walking in the hallway when suddenly some scum medical student was standing in the middle of the hallway staring straight down at their notes, completely oblivious to their surroundings. I quickly sized up the student, and I quickly computed their bench press to be a pathetic sub 225. I knew I had to assert my dominance over the little scrawny twerp.

I proceeded to run into the student and watched as they crumpled to the ground. The student looked up in horror, and instead of standing up for themselves, they profusely apologized as I towered above them. I had never seen anything more pathetic in my life. “I’m so sorry, I’m so sorry I didn’t see you there”. 

I sneered. “You didn’t see me? I’m 6’3”, 240, and wearing a Patagonia vest embroidered with Chief of Ortho. I’m not exactly inconspicuous.”

The student scrambled to gather their papers, hands shaking, probably wondering if their future just ended in a pile of looseleaf and shame. I looked down at the crumpled printout—some pathetic attempt at learning the rotator cuff muscles. I scoffed.

“You misspelled infraspinatus,” I said, crushing what little spirit they had left.

They stammered something—probably a desperate plea for forgiveness or a last-ditch effort to salvage their eval. I don’t remember. I was already walking away, dictating op notes in my head and wondering if this kid would even survive a week on trauma call.

But just before turning the corner, I paused. I turned slightly, just enough so they could hear me:

“Next time, eyes up, kid.”",1743857970.0,/r/medicalschool/comments/1js2vyu/ran_into_some_scum_medical_student/,succulent-salamander,https://www.reddit.com/r/medicalschool/comments/1js2vyu/ran_into_some_scum_medical_student/,655,medical,"Ran into some scum medical student I’m an attending at a large academic hospital (orthopedic surgery by the way). I was walking in the hallway when suddenly some scum medical student was standing in the middle of the hallway staring straight down at their notes, completely oblivious to their surroundings. I quickly sized up the student, and I quickly computed their bench press to be a pathetic sub 225. I knew I had to assert my dominance over the little scrawny twerp.

I proceeded to run into the student and watched as they crumpled to the ground. The student looked up in horror, and instead of standing up for themselves, they profusely apologized as I towered above them. I had never seen anything more pathetic in my life. “I’m so sorry, I’m so sorry I didn’t see you there”. 

I sneered. “You didn’t see me? I’m 6’3”, 240, and wearing a Patagonia vest embroidered with Chief of Ortho. I’m not exactly inconspicuous.”

The student scrambled to gather their papers, hands shaking, probably wondering if their future just ended in a pile of looseleaf and shame. I looked down at the crumpled printout—some pathetic attempt at learning the rotator cuff muscles. I scoffed.

“You misspelled infraspinatus,” I said, crushing what little spirit they had left.

They stammered something—probably a desperate plea for forgiveness or a last-ditch effort to salvage their eval. I don’t remember. I was already walking away, dictating op notes in my head and wondering if this kid would even survive a week on trauma call.

But just before turning the corner, I paused. I turned slightly, just enough so they could hear me:

“Next time, eyes up, kid.”",-0.1321556579621096,0.44025857654889916,negative
medicalschool,1jhb31s,PSLF is safe with a catch..,"https://www.whitehouse.gov/presidential-actions/2025/03/restoring-public-service-loan-forgiveness/

Trump admin has announced that PSLF isn’t going away, but they are making sure that funds don’t go to terrorists. In their definitions of who will be excluded, they included organizations that promote child abuse. They went on to state that anything that has to do with transgender care for minors, including puberty blockers, is child abuse, and therefore terrorism. Not only will you not be eligible for PSLF if your organization gives transgender care for minors, it appears you will not be eligible if your state allows any organization to do it. 

Even if you are anti-transgender care or don’t care about PSLF or are pro life or whatever it is where you might have possibly been dismissing his actions as fine, this should really fucking scare you. He just put practicing medicine next to terrorism. That’s not a slippery slope, that is a 90 degree cliff face made of ice and crisco. Moving from losing PSLF to facing federal charges is not a big step with these definitions. And facing charges as a terrorist… this is the scariest thing they have done yet. ",1742657564.0,/r/medicalschool/comments/1jhb31s/pslf_is_safe_with_a_catch/,FrequentlyRushingMan,https://www.reddit.com/r/medicalschool/comments/1jhb31s/pslf_is_safe_with_a_catch/,419,medical,"PSLF is safe with a catch.. https://www.whitehouse.gov/presidential-actions/2025/03/restoring-public-service-loan-forgiveness/

Trump admin has announced that PSLF isn’t going away, but they are making sure that funds don’t go to terrorists. In their definitions of who will be excluded, they included organizations that promote child abuse. They went on to state that anything that has to do with transgender care for minors, including puberty blockers, is child abuse, and therefore terrorism. Not only will you not be eligible for PSLF if your organization gives transgender care for minors, it appears you will not be eligible if your state allows any organization to do it. 

Even if you are anti-transgender care or don’t care about PSLF or are pro life or whatever it is where you might have possibly been dismissing his actions as fine, this should really fucking scare you. He just put practicing medicine next to terrorism. That’s not a slippery slope, that is a 90 degree cliff face made of ice and crisco. Moving from losing PSLF to facing federal charges is not a big step with these definitions. And facing charges as a terrorist… this is the scariest thing they have done yet. ",0.10208333333333335,0.5986111111111111,positive
medicalschool,1j8z7tt,"starting residency, federal loan repayment advice","hi all

starting residency this summer, next week is my last week as a student. originally planning to do IM -&gt; primary care, with the intention of pursuing a PSLF career pathway. 

I am concerned about the fidelity of PSLF. i understand that I signed a promissory note for my federal loans guaranteeing PSLF. That said, I see that the federal government is already finding ways to gut PSLF (e.g. changing eligibility requirements). I fear that the government will approach the DOE similarly to other agencies by cutting the workforce down to a point that it will take years after the current administration's rule to recoup workforce and institutional knowledge to catch up on PSLF loan forgiveness applications.

With this in mind, my question is, do I make IDR minimums in residency in order to preserve some quality of life *or* should I maximize my loan payment and cut out as much discretionary spending with the intention of paying down my loans quicker? 

  
What approaches are other incoming interns planning to take? Particularly interested in hearing from those going into careers with less earning potential.

Thanks &lt;3 ",1741721175.0,/r/medicalschool/comments/1j8z7tt/starting_residency_federal_loan_repayment_advice/,saltybinch,https://www.reddit.com/r/medicalschool/comments/1j8z7tt/starting_residency_federal_loan_repayment_advice/,18,medical,"starting residency, federal loan repayment advice hi all

starting residency this summer, next week is my last week as a student. originally planning to do IM -&gt; primary care, with the intention of pursuing a PSLF career pathway. 

I am concerned about the fidelity of PSLF. i understand that I signed a promissory note for my federal loans guaranteeing PSLF. That said, I see that the federal government is already finding ways to gut PSLF (e.g. changing eligibility requirements). I fear that the government will approach the DOE similarly to other agencies by cutting the workforce down to a point that it will take years after the current administration's rule to recoup workforce and institutional knowledge to catch up on PSLF loan forgiveness applications.

With this in mind, my question is, do I make IDR minimums in residency in order to preserve some quality of life *or* should I maximize my loan payment and cut out as much discretionary spending with the intention of paying down my loans quicker? 

  
What approaches are other incoming interns planning to take? Particularly interested in hearing from those going into careers with less earning potential.

Thanks &lt;3 ",0.005718954248366014,0.35947712418300654,neutral
medicalschool,1j7y879,I think this administration broke my med school dream,"Well, I was supposed to start a DO program this summer. I am a non read and I've been working towards this for a long time. Have two little kids.

My dream was a relaxed family med outpatient practice. Wanted to be able to support my family and not work crazy hours.

Here's the issue. Federal loans are sitting at 9% interest right now. If I take out enough to live on and cover tuition, then forbesr my loans during residency, I'll come out with over half a million dollars in debt.

The only way this makes sense with family med money would be if I can do IBR and ideally qualify for public loan service forgiveness. 

IBR does not exist anymore, and PLSF is being damaged. 

I don't think I can put my family through the rigours of med school to come out owing so much that my paycheck won't look much different than it doesn't not for 10 years. 

I could go for a higher paying specialty, but I am nervous about it with little kids.

I think maybe this just doesn't make sense for me anymore.",1741612205.0,/r/medicalschool/comments/1j7y879/i_think_this_administration_broke_my_med_school/,Strange_Inspector_43,https://www.reddit.com/r/medicalschool/comments/1j7y879/i_think_this_administration_broke_my_med_school/,526,medical,"I think this administration broke my med school dream Well, I was supposed to start a DO program this summer. I am a non read and I've been working towards this for a long time. Have two little kids.

My dream was a relaxed family med outpatient practice. Wanted to be able to support my family and not work crazy hours.

Here's the issue. Federal loans are sitting at 9% interest right now. If I take out enough to live on and cover tuition, then forbesr my loans during residency, I'll come out with over half a million dollars in debt.

The only way this makes sense with family med money would be if I can do IBR and ideally qualify for public loan service forgiveness. 

IBR does not exist anymore, and PLSF is being damaged. 

I don't think I can put my family through the rigours of med school to come out owing so much that my paycheck won't look much different than it doesn't not for 10 years. 

I could go for a higher paying specialty, but I am nervous about it with little kids.

I think maybe this just doesn't make sense for me anymore.",0.07202741702741704,0.5329365079365079,neutral
medicalschool,1j1wn7x,Help Me Fight Against the End of IDR,"Hello everyone, I have written a bit of an opinion-piece that I hope to turn into a petition for current medical students and residents to voice our deep dissatisfaction with the current administration's encroachment on IDR and Federal Loans. Looking for feedback before circulating as a petition and contacting my state's attorney general. I know this is a small move, but I can't sit by and do nothing. Thanks:

The federal student loan program was created in 1965 to tackle the high cost of secondary and graduate education in the United States. In 1992, Congress approved **Income Contingent Repayment (ICR)** (20 USC 1087e), which allowed for borrowers to have their student loan payments determined by their income – no more than 20% of discretionary income – and offered loan forgiveness after 25 years of monthly payments. This is applicable to Direct Subsidized and Unsubsidized Loans, Direct Consolidation Loans, and Direct PLUS loans (taken out by professional and graduate students). At that time, the median annual cost for 4-year tuition and fees for medical school was US$6,740 and US$18,365, respectively^(1).

 In 2009, **Income Based Repayment (IBR)** became available and set monthly payments at 15% of discretionary income, defined as (Borrower’s Gross Income) – (150% of the poverty guidance relevant for the borrower) and retained loan forgiveness after 25 years of repayment. **IBR2** became law in 2010, although it was not available until 2014, through the Student Aid and Fiscal Responsibility Act. This law reduced the monthly payment to 10% of discretionary income and loan forgiveness after 20 years of payments. **Pay As You Earn (PAYE)** became available in 2012, and closely mirrored IBR2 with some additional stipulations and benefits. A similar plan, **Revised Pay As You Earn (REPAYE)**, was introduced in 2015 with some additional benefits on top of PAYE. The **Save on Valuable Education (SAVE)** plan was rolled out in August, 2023. It reduced the monthly payment to 5% of discretionary income beginning in July, 2024, and included repayment timelines of 20 and 25 years for undergraduate and graduate borrowers, respectively. There are additional benefits in SAVE for low income earners and those with large families with the increased income exemption to 225%. 

**Public Service Loan Forgiveness (PSLF)** was introduced by the Bush administration in 2007. Although the first 10 years of the program’s rollout was fraught with issues that limited its effectiveness, fixes such as the Employer Certification Form have made this an essential program for future physicians. PSLF allows those who work full-time in public service (U.S.-based government organizations at any level, 501(c)(3) organizations, and other not-for-profit organizations) to make a total of 120 qualifying, nonconsecutive payments under an income driven repayment plan (SAVE, PAYE, IBR, ICR). 

The following is a direct line from the Master Promissory Note for Direct Subsidized and Unsubsidized Loans, as well as Direct PLUS Loans:

·      **Public Service Loan Forgiveness**

·      A Public Service Loan Forgiveness (PSLF) program is also available. Under this program, we will forgive the remaining balance due on your Direct Loans after you have made 120 payments (after October 1, 2007) on those loans under certain repayment plans while you are employed full-time by a qualifying employer. The required 120 payments do not have to be consecutive. Qualifying repayment plans include the REPAYE Plan, the PAYE Plan, the IBR Plan, the ICR Plan, and the Standard Repayment Plan with a 10-year repayment period.

·      **Note:** Although the Standard Repayment Plan with a 10-year repayment period is a qualifying repayment plan for PSLF, to receive any loan forgiveness under this program you must enter the REPAYE Plan, the PAYE Plan, the IBR Plan, or the ICR Plan, and make the majority of the 120 payments under one of those plans.

In spring 2024, a federal court issued an injunction from fully implementing the SAVE plan. In July 2024, the 8^(th) circuit court of appeals blocked the SAVE plan in its entirety, placing those already in the program in interest-free forbearance. On February 18^(th), 2025, this same court upheld the injunction for the SAVE plan. The Trump administration has also blocked processing of PAYE and ICR plans as well. **At this time, the Department of Education has removed online applications to apply for federal Direct consolidation loans and income based repayment plans and are forced to pay the standardized repayment plan cost.** This is in direct conflict with the Master Promissory Note for each loan, which is signed each time a loan is taken out, and specifically states that our loans are eligible for PSLF, which requires that most payments must be completed under income driven repayment plans (REPAYE, PAYE, IBR, or ICR). 

I will use myself as an example of the seriousness of this issue. I am a rising intern, starting work in July. Interns and residents are expected to work up to 80 hours per week. Using an $80,000 per year salary for a resident (which is quite conservative) and $310,000 in unsubsidized federal loans (which were accrued over 4 years at a state school and included cost-of-living loans), my monthly payment on SAVE would be $384/month; on IBR would be $478/month; and on standard repayment plan would be $3,649/month. Under the current tax code, my take home salary would be $4,748/month in Massachusetts. These numbers will change with salary as residents move to become an attending but, under income drive repayment plans, that monthly payment will never exceed the monthly standard repayment plan. After 120 nonconsecutive payments on an income drive repayment plan, the remainder of the balance of my loans would be forgiven tax-free. This example underlines how crucial these income driven repayment plans are for residents in particular. While Massachusetts is a high cost of living state, the public and private medical school total cost of attendance in 2024 across the country was $60,000/year for in-state students and $90,000/year for private institutions, including tuition, fees, and living expenses. Thus, $310,000 in loans, including interest accrued during school, is typical. Furthermore, the salaries for residents in lower-cost of living states are generally lower as well. 

In 2024, the average annual cost of public and private medical school tuition and fees were US$53,485 and US$67,950, respectively^(3). This represents a 694.2% increase in public school costs and 270.5% increase in private school costs, while inflation over the same period is about 124% based on Consumer Price Index, using the Federal Reserve Bank inflation calculator. In 1992, physician average income was $177,400^(4). In 2024, that number was $363,000, although there has always been a wide range of salaries depending on specialty and location across the country^(5). This represents a 104.7% increase between those two timepoints. 

The 2024 physician compensation report projects a shortage of physicians in 2034 that could be as high as 124,000, including 17,800-48,000 deficit in primary care, 16,800 medical specialists, and 13,900 surgeons. The high cost of medical education is frequently cited as one of the biggest barriers to increasing the number of physicians. In addition, the increasing cuts to public insurance (Medicaid and Medicare) and increasing number of insurance claim denials by private insurers will continue to cut into physician salaries, particularly those in primary care. How do we expect to adequately treat an increasingly older and more complex population when we disincentivize future physicians from following this career path? How are young physicians going to be expected to pay for this massive and unexpected increase repayment burden on low salaries for 80 hours of work per week? How do we expect to support public healthcare institutions and public service if there is no more incentive as young physicians will ultimately pursue private medicine just to pay their loans?

 

1: Verduin, M.L., Balon, R., Coverdale, J.H. *et al.* The Rising Cost of Medical Education and Its Significance for (Not Only) Psychiatry. *Acad Psychiatry* **38**, 305–308 (2014). [https://doi.org/10.1007/s40596-014-0118-7](https://doi.org/10.1007/s40596-014-0118-7)

2: Student Borrower Protection Center. (2021). *Driving down distress: How student debt exacerbates financial hardship and limits economic mobility*. Student Borrower Protection Center. [https://protectborrowers.org/wp-content/uploads/2021/09/Driving-Down-Distress.pdf](https://protectborrowers.org/wp-content/uploads/2021/09/Driving-Down-Distress.pdf)

3: Hanson, Melanie. “Average Cost of Medical School” [EducationData.org](http://EducationData.org), November 9, 2024. [https://educationdata.org/average-cost-of-medical-school](https://educationdata.org/average-cost-of-medical-school)

4: Los Angeles Times. (1994, February 13). Average income for physicians $177,400. *Los Angeles Times*. [https://www.latimes.com/archives/la-xpm-1994-02-13-mn-22285-story.html](https://www.latimes.com/archives/la-xpm-1994-02-13-mn-22285-story.html)

5: Medscape. (2024, March 1). *2024 physician compensation report*. Medscape. [https://www.medscape.com/slideshow/2024-compensation-overview-6017073](https://www.medscape.com/slideshow/2024-compensation-overview-6017073)",1740937626.0,/r/medicalschool/comments/1j1wn7x/help_me_fight_against_the_end_of_idr/,zammitti,https://www.reddit.com/r/medicalschool/comments/1j1wn7x/help_me_fight_against_the_end_of_idr/,1,medical,"Help Me Fight Against the End of IDR Hello everyone, I have written a bit of an opinion-piece that I hope to turn into a petition for current medical students and residents to voice our deep dissatisfaction with the current administration's encroachment on IDR and Federal Loans. Looking for feedback before circulating as a petition and contacting my state's attorney general. I know this is a small move, but I can't sit by and do nothing. Thanks:

The federal student loan program was created in 1965 to tackle the high cost of secondary and graduate education in the United States. In 1992, Congress approved **Income Contingent Repayment (ICR)** (20 USC 1087e), which allowed for borrowers to have their student loan payments determined by their income – no more than 20% of discretionary income – and offered loan forgiveness after 25 years of monthly payments. This is applicable to Direct Subsidized and Unsubsidized Loans, Direct Consolidation Loans, and Direct PLUS loans (taken out by professional and graduate students). At that time, the median annual cost for 4-year tuition and fees for medical school was US$6,740 and US$18,365, respectively^(1).

 In 2009, **Income Based Repayment (IBR)** became available and set monthly payments at 15% of discretionary income, defined as (Borrower’s Gross Income) – (150% of the poverty guidance relevant for the borrower) and retained loan forgiveness after 25 years of repayment. **IBR2** became law in 2010, although it was not available until 2014, through the Student Aid and Fiscal Responsibility Act. This law reduced the monthly payment to 10% of discretionary income and loan forgiveness after 20 years of payments. **Pay As You Earn (PAYE)** became available in 2012, and closely mirrored IBR2 with some additional stipulations and benefits. A similar plan, **Revised Pay As You Earn (REPAYE)**, was introduced in 2015 with some additional benefits on top of PAYE. The **Save on Valuable Education (SAVE)** plan was rolled out in August, 2023. It reduced the monthly payment to 5% of discretionary income beginning in July, 2024, and included repayment timelines of 20 and 25 years for undergraduate and graduate borrowers, respectively. There are additional benefits in SAVE for low income earners and those with large families with the increased income exemption to 225%. 

**Public Service Loan Forgiveness (PSLF)** was introduced by the Bush administration in 2007. Although the first 10 years of the program’s rollout was fraught with issues that limited its effectiveness, fixes such as the Employer Certification Form have made this an essential program for future physicians. PSLF allows those who work full-time in public service (U.S.-based government organizations at any level, 501(c)(3) organizations, and other not-for-profit organizations) to make a total of 120 qualifying, nonconsecutive payments under an income driven repayment plan (SAVE, PAYE, IBR, ICR). 

The following is a direct line from the Master Promissory Note for Direct Subsidized and Unsubsidized Loans, as well as Direct PLUS Loans:

·      **Public Service Loan Forgiveness**

·      A Public Service Loan Forgiveness (PSLF) program is also available. Under this program, we will forgive the remaining balance due on your Direct Loans after you have made 120 payments (after October 1, 2007) on those loans under certain repayment plans while you are employed full-time by a qualifying employer. The required 120 payments do not have to be consecutive. Qualifying repayment plans include the REPAYE Plan, the PAYE Plan, the IBR Plan, the ICR Plan, and the Standard Repayment Plan with a 10-year repayment period.

·      **Note:** Although the Standard Repayment Plan with a 10-year repayment period is a qualifying repayment plan for PSLF, to receive any loan forgiveness under this program you must enter the REPAYE Plan, the PAYE Plan, the IBR Plan, or the ICR Plan, and make the majority of the 120 payments under one of those plans.

In spring 2024, a federal court issued an injunction from fully implementing the SAVE plan. In July 2024, the 8^(th) circuit court of appeals blocked the SAVE plan in its entirety, placing those already in the program in interest-free forbearance. On February 18^(th), 2025, this same court upheld the injunction for the SAVE plan. The Trump administration has also blocked processing of PAYE and ICR plans as well. **At this time, the Department of Education has removed online applications to apply for federal Direct consolidation loans and income based repayment plans and are forced to pay the standardized repayment plan cost.** This is in direct conflict with the Master Promissory Note for each loan, which is signed each time a loan is taken out, and specifically states that our loans are eligible for PSLF, which requires that most payments must be completed under income driven repayment plans (REPAYE, PAYE, IBR, or ICR). 

I will use myself as an example of the seriousness of this issue. I am a rising intern, starting work in July. Interns and residents are expected to work up to 80 hours per week. Using an $80,000 per year salary for a resident (which is quite conservative) and $310,000 in unsubsidized federal loans (which were accrued over 4 years at a state school and included cost-of-living loans), my monthly payment on SAVE would be $384/month; on IBR would be $478/month; and on standard repayment plan would be $3,649/month. Under the current tax code, my take home salary would be $4,748/month in Massachusetts. These numbers will change with salary as residents move to become an attending but, under income drive repayment plans, that monthly payment will never exceed the monthly standard repayment plan. After 120 nonconsecutive payments on an income drive repayment plan, the remainder of the balance of my loans would be forgiven tax-free. This example underlines how crucial these income driven repayment plans are for residents in particular. While Massachusetts is a high cost of living state, the public and private medical school total cost of attendance in 2024 across the country was $60,000/year for in-state students and $90,000/year for private institutions, including tuition, fees, and living expenses. Thus, $310,000 in loans, including interest accrued during school, is typical. Furthermore, the salaries for residents in lower-cost of living states are generally lower as well. 

In 2024, the average annual cost of public and private medical school tuition and fees were US$53,485 and US$67,950, respectively^(3). This represents a 694.2% increase in public school costs and 270.5% increase in private school costs, while inflation over the same period is about 124% based on Consumer Price Index, using the Federal Reserve Bank inflation calculator. In 1992, physician average income was $177,400^(4). In 2024, that number was $363,000, although there has always been a wide range of salaries depending on specialty and location across the country^(5). This represents a 104.7% increase between those two timepoints. 

The 2024 physician compensation report projects a shortage of physicians in 2034 that could be as high as 124,000, including 17,800-48,000 deficit in primary care, 16,800 medical specialists, and 13,900 surgeons. The high cost of medical education is frequently cited as one of the biggest barriers to increasing the number of physicians. In addition, the increasing cuts to public insurance (Medicaid and Medicare) and increasing number of insurance claim denials by private insurers will continue to cut into physician salaries, particularly those in primary care. How do we expect to adequately treat an increasingly older and more complex population when we disincentivize future physicians from following this career path? How are young physicians going to be expected to pay for this massive and unexpected increase repayment burden on low salaries for 80 hours of work per week? How do we expect to support public healthcare institutions and public service if there is no more incentive as young physicians will ultimately pursue private medicine just to pay their loans?

 

1: Verduin, M.L., Balon, R., Coverdale, J.H. *et al.* The Rising Cost of Medical Education and Its Significance for (Not Only) Psychiatry. *Acad Psychiatry* **38**, 305–308 (2014). [https://doi.org/10.1007/s40596-014-0118-7](https://doi.org/10.1007/s40596-014-0118-7)

2: Student Borrower Protection Center. (2021). *Driving down distress: How student debt exacerbates financial hardship and limits economic mobility*. Student Borrower Protection Center. [https://protectborrowers.org/wp-content/uploads/2021/09/Driving-Down-Distress.pdf](https://protectborrowers.org/wp-content/uploads/2021/09/Driving-Down-Distress.pdf)

3: Hanson, Melanie. “Average Cost of Medical School” [EducationData.org](http://EducationData.org), November 9, 2024. [https://educationdata.org/average-cost-of-medical-school](https://educationdata.org/average-cost-of-medical-school)

4: Los Angeles Times. (1994, February 13). Average income for physicians $177,400. *Los Angeles Times*. [https://www.latimes.com/archives/la-xpm-1994-02-13-mn-22285-story.html](https://www.latimes.com/archives/la-xpm-1994-02-13-mn-22285-story.html)

5: Medscape. (2024, March 1). *2024 physician compensation report*. Medscape. [https://www.medscape.com/slideshow/2024-compensation-overview-6017073](https://www.medscape.com/slideshow/2024-compensation-overview-6017073)",0.03768366343587583,0.3303104368591094,neutral
medicalschool,1iyuctj,Welp.,,1740594224.0,/r/medicalschool/comments/1iyuctj/welp/,ArcadiaBayOregon,https://i.redd.it/czr0nv0a0jle1.jpeg,772,medical,Welp. ,0.0,0.0,neutral
medicalschool,1isrluc,The hits keep coming,"Today, a federal judge ended any hope of the SAVE plan from going back into effect. Since the DOJ would need to appeal the decision and has already announced that they will not, this is the end of SAVE. Rumor is that a generic income based repayment plan will take its place (and the place of any other IBR plans). Of course, that one will have higher percentage for max payment and there will be no forgiveness attached to it. 

Anyone have bets on what tomorrow will bring? When are all the supporters going to grow tired of constantly having a leopard eat their fucking faces?

Edit: I just added the word fucking above. When I first wrote the post it had it in there but then I deleted it to because I didn’t want the post to be offensive to anyone, but fuck that. This should be offensive. 

Edit 2: the joke is: *woman shows surprise and hurt feelings when shortly after voting for the “face-eating-leopards party”, a leopard ate her face.* except it’s really not a joke anymore is it

https://www.cnbc.com/amp/2025/02/18/us-appeals-court-blocks-biden-save-plan-for-student-loans.html",1739923881.0,/r/medicalschool/comments/1isrluc/the_hits_keep_coming/,FrequentlyRushingMan,https://www.reddit.com/r/medicalschool/comments/1isrluc/the_hits_keep_coming/,408,medical,"The hits keep coming Today, a federal judge ended any hope of the SAVE plan from going back into effect. Since the DOJ would need to appeal the decision and has already announced that they will not, this is the end of SAVE. Rumor is that a generic income based repayment plan will take its place (and the place of any other IBR plans). Of course, that one will have higher percentage for max payment and there will be no forgiveness attached to it. 

Anyone have bets on what tomorrow will bring? When are all the supporters going to grow tired of constantly having a leopard eat their fucking faces?

Edit: I just added the word fucking above. When I first wrote the post it had it in there but then I deleted it to because I didn’t want the post to be offensive to anyone, but fuck that. This should be offensive. 

Edit 2: the joke is: *woman shows surprise and hurt feelings when shortly after voting for the “face-eating-leopards party”, a leopard ate her face.* except it’s really not a joke anymore is it

https://www.cnbc.com/amp/2025/02/18/us-appeals-court-blocks-biden-save-plan-for-student-loans.html",-0.09375,0.35347222222222224,neutral
medicalschool,1ikr7c1,Changes coming for public loan service foregiveness,"Changes to education loans

The Ways and Means obtained by Politico and outlines proposed federal spending cuts. Some of the relevant items for this group:

1) Elimination of Parent Plus loans by July 1, 2025
2) Limits on unsubsidized federal student loans by July 1, 2025
3) Elimination of tax exemption for scholarships and fellowships 
4)Change in formula to calculate federal student aid eligibility based on median cost of attendance nationally instead of COA
5) Change in formula to calculate Pell grants based on median cost of attendance nationally instead of COA
6) Elimination of tax deduction for student loan interest
7) Elimination of student loan interest forbearance while in school
8) Limit Education Department’s authority to increase student loans 
9) Risk sharing payments required by colleges to participate in federal student loan and PROMISE program 
10) Eliminate SAVE plan for student loan reimbursement 
11) Changes in criteria to limit public service  loan forgiveness 
12) Elimination of Head of Household (impacting single parents)
13) Eliminate state and local income tax deduction 
14) Eliminate mortgage deductions

Link to direct source 

This is from the Senate Finance Committee.  The proposed changes relevant to education start on page 29.    https://www.finance.senate.gov/imo/media/doc/budget_optionspdf.pdf

Link to the article

https://www.politico.com/f/?id=00000194-74a8-d40a-ab9e-7fbc70940000&amp;fbclid=IwZXh0bgNhZW0CMTEAAR1vHYfNUJ5RMhtWgR6IbIqk1TfZWQeTvpJnk-Mti6Yoo0MrCglLfpABXok_aem__DLST75DKVykHub86a4BmQ",1739032349.0,/r/medicalschool/comments/1ikr7c1/changes_coming_for_public_loan_service/,cannotberushed-,https://www.reddit.com/r/medicalschool/comments/1ikr7c1/changes_coming_for_public_loan_service/,232,medical,"Changes coming for public loan service foregiveness Changes to education loans

The Ways and Means obtained by Politico and outlines proposed federal spending cuts. Some of the relevant items for this group:

1) Elimination of Parent Plus loans by July 1, 2025
2) Limits on unsubsidized federal student loans by July 1, 2025
3) Elimination of tax exemption for scholarships and fellowships 
4)Change in formula to calculate federal student aid eligibility based on median cost of attendance nationally instead of COA
5) Change in formula to calculate Pell grants based on median cost of attendance nationally instead of COA
6) Elimination of tax deduction for student loan interest
7) Elimination of student loan interest forbearance while in school
8) Limit Education Department’s authority to increase student loans 
9) Risk sharing payments required by colleges to participate in federal student loan and PROMISE program 
10) Eliminate SAVE plan for student loan reimbursement 
11) Changes in criteria to limit public service  loan forgiveness 
12) Elimination of Head of Household (impacting single parents)
13) Eliminate state and local income tax deduction 
14) Eliminate mortgage deductions

Link to direct source 

This is from the Senate Finance Committee.  The proposed changes relevant to education start on page 29.    https://www.finance.senate.gov/imo/media/doc/budget_optionspdf.pdf

Link to the article

https://www.politico.com/f/?id=00000194-74a8-d40a-ab9e-7fbc70940000&amp;fbclid=IwZXh0bgNhZW0CMTEAAR1vHYfNUJ5RMhtWgR6IbIqk1TfZWQeTvpJnk-Mti6Yoo0MrCglLfpABXok_aem__DLST75DKVykHub86a4BmQ",0.1660714285714286,0.443452380952381,positive
medicalschool,1iiaeo5,Write your representatives about PSLF,"Edit: call also it’s more effective!!!!


I’m a pharmacist but hoping you can use my letter as a template. Write your representatives especially the republicans.


Good morning Senator [Last Name],

I am writing to express my deep concern about the future of the Public Service Loan Forgiveness (PSLF) program, particularly for those of us who are already years into our service commitments. My wife and I are both pharmacists at ——— and ———-outside of ———. We entered healthcare with a commitment to serving others, and we care deeply about our patients.

PSLF and the nonprofit status of hospitals have been essential in enabling us to care for Pennsylvania’s population. However, recent discussions about eliminating PSLF or revoking hospitals’ nonprofit status put not only our financial stability at risk but also the future of healthcare access in Pennsylvania. If nonprofit hospitals lose their status, many healthcare workers—including my wife and me—could be disqualified from PSLF, making it significantly harder for professionals to remain in these critical roles.

Pennsylvania, particularly rural areas, is already facing severe shortages of nurses, pharmacists, and doctors. If PSLF or nonprofit hospital status is weakened or eliminated, we risk a drastic decline in healthcare professionals, further limiting access to care for many Pennsylvanians.

When we took out our loans, we entered into an agreement with the government, committing to years of hard work and service—even through the worst pandemic in a century. We simply ask for the chance to fulfill our commitment under the PSLF program. Without it, building a family and maintaining a stable future will become significantly more difficult for us and many others in similar positions.

As you consider policies affecting PSLF and nonprofit hospitals, I urge you to think of the long-term impact on rural Pennsylvania’s healthcare system and the patients who rely on it. Thank you for your time and consideration
",1738763631.0,/r/medicalschool/comments/1iiaeo5/write_your_representatives_about_pslf/,RPheralChild,https://www.reddit.com/r/medicalschool/comments/1iiaeo5/write_your_representatives_about_pslf/,214,medical,"Write your representatives about PSLF Edit: call also it’s more effective!!!!


I’m a pharmacist but hoping you can use my letter as a template. Write your representatives especially the republicans.


Good morning Senator [Last Name],

I am writing to express my deep concern about the future of the Public Service Loan Forgiveness (PSLF) program, particularly for those of us who are already years into our service commitments. My wife and I are both pharmacists at ——— and ———-outside of ———. We entered healthcare with a commitment to serving others, and we care deeply about our patients.

PSLF and the nonprofit status of hospitals have been essential in enabling us to care for Pennsylvania’s population. However, recent discussions about eliminating PSLF or revoking hospitals’ nonprofit status put not only our financial stability at risk but also the future of healthcare access in Pennsylvania. If nonprofit hospitals lose their status, many healthcare workers—including my wife and me—could be disqualified from PSLF, making it significantly harder for professionals to remain in these critical roles.

Pennsylvania, particularly rural areas, is already facing severe shortages of nurses, pharmacists, and doctors. If PSLF or nonprofit hospital status is weakened or eliminated, we risk a drastic decline in healthcare professionals, further limiting access to care for many Pennsylvanians.

When we took out our loans, we entered into an agreement with the government, committing to years of hard work and service—even through the worst pandemic in a century. We simply ask for the chance to fulfill our commitment under the PSLF program. Without it, building a family and maintaining a stable future will become significantly more difficult for us and many others in similar positions.

As you consider policies affecting PSLF and nonprofit hospitals, I urge you to think of the long-term impact on rural Pennsylvania’s healthcare system and the patients who rely on it. Thank you for your time and consideration
",0.0825,0.423015873015873,neutral
medicalschool,1i3xzo1,Different apps when dual applying,"Forgive my ignorance as I’m not sure how ERAS is set up, but when you dual apply, could you choose to have two different lists of research items for each specialty? (I.e. a list that would not include as much research in your primary specialty when applying to your backup specialty so they don’t know you’re dual applying). How about lists of EC’s?",1737168886.0,/r/medicalschool/comments/1i3xzo1/different_apps_when_dual_applying/,IncreaseFine7768,https://www.reddit.com/r/medicalschool/comments/1i3xzo1/different_apps_when_dual_applying/,3,medical,"Different apps when dual applying Forgive my ignorance as I’m not sure how ERAS is set up, but when you dual apply, could you choose to have two different lists of research items for each specialty? (I.e. a list that would not include as much research in your primary specialty when applying to your backup specialty so they don’t know you’re dual applying). How about lists of EC’s?",0.07,0.5577777777777778,neutral
medicalschool,1h5qwww,"Help! A family member had to drop out of med school due to a medical condition, but now she's drowning in loans","As the title says, she had to leave for her health but now is responsible for paying back over $100k of loans. Does anybody have any advice for this? (I'm not giving details on the condition to respect her privacy)

  
Since the drop was for medical reasons instead of her simply choosing to leave, I am hoping there's some kind of program that can provide assistance, like loan forgiveness or a waiver or something.

  
I'm not a med-school person and have never had to deal with such high loans, so I don't really know where to start. She should be able to contact the school's Disability Resource Center, her doctor, the loan agency, and/or anyone else she needs to. I just wanted to see if anyone here knew of a similar situation and how to deal with it.

  
Any advice is greatly appreciated! Thanks in advance!",1733242041.0,/r/medicalschool/comments/1h5qwww/help_a_family_member_had_to_drop_out_of_med/,JustABootThing,https://www.reddit.com/r/medicalschool/comments/1h5qwww/help_a_family_member_had_to_drop_out_of_med/,0,medical,"Help! A family member had to drop out of med school due to a medical condition, but now she's drowning in loans As the title says, she had to leave for her health but now is responsible for paying back over $100k of loans. Does anybody have any advice for this? (I'm not giving details on the condition to respect her privacy)

  
Since the drop was for medical reasons instead of her simply choosing to leave, I am hoping there's some kind of program that can provide assistance, like loan forgiveness or a waiver or something.

  
I'm not a med-school person and have never had to deal with such high loans, so I don't really know where to start. She should be able to contact the school's Disability Resource Center, her doctor, the loan agency, and/or anyone else she needs to. I just wanted to see if anyone here knew of a similar situation and how to deal with it.

  
Any advice is greatly appreciated! Thanks in advance!",0.129,0.3231428571428571,positive
medicine,1nx4pgm,Student loan decisions??,"My Reddit hive, I wanted to get your opinion on best next steps with respect to loans. Thank you in advance! 

Will be graduating fellowship next year and joining a hospital employed/academic site that is eligible for PSLF. 

HHI as attending: ~ 475k

Loans: ~275k (all federal), about 6% interest rate. Have about 4 years of PSLF payment. No other major debt from our end

Refi rates I’ve seen are closer to 4.5-5% for 7-10 year terms, so would be about 3k a month. IBR currently would be likely 1k/month until I have full attending salary and recertify

I am currently on SAVE and am accruing interest. Thinking about moving onto IBR if possible to make lower payments in case PSLF route. 

Live in a VHCOL area, plan to max out 403b/457,backdoor Roth IRAs. Will likely have about 5-6 k a month left after all expenses and loans to invest and save for down payment 

Options are:
1. Stay on SAVE for now, possibly transition to different plan when attending in 1 year
2. Move to IBR in hopes of eventual PSLF
3. Refinance (even if academics), though I do want to heavily invest and get money in the market earlier in my career
",1759510703.0,/r/medicine/comments/1nx4pgm/student_loan_decisions/,strivingdoc,https://www.reddit.com/r/medicine/comments/1nx4pgm/student_loan_decisions/,0,medical,"Student loan decisions?? My Reddit hive, I wanted to get your opinion on best next steps with respect to loans. Thank you in advance! 

Will be graduating fellowship next year and joining a hospital employed/academic site that is eligible for PSLF. 

HHI as attending: ~ 475k

Loans: ~275k (all federal), about 6% interest rate. Have about 4 years of PSLF payment. No other major debt from our end

Refi rates I’ve seen are closer to 4.5-5% for 7-10 year terms, so would be about 3k a month. IBR currently would be likely 1k/month until I have full attending salary and recertify

I am currently on SAVE and am accruing interest. Thinking about moving onto IBR if possible to make lower payments in case PSLF route. 

Live in a VHCOL area, plan to max out 403b/457,backdoor Roth IRAs. Will likely have about 5-6 k a month left after all expenses and loans to invest and save for down payment 

Options are:
1. Stay on SAVE for now, possibly transition to different plan when attending in 1 year
2. Move to IBR in hopes of eventual PSLF
3. Refinance (even if academics), though I do want to heavily invest and get money in the market earlier in my career
",0.06976711560044893,0.495216049382716,neutral
medicine,1nc8k0p,Interest in clinical informatics,"Hello everyone,

What can I do to explore/gain experience in the field of clinical informatics if I am a new attending? I am considering applying for the fellowship in a year after I pay off my student loans. Anyone know how competitive these spots are? Do you think going for a masters will be enough instead? Not really sure where to start to break into the field.",1757388943.0,/r/medicine/comments/1nc8k0p/interest_in_clinical_informatics/,necrotizingfasciitiz,https://www.reddit.com/r/medicine/comments/1nc8k0p/interest_in_clinical_informatics/,17,medical,"Interest in clinical informatics Hello everyone,

What can I do to explore/gain experience in the field of clinical informatics if I am a new attending? I am considering applying for the fellowship in a year after I pay off my student loans. Anyone know how competitive these spots are? Do you think going for a masters will be enough instead? Not really sure where to start to break into the field.",-0.03787878787878788,0.6144781144781145,neutral
medicine,1nbksce,New attending blues,"A month into attendinghood and the medicine itself is feeling better, but the mental health isn’t. After wanting to achieve this goal for so long, nothing feels that different. The paycheck is nice, but a lot of it gets auto invested in a 401k, the rest goes to student loans so my lifestyle still feels like residency. I don’t even know who I am as a person outside of medicine. Anyone else feeling this way?",1757329690.0,/r/medicine/comments/1nbksce/new_attending_blues/,Good-Championship278,https://www.reddit.com/r/medicine/comments/1nbksce/new_attending_blues/,274,medical,"New attending blues A month into attendinghood and the medicine itself is feeling better, but the mental health isn’t. After wanting to achieve this goal for so long, nothing feels that different. The paycheck is nice, but a lot of it gets auto invested in a 401k, the rest goes to student loans so my lifestyle still feels like residency. I don’t even know who I am as a person outside of medicine. Anyone else feeling this way?",0.1551948051948052,0.4577922077922078,positive
medicine,1lp09ds,United Healthcare “Stopped Reimbursement “ and “Forced Practice to Take out Loans” through a Subsidiary,"I'm not sure why I'm not able to post this link but I think this story needs to be seen. In this article, Dr Mazzola talks about her experience with United Healthcare - reimbursement stopped and she reports that she had to take out loans from a United subsidiary.


https://www.nbcphiladelphia.com/news/health/brain-surgeons-clash-unitedhealthcare-insurers-hardball-tactics/4214977/",1751372599.0,/r/medicine/comments/1lp09ds/united_healthcare_stopped_reimbursement_and/,NeurosurgInterest,https://www.reddit.com/r/medicine/comments/1lp09ds/united_healthcare_stopped_reimbursement_and/,321,medical,"United Healthcare “Stopped Reimbursement “ and “Forced Practice to Take out Loans” through a Subsidiary I'm not sure why I'm not able to post this link but I think this story needs to be seen. In this article, Dr Mazzola talks about her experience with United Healthcare - reimbursement stopped and she reports that she had to take out loans from a United subsidiary.


https://www.nbcphiladelphia.com/news/health/brain-surgeons-clash-unitedhealthcare-insurers-hardball-tactics/4214977/",-0.26666666666666666,0.5712962962962963,negative
medicine,1loieu7,Concerning the Federal loan cap,"I’m aware that the interest rates for private lenders is much higher, but how much? People have told me this cap is reasonable and I’m too stupid to be a physician for thinking it will have a lot of negative effects.",1751315543.0,/r/medicine/comments/1loieu7/concerning_the_federal_loan_cap/,Connect-War6612,https://www.reddit.com/r/medicine/comments/1loieu7/concerning_the_federal_loan_cap/,22,medical,"Concerning the Federal loan cap I’m aware that the interest rates for private lenders is much higher, but how much? People have told me this cap is reasonable and I’m too stupid to be a physician for thinking it will have a lot of negative effects.",-0.028571428571428574,0.475,neutral
medicine,1ll1gir,"Trump admin proposes PSLF changes: organizations that provide care to transgender patients or immigrants, or that simply have DEI programs","https://www.forbes.com/sites/adamminsky/2025/06/25/trump-administration-unveils-sweeping-student-loan-forgiveness-restrictions/

The Trump administration would define “substantial illegal purpose” to include:

* ~~Providing healthcare to transgender people under the age of 19, including prescribing puberty blockers or hormone therapy;~~ *after reading the executive order text, it's more explicit that this restriction is only for gender-affirming care for minors, not general medical care to anyone identifying as transgender as a minor. But this is still terrible for PSLF because even if you agree that gender-affirming care for minors is wrong, any performance of the care in your organization will revoke your eligibility.*
* “Aiding or abetting"" violations of federal immigration laws;
* “Engaging in a pattern of aiding and abetting illegal discrimination,” which the administration could interpret to mean advancing diversity, equity, and inclusion programs; and
* “Engaging in a pattern of violating State tort laws,” which can include creating a “public nuisance.”

So much for any pretense that they aren't targeting vulnerable groups. Or that they aren't being oppressive towards healthcare workers and dictating their choices in providing care to said vulnerable groups.

Every time PSLF gets brought up in physician discussion spaces, i hear the same talking points...""it's already in contract"" or ""it's bad optics."" And every time, i said ""don't depend on the program."" Well...[here we are.](https://www.youtube.com/watch?v=LU_Zzm3AKtg)",1750947867.0,/r/medicine/comments/1ll1gir/trump_admin_proposes_pslf_changes_organizations/,Julian_Caesar,https://www.reddit.com/r/medicine/comments/1ll1gir/trump_admin_proposes_pslf_changes_organizations/,347,medical,"Trump admin proposes PSLF changes: organizations that provide care to transgender patients or immigrants, or that simply have DEI programs https://www.forbes.com/sites/adamminsky/2025/06/25/trump-administration-unveils-sweeping-student-loan-forgiveness-restrictions/

The Trump administration would define “substantial illegal purpose” to include:

* ~~Providing healthcare to transgender people under the age of 19, including prescribing puberty blockers or hormone therapy;~~ *after reading the executive order text, it's more explicit that this restriction is only for gender-affirming care for minors, not general medical care to anyone identifying as transgender as a minor. But this is still terrible for PSLF because even if you agree that gender-affirming care for minors is wrong, any performance of the care in your organization will revoke your eligibility.*
* “Aiding or abetting"" violations of federal immigration laws;
* “Engaging in a pattern of aiding and abetting illegal discrimination,” which the administration could interpret to mean advancing diversity, equity, and inclusion programs; and
* “Engaging in a pattern of violating State tort laws,” which can include creating a “public nuisance.”

So much for any pretense that they aren't targeting vulnerable groups. Or that they aren't being oppressive towards healthcare workers and dictating their choices in providing care to said vulnerable groups.

Every time PSLF gets brought up in physician discussion spaces, i hear the same talking points...""it's already in contract"" or ""it's bad optics."" And every time, i said ""don't depend on the program."" Well...[here we are.](https://www.youtube.com/watch?v=LU_Zzm3AKtg)",-0.1625,0.5054197994987468,negative
medicine,1kstees,Tax bill will eliminate Grad PLUS loans,"https://www.axios.com/2025/05/21/tax-bill-medical-student-loan-limits

-Eliminate Grad PLUS loans - a federal unsubsidized loan that allows med students to borrow up to cost of attendance. 

-Cap federal professional school loans at $150,000

-Loan payments in residency no longer count towards loan forgiveness 

-require universities to pay a portion of unpaid student loans back to the federal government

-Over 80% of D.O. graduates who borrowed, had Grad PLUS loans, according to AACOM",1747927233.0,/r/medicine/comments/1kstees/tax_bill_will_eliminate_grad_plus_loans/,mtbizzle,https://www.reddit.com/r/medicine/comments/1kstees/tax_bill_will_eliminate_grad_plus_loans/,805,medical,"Tax bill will eliminate Grad PLUS loans https://www.axios.com/2025/05/21/tax-bill-medical-student-loan-limits

-Eliminate Grad PLUS loans - a federal unsubsidized loan that allows med students to borrow up to cost of attendance. 

-Cap federal professional school loans at $150,000

-Loan payments in residency no longer count towards loan forgiveness 

-require universities to pay a portion of unpaid student loans back to the federal government

-Over 80% of D.O. graduates who borrowed, had Grad PLUS loans, according to AACOM",0.10000000000000002,0.16666666666666666,positive
medicine,1kcr008,Changes to medical education in the U.S.,"I’ve been wondering for a while, other than screwing with the Federal loans and loan forgiveness program, what changes to medical education will we see?",1746155053.0,/r/medicine/comments/1kcr008/changes_to_medical_education_in_the_us/,Connect-War6612,https://www.reddit.com/r/medicine/comments/1kcr008/changes_to_medical_education_in_the_us/,45,medical,"Changes to medical education in the U.S. I’ve been wondering for a while, other than screwing with the Federal loans and loan forgiveness program, what changes to medical education will we see?",-0.041666666666666664,0.125,neutral
medicine,1k7qnps,Aidvantage and Education Debt Reduction Program,"Hello everyone, I am desperate at this point to figure out how to word what I need from the loan company so that we can get the right document for the program. Every time we ask for the payments made, they give us the wrong fucking documents and is always incomplete. What are other ways to get the verification needed for this?",1745602026.0,/r/medicine/comments/1k7qnps/aidvantage_and_education_debt_reduction_program/,brokemed,https://www.reddit.com/r/medicine/comments/1k7qnps/aidvantage_and_education_debt_reduction_program/,2,medical,"Aidvantage and Education Debt Reduction Program Hello everyone, I am desperate at this point to figure out how to word what I need from the loan company so that we can get the right document for the program. Every time we ask for the payments made, they give us the wrong fucking documents and is always incomplete. What are other ways to get the verification needed for this?",-0.30785714285714283,0.7221428571428572,negative
medicine,1jjmx0o,Sign On being treated as a loan,"Curious if anyone else has navigated this - I received a sign on for a hospital employed position in late 2023 for $71k. It’s being treated as a loan that is forgiven (added as income) over the course of the three years if I stay. I don’t believe it was added to my 2023 w-2 since I started late in the year however, 1/3 of it was added to 2024 return. My taxes owed essentially jumped up $10k this year. Does that seem correct? That I basically would pay $30k on that initial sign on bonus?

Feeling a bit bitter about it as I never used the sign on for myself. It went directly to my previous private practice group to pay for my tail coverage when I left.",1742918658.0,/r/medicine/comments/1jjmx0o/sign_on_being_treated_as_a_loan/,Maximum_Werewolf1045,https://www.reddit.com/r/medicine/comments/1jjmx0o/sign_on_being_treated_as_a_loan/,54,medical,"Sign On being treated as a loan Curious if anyone else has navigated this - I received a sign on for a hospital employed position in late 2023 for $71k. It’s being treated as a loan that is forgiven (added as income) over the course of the three years if I stay. I don’t believe it was added to my 2023 w-2 since I started late in the year however, 1/3 of it was added to 2024 return. My taxes owed essentially jumped up $10k this year. Does that seem correct? That I basically would pay $30k on that initial sign on bonus?

Feeling a bit bitter about it as I never used the sign on for myself. It went directly to my previous private practice group to pay for my tail coverage when I left.",-0.1074074074074074,0.3935185185185185,negative
medicine,1jgoh5k,Student Loans Moved to Small Business Administration,"I have no idea how this affects the loans, but it doesn't sound encouraging.

https://www.npr.org/2025/03/21/nx-s1-5336330/trump-education-department-student-loans-special-education-fsa ",1742583341.0,/r/medicine/comments/1jgoh5k/student_loans_moved_to_small_business/,IcyChampionship3067,https://www.reddit.com/r/medicine/comments/1jgoh5k/student_loans_moved_to_small_business/,167,medical,"Student Loans Moved to Small Business Administration I have no idea how this affects the loans, but it doesn't sound encouraging.

https://www.npr.org/2025/03/21/nx-s1-5336330/trump-education-department-student-loans-special-education-fsa ",0.07500000000000001,0.4,neutral
medicine,1j9w7rl,Student Loans,"Anyone here currently in med school?  What is going to happen moving forward with student loans if Dept of Education closes?  I guess at this time of the year tuition is paid for the school year, but have they come up with a plan for student loans for the fall?  When I was in school probably 95% of us were getting some form of loans… ",1741817205.0,/r/medicine/comments/1j9w7rl/student_loans/,greenbeans7711,https://www.reddit.com/r/medicine/comments/1j9w7rl/student_loans/,12,medical,"Student Loans Anyone here currently in med school?  What is going to happen moving forward with student loans if Dept of Education closes?  I guess at this time of the year tuition is paid for the school year, but have they come up with a plan for student loans for the fall?  When I was in school probably 95% of us were getting some form of loans… ",0.0,0.4,neutral
medicine,1j5wdfo,Trump to sign executive order limiting Public Service Loan Forgiveness program,"[https://www.cnbc.com/2025/03/07/trump-says-hell-sign-order-limiting-public-service-loan-forgiveness.html](https://www.cnbc.com/2025/03/07/trump-says-hell-sign-order-limiting-public-service-loan-forgiveness.html)

""President Donald Trump is expected to sign an executive order later on Friday excluding certain student loan borrowers from the popular Public Service Loan Forgiveness Program. Speaking from the Oval Office, Trump accused the PSLF program of including organizations that “engage in illegal, or what we would consider to be improper, activities.”""",1741372891.0,/r/medicine/comments/1j5wdfo/trump_to_sign_executive_order_limiting_public/,toomanyshoeshelp,https://www.reddit.com/r/medicine/comments/1j5wdfo/trump_to_sign_executive_order_limiting_public/,1090,medical,"Trump to sign executive order limiting Public Service Loan Forgiveness program [https://www.cnbc.com/2025/03/07/trump-says-hell-sign-order-limiting-public-service-loan-forgiveness.html](https://www.cnbc.com/2025/03/07/trump-says-hell-sign-order-limiting-public-service-loan-forgiveness.html)

""President Donald Trump is expected to sign an executive order later on Friday excluding certain student loan borrowers from the popular Public Service Loan Forgiveness Program. Speaking from the Oval Office, Trump accused the PSLF program of including organizations that “engage in illegal, or what we would consider to be improper, activities.”""",0.03061224489795917,0.3578231292517007,neutral
medicine,1j1bj9r,"So for those of you who are also trying to get their loans forgiven via PSLf, how are you feeling?","With all the confusion and changes surrounding PSLF, I’m definitely more concerned about massive increases in student loan payments.",1740867930.0,/r/medicine/comments/1j1bj9r/so_for_those_of_you_who_are_also_trying_to_get/,Paleomedicine,https://www.reddit.com/r/medicine/comments/1j1bj9r/so_for_those_of_you_who_are_also_trying_to_get/,98,medical,"So for those of you who are also trying to get their loans forgiven via PSLf, how are you feeling? With all the confusion and changes surrounding PSLF, I’m definitely more concerned about massive increases in student loan payments.",0.25,0.75,positive
medicine,1iq7wfp,Loan forgiveness on the chopping block,"https://www.forbes.com/sites/adamminsky/2025/02/13/gop-may-cut-off-student-loan-forgiveness-for-48-million-healthcare-workers/

I’m a year out from my loans being forgiven. This would change a lot about my family’s financial health if I have 10 more years of payments. Do we have any power as a group to fight this? 

I’m just so demoralized. 
",1739644440.0,/r/medicine/comments/1iq7wfp/loan_forgiveness_on_the_chopping_block/,Comdorva,https://www.reddit.com/r/medicine/comments/1iq7wfp/loan_forgiveness_on_the_chopping_block/,928,medical,"Loan forgiveness on the chopping block https://www.forbes.com/sites/adamminsky/2025/02/13/gop-may-cut-off-student-loan-forgiveness-for-48-million-healthcare-workers/

I’m a year out from my loans being forgiven. This would change a lot about my family’s financial health if I have 10 more years of payments. Do we have any power as a group to fight this? 

I’m just so demoralized. 
",0.25,0.25,positive
studentloans,1o1leor,I need money for college!!,"Hello! I’m currently in the medical sonography program. I pulled student loans out because I can’t afford college lol, but I have to pay them back. I make at most $400 a month and unfortunately it goes to gas, car payments, insurance, etc. So I haven’t been able to pay them back. It’s time for my financial aid appointment and I need another loan to pay for the rest of my time in college. What do I do??",1759953645.0,/r/StudentLoans/comments/1o1leor/i_need_money_for_college/,Frequent-War-194,https://www.reddit.com/r/StudentLoans/comments/1o1leor/i_need_money_for_college/,1,medical,"I need money for college!! Hello! I’m currently in the medical sonography program. I pulled student loans out because I can’t afford college lol, but I have to pay them back. I make at most $400 a month and unfortunately it goes to gas, car payments, insurance, etc. So I haven’t been able to pay them back. It’s time for my financial aid appointment and I need another loan to pay for the rest of my time in college. What do I do??",0.14444444444444446,0.35833333333333334,positive
studentloans,1o1ldo1,Should I switch from Graduated Repayment to IDR/SAVE?,"I’m trying to figure out if I should switch from the Graduated Repayment Plan to something else. My goal is to keep my monthly payments manageable, but also pay off my loans soon. I've already been paying the monthly minimum for 15 years and the outstanding balances are mostly higher than the original balances. I have fully paid off 1 loan. 

Plan Details: 

Current Plan: Graduated Repayment  
Total Balance: $19,909  
Monthly Payment: Was $288, recently increased to $548

Loans:

**Loan 1 – Direct Subsidized**

* Interest Rate: **6.0%**
* Balance: **$5,096** | Original Amount: **$5,500**

**Loan 2 – Direct Subsidized**

* Interest Rate: **5.6%**
* Balance: **$4,886** | Original Amount: **$5,500**

**Loan 3 – Direct Unsubsidized**

* Interest Rate: **6.8%**
* Balance: **$5,661** | Original Amount: **$5,000**

**Loan 4 – Direct Unsubsidized**

* Interest Rate: **6.8%**
* Balance: **$1,438** | Original Amount: **$2,000**

**Loan 5 – Direct Unsubsidized**

* Interest Rate: **6.8%**
* Balance: **$2,826** | Original Amount: **$2,594**

All loans started repayment in 2010 and have 37 payments remaining.

Would a different plan, like the IDR plan, make sense given my balance, time left and interest rates? Or should I stick with the Graduated plan and power through the higher payments? As I understand it, the Graduated plan does not offer forgiveness after any amount of time. I did speak to a representative from my loan servicer who ran the numbers and said the IDR plan would offer lower monthly payments. 

Thanks! ",1759953587.0,/r/StudentLoans/comments/1o1ldo1/should_i_switch_from_graduated_repayment_to/,disc0superfly,https://www.reddit.com/r/StudentLoans/comments/1o1ldo1/should_i_switch_from_graduated_repayment_to/,1,medical,"Should I switch from Graduated Repayment to IDR/SAVE? I’m trying to figure out if I should switch from the Graduated Repayment Plan to something else. My goal is to keep my monthly payments manageable, but also pay off my loans soon. I've already been paying the monthly minimum for 15 years and the outstanding balances are mostly higher than the original balances. I have fully paid off 1 loan. 

Plan Details: 

Current Plan: Graduated Repayment  
Total Balance: $19,909  
Monthly Payment: Was $288, recently increased to $548

Loans:

**Loan 1 – Direct Subsidized**

* Interest Rate: **6.0%**
* Balance: **$5,096** | Original Amount: **$5,500**

**Loan 2 – Direct Subsidized**

* Interest Rate: **5.6%**
* Balance: **$4,886** | Original Amount: **$5,500**

**Loan 3 – Direct Unsubsidized**

* Interest Rate: **6.8%**
* Balance: **$5,661** | Original Amount: **$5,000**

**Loan 4 – Direct Unsubsidized**

* Interest Rate: **6.8%**
* Balance: **$1,438** | Original Amount: **$2,000**

**Loan 5 – Direct Unsubsidized**

* Interest Rate: **6.8%**
* Balance: **$2,826** | Original Amount: **$2,594**

All loans started repayment in 2010 and have 37 payments remaining.

Would a different plan, like the IDR plan, make sense given my balance, time left and interest rates? Or should I stick with the Graduated plan and power through the higher payments? As I understand it, the Graduated plan does not offer forgiveness after any amount of time. I did speak to a representative from my loan servicer who ran the numbers and said the IDR plan would offer lower monthly payments. 

Thanks! ",0.2,0.5287499999999999,positive
studentloans,1o1lcoj,Should I consolidate? $90k. I don’t qualify for PSLF,"Hi all. I have just over  $90k in student loan debt. I work for a private company so I don’t qualify for PSLF. What are your thoughts on loan consolidation? If you think I should, any suggestions for companies to go through? 

Loan rates: $21,177 @ 6.54%; $12, 447 @ 7.54%; $21,048 @ 5.28%; 10,309 @ 6.28%; $5,540 @ 2.75%; $2028 @ 2.75%; $5564 @ 4.53%; $2074 @ 4.53%; $4558 @ 5.05%; $2185 @ 5.05%; $3540 @ 4.45%;",1759953525.0,/r/StudentLoans/comments/1o1lcoj/should_i_consolidate_90k_i_dont_qualify_for_pslf/,sandalwoodoud,https://www.reddit.com/r/StudentLoans/comments/1o1lcoj/should_i_consolidate_90k_i_dont_qualify_for_pslf/,1,medical,"Should I consolidate? $90k. I don’t qualify for PSLF Hi all. I have just over  $90k in student loan debt. I work for a private company so I don’t qualify for PSLF. What are your thoughts on loan consolidation? If you think I should, any suggestions for companies to go through? 

Loan rates: $21,177 @ 6.54%; $12, 447 @ 7.54%; $21,048 @ 5.28%; 10,309 @ 6.28%; $5,540 @ 2.75%; $2028 @ 2.75%; $5564 @ 4.53%; $2074 @ 4.53%; $4558 @ 5.05%; $2185 @ 5.05%; $3540 @ 4.45%;",0.0,0.375,neutral
studentloans,1o1kvmi,borrower defense refund,"Hello,

So my husbands college (now closed) got sued because they advertised job placement and that never happened and his original loan was just under 18k and it was at 9k left so he paid at minimum 9k + interest (I didn’t the math he’s paid well over what he paid in it was the interest that was as making it take so long to pass off we could only afford minimum payments). But he got a refund check for a couple dollars over $1,000 so I’m not really sure what the $1,000 is for is it a class action settlement check where you get less and everyone basically splits it? Or is he going to end up with more checks? Won’t lie the 1k is going to help a lot this year I’m just trying to make sure they didn’t make a mistake where we have to struggle and pay it back. I’m just not sure how they come to the conclusion of $1k back I seen many got what they paid in back. Some people seem to get nothing back but at the very least that 9k balance off our backs is pretty nice as well. 
",1759952454.0,/r/StudentLoans/comments/1o1kvmi/borrower_defense_refund/,laketrex,https://www.reddit.com/r/StudentLoans/comments/1o1kvmi/borrower_defense_refund/,1,medical,"borrower defense refund Hello,

So my husbands college (now closed) got sued because they advertised job placement and that never happened and his original loan was just under 18k and it was at 9k left so he paid at minimum 9k + interest (I didn’t the math he’s paid well over what he paid in it was the interest that was as making it take so long to pass off we could only afford minimum payments). But he got a refund check for a couple dollars over $1,000 so I’m not really sure what the $1,000 is for is it a class action settlement check where you get less and everyone basically splits it? Or is he going to end up with more checks? Won’t lie the 1k is going to help a lot this year I’m just trying to make sure they didn’t make a mistake where we have to struggle and pay it back. I’m just not sure how they come to the conclusion of $1k back I seen many got what they paid in back. Some people seem to get nothing back but at the very least that 9k balance off our backs is pretty nice as well. 
",0.08517543859649124,0.45280701754385966,neutral
studentloans,1o1jo02,"I enrolled in a university based on misleading info, and now they want me to pay full tuition — what would you do?“","Hi, I need some advice because I’m completely lost.

I enrolled in university for languages a few days ago because they explained it would be studying English and Spanish to the same level and that’s why I decided to join.

Now it turns out the program isn’t what they described and that I will be studying English to C1 level and Spanish up to the lowest level and I will be having just 4 classes per year. I’ve barely started — only 4 days have passed, just introductory sessions and meeting the professors, and the actual classes haven’t started yet.

I have to pay full tuition if I want leave, but this feels unfair, since I haven’t actually used any of their services.

My parents cannot afford to pay this amount, and I don’t want to stay in a program I don’t like.

Has anyone experienced something similar with tuition payments or being pressured to pay for a program you didn’t actually attend? Any ideas on how to handle this or how to talk to the university?",1759950102.0,/r/StudentLoans/comments/1o1jo02/i_enrolled_in_a_university_based_on_misleading/,Lumpy_Anxiety134,https://www.reddit.com/r/StudentLoans/comments/1o1jo02/i_enrolled_in_a_university_based_on_misleading/,2,medical,"I enrolled in a university based on misleading info, and now they want me to pay full tuition — what would you do?“ Hi, I need some advice because I’m completely lost.

I enrolled in university for languages a few days ago because they explained it would be studying English and Spanish to the same level and that’s why I decided to join.

Now it turns out the program isn’t what they described and that I will be studying English to C1 level and Spanish up to the lowest level and I will be having just 4 classes per year. I’ve barely started — only 4 days have passed, just introductory sessions and meeting the professors, and the actual classes haven’t started yet.

I have to pay full tuition if I want leave, but this feels unfair, since I haven’t actually used any of their services.

My parents cannot afford to pay this amount, and I don’t want to stay in a program I don’t like.

Has anyone experienced something similar with tuition payments or being pressured to pay for a program you didn’t actually attend? Any ideas on how to handle this or how to talk to the university?",0.055882352941176466,0.31911764705882356,neutral
studentloans,1o1jdgt,What should I do?,"Hello!

I’m a recent graduate with $150,000 in student loan debt. I truly loved my time in college the people I met and the experiences I had were incredible—but now I’m facing the financial cost of it all.

Looking back, I don’t think my family or I, fully understood what college would actually cost or how to approach it in the smartest way. I’m the oldest in my extended family and the first to attend college, and my parents didn’t have a traditional college experience, so I was the first one navigating this process. We were all learning as we went.

Right now, I’m earning $45,769 a year ($22/hour), which is in line with what many of my friends are making. The big difference is that many of them live on their own because they either have little to no student debt or pay much less than I do each month. I know every situation is different, but I currently pay $1,700/month toward my loans, which makes it nearly impossible for me to afford moving out of my parents' home let alone start building the life and career I envisioned.

I’m feeling really stuck. I want to move to the city where I can pursue my dream career, but the financial strain makes that feel out of reach. I’ve been wondering: Should I consider refinancing my loans? I’m not sure if it would help or hurt in the long run, and I don’t want to make another decision I’ll regret.
This whole experience has been incredibly stressful. I often feel ashamed or even foolish for not fully understanding the weight of student loans when I first signed on, but I know I’m not alone in this, and I’m trying to move forward as best I can. Any advice would be much appreciated! 

Thank you all!",1759949477.0,/r/StudentLoans/comments/1o1jdgt/what_should_i_do/,ThanosDidMath,https://www.reddit.com/r/StudentLoans/comments/1o1jdgt/what_should_i_do/,3,medical,"What should I do? Hello!

I’m a recent graduate with $150,000 in student loan debt. I truly loved my time in college the people I met and the experiences I had were incredible—but now I’m facing the financial cost of it all.

Looking back, I don’t think my family or I, fully understood what college would actually cost or how to approach it in the smartest way. I’m the oldest in my extended family and the first to attend college, and my parents didn’t have a traditional college experience, so I was the first one navigating this process. We were all learning as we went.

Right now, I’m earning $45,769 a year ($22/hour), which is in line with what many of my friends are making. The big difference is that many of them live on their own because they either have little to no student debt or pay much less than I do each month. I know every situation is different, but I currently pay $1,700/month toward my loans, which makes it nearly impossible for me to afford moving out of my parents' home let alone start building the life and career I envisioned.

I’m feeling really stuck. I want to move to the city where I can pursue my dream career, but the financial strain makes that feel out of reach. I’ve been wondering: Should I consider refinancing my loans? I’m not sure if it would help or hurt in the long run, and I don’t want to make another decision I’ll regret.
This whole experience has been incredibly stressful. I often feel ashamed or even foolish for not fully understanding the weight of student loans when I first signed on, but I know I’m not alone in this, and I’m trying to move forward as best I can. Any advice would be much appreciated! 

Thank you all!",0.17013373531230677,0.4211167800453515,positive
studentloans,1o1j6ny,Student Loan Repayment Plan,"I have ran the calculator on the FAFSA website multiple times (all of my loans are federal and through Edfinancial). I owe around 77k and will likely be around 80k by the time I start payments. I graduated last month and am now working.

Currently, I am not maxing out my retirement as I just started working. I am contributing around 300 dollars a month. With this put into the calculator, it is not worth it at all to try for PSFL. It would only lower my payment by around $70 (from 923 dollars to around 850) or so, and I would only be forgiven a few grand. Does not seem worth it to keep track of everything.

  
However, if I get closer or to max of retirement contributions, it makes a big difference. It could make my payments be around 600/month instead and have a forgiven amount of almost 30k. In the long run, paying almost 20k or so less than the standard repayment plan over the 10 years.



Basically, is it worth it to try to max out my retirement instead (or close to it) to get these benefits? I am sure would be helpful and better than that money going to student loan payments, but how much effort is it to keep track of all of this?

  
I have tried to figure all of this out on my own but its alot. 

",1759949058.0,/r/StudentLoans/comments/1o1j6ny/student_loan_repayment_plan/,Kentucky2022,https://www.reddit.com/r/StudentLoans/comments/1o1j6ny/student_loan_repayment_plan/,1,medical,"Student Loan Repayment Plan I have ran the calculator on the FAFSA website multiple times (all of my loans are federal and through Edfinancial). I owe around 77k and will likely be around 80k by the time I start payments. I graduated last month and am now working.

Currently, I am not maxing out my retirement as I just started working. I am contributing around 300 dollars a month. With this put into the calculator, it is not worth it at all to try for PSFL. It would only lower my payment by around $70 (from 923 dollars to around 850) or so, and I would only be forgiven a few grand. Does not seem worth it to keep track of everything.

  
However, if I get closer or to max of retirement contributions, it makes a big difference. It could make my payments be around 600/month instead and have a forgiven amount of almost 30k. In the long run, paying almost 20k or so less than the standard repayment plan over the 10 years.



Basically, is it worth it to try to max out my retirement instead (or close to it) to get these benefits? I am sure would be helpful and better than that money going to student loan payments, but how much effort is it to keep track of all of this?

  
I have tried to figure all of this out on my own but its alot. 

",0.12280701754385963,0.4222222222222222,positive
studentloans,1o1i42i,Student Loan Advice,"Hi everyone, 

I am seeking advice on my financial predicament. I am a recent dental grad making about 300k before taxes. I have about 722k in dental school + post graduate loans. All loans are federal, ranging in interest from 4-8%. My highest two loans are 100K each at 8% interest. I have been in SAVE forbearance since February 2025 and am not sure if I should wait out the litigation or apply for a new plan. Standard repayment would likely mean around 8k in payments vs IDR which is estimated at 4k or so. It's not great either way. So my questions are: 1) Do I make a move now or ride out the forebearance? (my interest goes up by 2500 a month). 2) Do aggressive payments make sense over the next 10 years or should my goal be forgiveness? Thank you!",1759946961.0,/r/StudentLoans/comments/1o1i42i/student_loan_advice/,Educational_Room8239,https://www.reddit.com/r/StudentLoans/comments/1o1i42i/student_loan_advice/,1,medical,"Student Loan Advice Hi everyone, 

I am seeking advice on my financial predicament. I am a recent dental grad making about 300k before taxes. I have about 722k in dental school + post graduate loans. All loans are federal, ranging in interest from 4-8%. My highest two loans are 100K each at 8% interest. I have been in SAVE forbearance since February 2025 and am not sure if I should wait out the litigation or apply for a new plan. Standard repayment would likely mean around 8k in payments vs IDR which is estimated at 4k or so. It's not great either way. So my questions are: 1) Do I make a move now or ride out the forebearance? (my interest goes up by 2500 a month). 2) Do aggressive payments make sense over the next 10 years or should my goal be forgiveness? Thank you!",-0.0917929292929293,0.44788159371492703,neutral
studentloans,1o1i11f,In school deferment issue with Firstmark,"Hi everyone, 
I started undergrad in 2021 and got private loans through Discover for my freshman, sophomore, and beginning of my junior year. In my Junior year, Discover stopped doing student loans and moved me over to Firstmark. I was never given copies of my original loan agreements which I know I should have printed out when I first signed them but I didn’t think of it at the time. I am now in grad school and am having issues trying to put my loans back into in school deferment from grace status. Firstmark does not have my loan agreements anywhere on my account and my Discover account was deleted after they stopped doing student loans so I can’t see if I’m allowed in school deferment for grad school. I emailed them so I could have a paper trail of what they told me and I was told all I had to do was submit an enrollment verification form from my school. I got the form and it states I started grad school in September and am in fact still enrolled full time as a student. I received a notice today that my loans were again put into Grace status until November which is what they already were. I’m going to call but I’m wondering if anyone else has ever had this issue or has any advice on what I can do? Also on my front page of my account, my loan status changed from grace to “multiple” which I don’t understand?",1759946775.0,/r/StudentLoans/comments/1o1i11f/in_school_deferment_issue_with_firstmark/,BreathSalt279,https://www.reddit.com/r/StudentLoans/comments/1o1i11f/in_school_deferment_issue_with_firstmark/,1,medical,"In school deferment issue with Firstmark Hi everyone, 
I started undergrad in 2021 and got private loans through Discover for my freshman, sophomore, and beginning of my junior year. In my Junior year, Discover stopped doing student loans and moved me over to Firstmark. I was never given copies of my original loan agreements which I know I should have printed out when I first signed them but I didn’t think of it at the time. I am now in grad school and am having issues trying to put my loans back into in school deferment from grace status. Firstmark does not have my loan agreements anywhere on my account and my Discover account was deleted after they stopped doing student loans so I can’t see if I’m allowed in school deferment for grad school. I emailed them so I could have a paper trail of what they told me and I was told all I had to do was submit an enrollment verification form from my school. I got the form and it states I started grad school in September and am in fact still enrolled full time as a student. I received a notice today that my loans were again put into Grace status until November which is what they already were. I’m going to call but I’m wondering if anyone else has ever had this issue or has any advice on what I can do? Also on my front page of my account, my loan status changed from grace to “multiple” which I don’t understand?",0.1625,0.3347222222222222,positive
studentloans,1o1hi75,Should I stay in SAVE plan and pay it off as fast as possible? Or switch to standard? Owe 63k making $1850 payments each month,"Hello all, need help deciding the pros and cons of staying in SAVE or switching to standard. I owe about 63k split across 10 loans. 2 of the highest interest are also the highest balance (both 15k at 6.6%). I make about 125k annually before taxes and I have allocated $1850/month towards my student loans. 

Right now, my plan is to stay in SAVE plan, and since payments are technically ""required"" at the moment, I can put the entire $1850 towards the high interest/high balance loans. If I were to switch to standard plan, my payments would then be required and hence would need to make minimal payments at the very least on all 10 loans.

Any more pros and cons I should consider?",1759945661.0,/r/StudentLoans/comments/1o1hi75/should_i_stay_in_save_plan_and_pay_it_off_as_fast/,86hawks,https://www.reddit.com/r/StudentLoans/comments/1o1hi75/should_i_stay_in_save_plan_and_pay_it_off_as_fast/,2,medical,"Should I stay in SAVE plan and pay it off as fast as possible? Or switch to standard? Owe 63k making $1850 payments each month Hello all, need help deciding the pros and cons of staying in SAVE or switching to standard. I owe about 63k split across 10 loans. 2 of the highest interest are also the highest balance (both 15k at 6.6%). I make about 125k annually before taxes and I have allocated $1850/month towards my student loans. 

Right now, my plan is to stay in SAVE plan, and since payments are technically ""required"" at the moment, I can put the entire $1850 towards the high interest/high balance loans. If I were to switch to standard plan, my payments would then be required and hence would need to make minimal payments at the very least on all 10 loans.

Any more pros and cons I should consider?",0.05464285714285714,0.4183928571428572,neutral
studentloans,1o1hfqn,Struggling teacher here... payments too high even on IDR.,"Just got out of school, my payments will start up again next month. The calculator is showing a minimum of $250 on an IDR plan. I have around 60k in fed direct loans. My income isn't high (naturally, as a teacher) and I have no other debt besides my car (which is also a really low amount). I'm not married if that matters. I also keep hearing that I will owe a ton of money to the IRS if I'm on IDR. I don't know what to do and I am so confused as to how I have friends paying like $50 a month with a similar income+loan balance. What am I missing here?

**Edit: Here's numbers, because I'm tired of disrespectful assumptions.**

Paycheck (monthly): 2400 (after insurance, tax, mandatory teacher retirement program $400+)

Car: $380

Rent: $900 (cheap for my area - need to move 40+ minutes away to lower cost)

Car insurance: $320 (high due to ""at fault"" accident that was actually caused by medical event - have shopped around, no cheaper options)

Subscriptions: $24

Groceries: $200

Home (misc necessary things, toilet paper, fem. products etc)

Pet: $60

Misc spending so I can do ***something*** fun every now and then: $50

Gas: $120 (depending on price)

Savings (building emergency fund): $160

Phone/Internet: $100

Roadside: $40

Medication &amp; routine treatment for medical condition: $40",1759945514.0,/r/StudentLoans/comments/1o1hfqn/struggling_teacher_here_payments_too_high_even_on/,Sea-Efficiency-2899,https://www.reddit.com/r/StudentLoans/comments/1o1hfqn/struggling_teacher_here_payments_too_high_even_on/,18,medical,"Struggling teacher here... payments too high even on IDR. Just got out of school, my payments will start up again next month. The calculator is showing a minimum of $250 on an IDR plan. I have around 60k in fed direct loans. My income isn't high (naturally, as a teacher) and I have no other debt besides my car (which is also a really low amount). I'm not married if that matters. I also keep hearing that I will owe a ton of money to the IRS if I'm on IDR. I don't know what to do and I am so confused as to how I have friends paying like $50 a month with a similar income+loan balance. What am I missing here?

**Edit: Here's numbers, because I'm tired of disrespectful assumptions.**

Paycheck (monthly): 2400 (after insurance, tax, mandatory teacher retirement program $400+)

Car: $380

Rent: $900 (cheap for my area - need to move 40+ minutes away to lower cost)

Car insurance: $320 (high due to ""at fault"" accident that was actually caused by medical event - have shopped around, no cheaper options)

Subscriptions: $24

Groceries: $200

Home (misc necessary things, toilet paper, fem. products etc)

Pet: $60

Misc spending so I can do ***something*** fun every now and then: $50

Gas: $120 (depending on price)

Savings (building emergency fund): $160

Phone/Internet: $100

Roadside: $40

Medication &amp; routine treatment for medical condition: $40",0.007579365079365082,0.36047619047619045,neutral
studentloans,1o1h8et,So how are we repaying student loans?,"I’m a sophomore in college I’ve taken out maybe 6,000 in loans so far not including the loans my parents took out of course, I have a job(it doesn’t pay well) I’m trying to get another one (i technically already got it they I was supposed to start training but they haven’t emailed me back yet) so that I have two and I take 17 credits I’m really trying hard to also keep my grades up( currently on the deans list) to keep the scholarships I do have but I’m struggling and idk what the future of loan repayment plans is going to look like or how things regarding interest idk I’m scared and idk what more I can do, I’m really just looking for advice or tips anything please I really don’t want to have to drop out of college I love it I like learning and if I did I’d disappoint my family since I’m the first to go to college.",1759945071.0,/r/StudentLoans/comments/1o1h8et/so_how_are_we_repaying_student_loans/,itsmeclarketart,https://www.reddit.com/r/StudentLoans/comments/1o1h8et/so_how_are_we_repaying_student_loans/,2,medical,"So how are we repaying student loans? I’m a sophomore in college I’ve taken out maybe 6,000 in loans so far not including the loans my parents took out of course, I have a job(it doesn’t pay well) I’m trying to get another one (i technically already got it they I was supposed to start training but they haven’t emailed me back yet) so that I have two and I take 17 credits I’m really trying hard to also keep my grades up( currently on the deans list) to keep the scholarships I do have but I’m struggling and idk what the future of loan repayment plans is going to look like or how things regarding interest idk I’m scared and idk what more I can do, I’m really just looking for advice or tips anything please I really don’t want to have to drop out of college I love it I like learning and if I did I’d disappoint my family since I’m the first to go to college.",0.13819444444444443,0.35000000000000003,positive
studentloans,1o1ffpj,Is there any reason why they changed my estimated payoff date again?,"I have 9 IBR payments left. [Studentaid.gov](http://Studentaid.gov) has my estimate payoff date as November 14, 2030. That's what EdFinancial had too, until today, when I noticed they changed it to October 2036. Is there any reason why they keep moving it out?",1759941127.0,/r/StudentLoans/comments/1o1ffpj/is_there_any_reason_why_they_changed_my_estimated/,Freddiepuppy,https://www.reddit.com/r/StudentLoans/comments/1o1ffpj/is_there_any_reason_why_they_changed_my_estimated/,2,medical,"Is there any reason why they changed my estimated payoff date again? I have 9 IBR payments left. [Studentaid.gov](http://Studentaid.gov) has my estimate payoff date as November 14, 2030. That's what EdFinancial had too, until today, when I noticed they changed it to October 2036. Is there any reason why they keep moving it out?",0.0,0.0,neutral
studentloans,1o1exop,Mohela Forbearance Limbo,I’m 17 out of 120 payments into pslf before the forbearance chaos happened. I haven’t spoken to Mohela because Everytime I call it’s like 8 hours to speak to someone. What are you pslf folks doing? I know interest is compounding but does it make sense to take my loans out of forbearance and start paying? I’m so lost on what to do. ,1759940014.0,/r/StudentLoans/comments/1o1exop/mohela_forbearance_limbo/,Certain_Map3025,https://www.reddit.com/r/StudentLoans/comments/1o1exop/mohela_forbearance_limbo/,1,medical,Mohela Forbearance Limbo I’m 17 out of 120 payments into pslf before the forbearance chaos happened. I haven’t spoken to Mohela because Everytime I call it’s like 8 hours to speak to someone. What are you pslf folks doing? I know interest is compounding but does it make sense to take my loans out of forbearance and start paying? I’m so lost on what to do. ,0.0,0.0,neutral
studentloans,1o1ei5z,"Need help! Single mom, in forbearance","I am unsure of what to do and looking for some advice. I finally wised up and realized that interest is growing on my loans through Nelnet. I owed 9k and now it’s already growing back up again. 

Do I leave my loans in forbearance and pay the interest? Or do I apply for an income plan? OR, defer? 

I am a single mom going through a divorce right now and money is tight but I don’t want to screw myself for the future. Most of the loans are subsidized, all but one. I appreciate any advice ❤️",1759939088.0,/r/StudentLoans/comments/1o1ei5z/need_help_single_mom_in_forbearance/,Separate-Kiwi-5932,https://www.reddit.com/r/StudentLoans/comments/1o1ei5z/need_help_single_mom_in_forbearance/,1,medical,"Need help! Single mom, in forbearance I am unsure of what to do and looking for some advice. I finally wised up and realized that interest is growing on my loans through Nelnet. I owed 9k and now it’s already growing back up again. 

Do I leave my loans in forbearance and pay the interest? Or do I apply for an income plan? OR, defer? 

I am a single mom going through a divorce right now and money is tight but I don’t want to screw myself for the future. Most of the loans are subsidized, all but one. I appreciate any advice ❤️",0.05803571428571429,0.35937499999999994,neutral
Teachers,1nuolcl,CTE Teacher VS Teacher Student Loan Forgiveness,"Hi all,

  
I (M 26) am a CTE Computer Science &amp; Technology Engineering and Design teacher at a Title 1 school in NC. I'm currently a 3rd-year BT, and I'm wondering if I'd qualify for the $17,500 or $5,000 forgiveness.   
  
 I contacted support on the Federal Student Aid website and got a lackluster response saying that they can't give me that information because only the ""back office"" has that, and I would have to wait 3 years until I actually apply to find out. (I'm happy to provide the transcript if wanted!) 

Would any fellow CTE teachers out there have experience with this and be willing to enlighten me? 

If it's a painfully obvious answer, I apologize.

  
Many thanks,",1759264810.0,/r/Teachers/comments/1nuolcl/cte_teacher_vs_teacher_student_loan_forgiveness/,Zestyclose_Lion_5210,https://www.reddit.com/r/Teachers/comments/1nuolcl/cte_teacher_vs_teacher_student_loan_forgiveness/,3,teacher,"CTE Teacher VS Teacher Student Loan Forgiveness Hi all,

  
I (M 26) am a CTE Computer Science &amp; Technology Engineering and Design teacher at a Title 1 school in NC. I'm currently a 3rd-year BT, and I'm wondering if I'd qualify for the $17,500 or $5,000 forgiveness.   
  
 I contacted support on the Federal Student Aid website and got a lackluster response saying that they can't give me that information because only the ""back office"" has that, and I would have to wait 3 years until I actually apply to find out. (I'm happy to provide the transcript if wanted!) 

Would any fellow CTE teachers out there have experience with this and be willing to enlighten me? 

If it's a painfully obvious answer, I apologize.

  
Many thanks,",0.21666666666666667,0.49444444444444446,positive
Teachers,1nu141k,"I’m a teacher, and I’m stricter than my principal. Am I doing too much, taking myself too seriously?","So, there has been a lot on my mind lately, mainly this thought. How can a school run effectively if the teachers have higher standards than the principal?

Ever since I began at this school, about three years ago, we have had problems with administration. Our first superintendent was sick constantly, and had to resign. During this time, our current principal had just began his role in our school. He was still finishing up grad school, and was forced to just “learn on the job” for his entire career. Oh, and he’s my age, mid-20s. Only about a year of subbing and a semester of teaching under his belt before becoming principal.

So in the past, I always gave him the benefit of the doubt. Being a fresher teacher myself, I know what it’s like to have to learn from mistakes and build a boat as it’s sinking. However, this year, I am less patient and forgiving.

Example: students decorate their lockers for spirit week, and make a class poster. One group theme was “Mexican”, and their poster is them in sombreros with goatees, and each locker poster is a vaguely racial stereotype (one is just a picture of cilantro, but another is a racial caricature, so they vary in severity). In the past, when I’ve noticed issues with locker posters, we have let it slide. I kind of gave up this year, when mentioning it, the principal did not care. I guess I go to worst case, social media spread, or a parent reporting it to news. And, frankly, I think it’s just a bad representation of the school. But I get no support.

Another example: students will blatantly disrespect others in front of him, and he just “lets them get it out of their system”. He basically ignores it, and just solves whatever issue they caused without involving them. When I needed help setting up concessions, one student ignored his directions, ignored me, walked away, was FOLLOWED by a peer, and instead of confronting him or the other student, he just “let it slide”. Now I am dealing with more and more disrespect from those specific students as weeks go by. I feel it’s because the principal does not stand up for others or hold students accountable when it is not an immediate issue.

Honestly, just venting here. But also, I just feel like I hold students to a higher standard, but not an unrealistic one. When I compare my rules to other teachers at other schools, I’m fairly relaxed. Just not tolerant of disrespect. I don’t know, part of me feels like I’m just taking the job too seriously. Thoughts?",1759198408.0,/r/Teachers/comments/1nu141k/im_a_teacher_and_im_stricter_than_my_principal_am/,neatoboio,https://www.reddit.com/r/Teachers/comments/1nu141k/im_a_teacher_and_im_stricter_than_my_principal_am/,2,teacher,"I’m a teacher, and I’m stricter than my principal. Am I doing too much, taking myself too seriously? So, there has been a lot on my mind lately, mainly this thought. How can a school run effectively if the teachers have higher standards than the principal?

Ever since I began at this school, about three years ago, we have had problems with administration. Our first superintendent was sick constantly, and had to resign. During this time, our current principal had just began his role in our school. He was still finishing up grad school, and was forced to just “learn on the job” for his entire career. Oh, and he’s my age, mid-20s. Only about a year of subbing and a semester of teaching under his belt before becoming principal.

So in the past, I always gave him the benefit of the doubt. Being a fresher teacher myself, I know what it’s like to have to learn from mistakes and build a boat as it’s sinking. However, this year, I am less patient and forgiving.

Example: students decorate their lockers for spirit week, and make a class poster. One group theme was “Mexican”, and their poster is them in sombreros with goatees, and each locker poster is a vaguely racial stereotype (one is just a picture of cilantro, but another is a racial caricature, so they vary in severity). In the past, when I’ve noticed issues with locker posters, we have let it slide. I kind of gave up this year, when mentioning it, the principal did not care. I guess I go to worst case, social media spread, or a parent reporting it to news. And, frankly, I think it’s just a bad representation of the school. But I get no support.

Another example: students will blatantly disrespect others in front of him, and he just “lets them get it out of their system”. He basically ignores it, and just solves whatever issue they caused without involving them. When I needed help setting up concessions, one student ignored his directions, ignored me, walked away, was FOLLOWED by a peer, and instead of confronting him or the other student, he just “let it slide”. Now I am dealing with more and more disrespect from those specific students as weeks go by. I feel it’s because the principal does not stand up for others or hold students accountable when it is not an immediate issue.

Honestly, just venting here. But also, I just feel like I hold students to a higher standard, but not an unrealistic one. When I compare my rules to other teachers at other schools, I’m fairly relaxed. Just not tolerant of disrespect. I don’t know, part of me feels like I’m just taking the job too seriously. Thoughts?",-0.02350340136054421,0.5004421768707483,neutral
Teachers,1nswii0,Teacher loan forgiveness in GA,"I'm a Georgia teacher interested in getting a graduate degree. I've heard about teacher loan forgiveness. Has anyone done this to pay for graduate school? When researching, it seems super confusing. Does anyone understand this process? From what I'm reading, it seems like you get the loan, pay for 5 years, and then maybe have the option to apply for forgiveness? Not sure though?
",1759086007.0,/r/Teachers/comments/1nswii0/teacher_loan_forgiveness_in_ga/,kellysmileyjane42,https://www.reddit.com/r/Teachers/comments/1nswii0/teacher_loan_forgiveness_in_ga/,4,teacher,"Teacher loan forgiveness in GA I'm a Georgia teacher interested in getting a graduate degree. I've heard about teacher loan forgiveness. Has anyone done this to pay for graduate school? When researching, it seems super confusing. Does anyone understand this process? From what I'm reading, it seems like you get the loan, pay for 5 years, and then maybe have the option to apply for forgiveness? Not sure though?
",0.008333333333333318,0.6138888888888888,neutral
Teachers,1nrd3wk,Constantly being walked in on while pumping,"Hello fellow educators! 


Obligatory on mobile. 


I’m an ISS para at a middle school.


I had a baby over the summer and returned back to work in August. I let my admin team know that I will need to pump twice a day for about 15 minutes. My boss was super accommodating and said whatever I need, he will do it. He wanted to get a mother’s room in place because there are multiple pregnant women that will eventually need a space too, but for now, I’m the only one. I told him that while that gets ready, I would like to use my classroom as I have a couple comfy chairs and dim lighting. I never have more than 4-5 students in there so the plan was for me to send them to the front office to sit in the admins office while I do my thing. 


Since September 2nd, I have been walked in on three different times. Once by a male coach, once by the male assistant principal, and today by the admin assistant. 


I have a big sign that I put OVER MY DOOR HANDLE that says “DO NOT DISTURB” in big bold letters with a cow on it. I figured this would be enough context clues for an adult to understand. 


Yesterday, I was told by the admin assistant that she doesn’t want me to put my students in the office anymore because they distracted her for the 15 minutes that they were in there. I told her that wasn’t her call since it was part of the plan that admin set in place. Today, the principal told me that he would send another staff member up during my times to pump to relieve me and I can go in the tech office (my friend works as the tech lady so I felt comfortable). 


I got a note from my lactation consultant and asked my boss who to send it to at HR for documentation and he said “oh you don’t need to send that, we got it handled”. The situation is in fact, not handled. 


All 3 times I’ve been walked in on, the perpetrators had to lift the sign and used their master key to open the door. I made a big stink about it after the assistant principal came in and it didn’t happen again for a while. Then today, the admin assistant that told me not to send kids to her anymore, doesn’t even knock… just lifts the sign and starts unlocking the door. The tech office friend was by the door and told her not to come in. AA continued to come in and said she just needs to get a tablet. Tech office friend continued to say do not come in here, dubsiepop is pumping, read the sign. AA continues to walk in and shuts the door behind her and starts rummaging. She then understands what’s happening after being yelled at and me struggling to get my shirt over myself. She then claims she didn’t know because she didn’t read the sign and assumed it was something else. 


She then starts to cry because me and tech office friend were like what the hell are you doing, get out and learn to read the signs that are over the door handle. 


I have the letter from my LC and a drafted message with all the dates and times and descriptions of what I’ve been through. 


Any advice? I feel like it is not legal to tell me not to go to HR with my concerns. I like my principal but he has had since the beginning of August to come up with a solid plan and it’s going horrible. I developed mastitis last week because of it being able to adequately pump during the day. 


Please advise me! 


UPDATE: the AA continued to email me asking for forgiveness. I replied back with “thanks for the apology, have a great day!” Apparently that wasn’t good enough so she went in the assistant principals office and cried. The AP came to my class to ask me to find it in my heart to forgive the AA and then said that she wouldn’t have known what the sign meant either. I said “you don’t understand what do not disturb means?” And she said that I need to put that I’m pumping on the sign. 

I found out that the AA talked to a bunch of people about it, trying to get people on her side and to feel bad for her. 

I marched into the main principals office and said “look, I don’t want to be an HR nightmare because I like you. But I cannot continue to be disturbed or work around others that cannot read. And if we are going by these standards, I am going to need signs printed for the outside of bathrooms that state whether they are shitting or pissing. If it’s not a justifiable reason, I will have no choice but to unlock the bathroom door and go in.” He was pissed that these things keep happening, and we walked around the school to find a designated room for lactating women. We found one that fits and now I’m happy. AA and AP will be reprimanded for their behavior. 

Thanks for your support everyone! Happy teaching!",1758921000.0,/r/Teachers/comments/1nrd3wk/constantly_being_walked_in_on_while_pumping/,dubsiepop,https://www.reddit.com/r/Teachers/comments/1nrd3wk/constantly_being_walked_in_on_while_pumping/,265,teacher,"Constantly being walked in on while pumping Hello fellow educators! 


Obligatory on mobile. 


I’m an ISS para at a middle school.


I had a baby over the summer and returned back to work in August. I let my admin team know that I will need to pump twice a day for about 15 minutes. My boss was super accommodating and said whatever I need, he will do it. He wanted to get a mother’s room in place because there are multiple pregnant women that will eventually need a space too, but for now, I’m the only one. I told him that while that gets ready, I would like to use my classroom as I have a couple comfy chairs and dim lighting. I never have more than 4-5 students in there so the plan was for me to send them to the front office to sit in the admins office while I do my thing. 


Since September 2nd, I have been walked in on three different times. Once by a male coach, once by the male assistant principal, and today by the admin assistant. 


I have a big sign that I put OVER MY DOOR HANDLE that says “DO NOT DISTURB” in big bold letters with a cow on it. I figured this would be enough context clues for an adult to understand. 


Yesterday, I was told by the admin assistant that she doesn’t want me to put my students in the office anymore because they distracted her for the 15 minutes that they were in there. I told her that wasn’t her call since it was part of the plan that admin set in place. Today, the principal told me that he would send another staff member up during my times to pump to relieve me and I can go in the tech office (my friend works as the tech lady so I felt comfortable). 


I got a note from my lactation consultant and asked my boss who to send it to at HR for documentation and he said “oh you don’t need to send that, we got it handled”. The situation is in fact, not handled. 


All 3 times I’ve been walked in on, the perpetrators had to lift the sign and used their master key to open the door. I made a big stink about it after the assistant principal came in and it didn’t happen again for a while. Then today, the admin assistant that told me not to send kids to her anymore, doesn’t even knock… just lifts the sign and starts unlocking the door. The tech office friend was by the door and told her not to come in. AA continued to come in and said she just needs to get a tablet. Tech office friend continued to say do not come in here, dubsiepop is pumping, read the sign. AA continues to walk in and shuts the door behind her and starts rummaging. She then understands what’s happening after being yelled at and me struggling to get my shirt over myself. She then claims she didn’t know because she didn’t read the sign and assumed it was something else. 


She then starts to cry because me and tech office friend were like what the hell are you doing, get out and learn to read the signs that are over the door handle. 


I have the letter from my LC and a drafted message with all the dates and times and descriptions of what I’ve been through. 


Any advice? I feel like it is not legal to tell me not to go to HR with my concerns. I like my principal but he has had since the beginning of August to come up with a solid plan and it’s going horrible. I developed mastitis last week because of it being able to adequately pump during the day. 


Please advise me! 


UPDATE: the AA continued to email me asking for forgiveness. I replied back with “thanks for the apology, have a great day!” Apparently that wasn’t good enough so she went in the assistant principals office and cried. The AP came to my class to ask me to find it in my heart to forgive the AA and then said that she wouldn’t have known what the sign meant either. I said “you don’t understand what do not disturb means?” And she said that I need to put that I’m pumping on the sign. 

I found out that the AA talked to a bunch of people about it, trying to get people on her side and to feel bad for her. 

I marched into the main principals office and said “look, I don’t want to be an HR nightmare because I like you. But I cannot continue to be disturbed or work around others that cannot read. And if we are going by these standards, I am going to need signs printed for the outside of bathrooms that state whether they are shitting or pissing. If it’s not a justifiable reason, I will have no choice but to unlock the bathroom door and go in.” He was pissed that these things keep happening, and we walked around the school to find a designated room for lactating women. We found one that fits and now I’m happy. AA and AP will be reprimanded for their behavior. 

Thanks for your support everyone! Happy teaching!",0.11704545454545455,0.40928030303030294,positive
Teachers,1nr3bud,Student loans!,"Hey everyone, 
I assume you are all educators or future educators here, and I am having tremendous trouble finding a good student loan that doesn’t require a co-signer. I’m in my junior year at WSU in Detroit MI and I am so fucking close to being “done” and getting my teaching certification, I cannot give up now. My payment for this semester is a little over 8 grand. I applied thru fafsa of course and my family receives very little income yearly literally less than 20,000 yet I only received 1,000 in aid. I’m afraid to accept more government loans as they already put me in repayment for one that shouldn’t start until I graduate (going to my financial aid office Tuesday to get that sorted out bc wtf) but do any of you know of any teaching grants or loans I could apply for for future educators? I am a first gen student if that helps with any criteria and am majoring in secondary social studies education, grades 7-12th. If you can’t tell, I’m freaking the fuck out. How are we expected to pay for school? And pay back this debt? My family is absolutely no help, as I have an alcoholic mom and a felon father lol I am quite literally shit out of luck. Sorry I know this is a very woe is me post so forgive me on that, I am just so completely lost, and stressed out. Thanks in advance for some guidance if I get any😂😮‍💨",1758898113.0,/r/Teachers/comments/1nr3bud/student_loans/,Able_Mirror7106,https://www.reddit.com/r/Teachers/comments/1nr3bud/student_loans/,3,teacher,"Student loans! Hey everyone, 
I assume you are all educators or future educators here, and I am having tremendous trouble finding a good student loan that doesn’t require a co-signer. I’m in my junior year at WSU in Detroit MI and I am so fucking close to being “done” and getting my teaching certification, I cannot give up now. My payment for this semester is a little over 8 grand. I applied thru fafsa of course and my family receives very little income yearly literally less than 20,000 yet I only received 1,000 in aid. I’m afraid to accept more government loans as they already put me in repayment for one that shouldn’t start until I graduate (going to my financial aid office Tuesday to get that sorted out bc wtf) but do any of you know of any teaching grants or loans I could apply for for future educators? I am a first gen student if that helps with any criteria and am majoring in secondary social studies education, grades 7-12th. If you can’t tell, I’m freaking the fuck out. How are we expected to pay for school? And pay back this debt? My family is absolutely no help, as I have an alcoholic mom and a felon father lol I am quite literally shit out of luck. Sorry I know this is a very woe is me post so forgive me on that, I am just so completely lost, and stressed out. Thanks in advance for some guidance if I get any😂😮‍💨",-0.02521551724137931,0.5160919540229886,neutral
Teachers,1noyn6w,Extremly Difficult Students,"Hi all,

I am working in a pupil referral unit (for those unaware, a school/service for children who can’t attend a mainstream/regular school). My students all have additional needs (asd, adhd) and have had pretty bad starts to their lives. Taking all this on board, I try to be as positive and forgiving as I can, however lately I’m at the end of my rope. My students don’t listen to me, constantly verbally abuse me about weight, other characteristics, have started falsely accusing me of things (management know, and know that I have not done any of these + 99% there is another staff member present) and calling me severe terms e.g “a kiddie watcher” (not sure if I can use the actual word on here) My internal managers are great, but this just keeps happening again and again and I don’t really know what I can do. I have started to just stand and ignore them shouting at me as they are often trying to control the situation and getting me to leave, however understandably its taking a toll and I dread seeing them because of how horrible they are. ",1758675186.0,/r/Teachers/comments/1noyn6w/extremly_difficult_students/,seabreeze203,https://www.reddit.com/r/Teachers/comments/1noyn6w/extremly_difficult_students/,1,teacher,"Extremly Difficult Students Hi all,

I am working in a pupil referral unit (for those unaware, a school/service for children who can’t attend a mainstream/regular school). My students all have additional needs (asd, adhd) and have had pretty bad starts to their lives. Taking all this on board, I try to be as positive and forgiving as I can, however lately I’m at the end of my rope. My students don’t listen to me, constantly verbally abuse me about weight, other characteristics, have started falsely accusing me of things (management know, and know that I have not done any of these + 99% there is another staff member present) and calling me severe terms e.g “a kiddie watcher” (not sure if I can use the actual word on here) My internal managers are great, but this just keeps happening again and again and I don’t really know what I can do. I have started to just stand and ignore them shouting at me as they are often trying to control the situation and getting me to leave, however understandably its taking a toll and I dread seeing them because of how horrible they are. ",-0.11235795454545454,0.5349589646464645,negative
Teachers,1nllr06,Do you also have school tech people that dont allow you to do your job effectively?,"Technology has been changing fast. But as I change schools and decisions have been made without input from teachers---I feel we are not allowed to use technology, especially older technology to its fullest potential. Especially those of us that are very good with it and use it.

Please feel free to comment on anything. 

  
**Issues I have had the last few years.**

a. **One screen-** Last school we had macs (2020). 14 inch screen. I asked for a second screen,  and was told that I did not need it.  Go into the tech office.  3 fucking screens.  Finally got one. But the POS macs we had would only allow two.....Main screen and smart board. So I had to buy a dock with Display link to actually do what a computer was designed to do. New school--I have a older, unpowered dock and brought in an extra screen I had at home.  Not asking for permission or forgiveness.

b. **Extra USB ports-** Those POS macs had one USB port. But we needed -a doc camera, -the smartboard, -a ten key because the pos mac does not have one, -mouse, -trackpad remote mouse,  The dock fixed that problem, but had to pull teeth to allow it. 

  
c. **Software/teaching technology-** Last school pulled all of our PROMETHEAN boards because--""no one was using them"".....I WAS!!!! Then we were given no way to convert Promethean/smartboard files to something that was usable.  I worked my ass off to put those together. Now, they are useless. 

get to new district--I am not allowed to install either software to use past work. So I get to reinvent the wheel. 

  
d. **Security beyond belief and using personal devices for everything--** New district--we are not allowed to install anything on our computers. Not Smartboard. Not Promethean. Not Displaylink. Not Easy Grade pro.  Remember Easy Grade Pro--the best gradebook ever???? I use EGP for seats because nothing compares for a seating chart. it does not connect to the internet and is very benign.  But NO. It is third party software and that is not allowed. Then said they did not have a cd-rom to install it. I DO.  I need tech admin approval to go to the bathroom. Felt like the response was a ""you will get nothing  and like it"" answer.

second part---why do schools expect teachers to use their personal devices to change passwords and log in when they are not paying for it? Kind of like the separation of church and state.  Every day, I have to use my phone for an authentication code instead of just letting me log in. Hate having it. I refuse to use my phone for anything school--schoology/email/all the fricken apps we have to use. Nope. No way. 

Last school-AD self service

  
I think that is it for now. I know I can be picky--but I know what I am doing and have the resources to teach. Tech should not limit me to what I can do. Please discuss. ",1758332998.0,/r/Teachers/comments/1nllr06/do_you_also_have_school_tech_people_that_dont/,Several-Honey-8810,https://www.reddit.com/r/Teachers/comments/1nllr06/do_you_also_have_school_tech_people_that_dont/,12,teacher,"Do you also have school tech people that dont allow you to do your job effectively? Technology has been changing fast. But as I change schools and decisions have been made without input from teachers---I feel we are not allowed to use technology, especially older technology to its fullest potential. Especially those of us that are very good with it and use it.

Please feel free to comment on anything. 

  
**Issues I have had the last few years.**

a. **One screen-** Last school we had macs (2020). 14 inch screen. I asked for a second screen,  and was told that I did not need it.  Go into the tech office.  3 fucking screens.  Finally got one. But the POS macs we had would only allow two.....Main screen and smart board. So I had to buy a dock with Display link to actually do what a computer was designed to do. New school--I have a older, unpowered dock and brought in an extra screen I had at home.  Not asking for permission or forgiveness.

b. **Extra USB ports-** Those POS macs had one USB port. But we needed -a doc camera, -the smartboard, -a ten key because the pos mac does not have one, -mouse, -trackpad remote mouse,  The dock fixed that problem, but had to pull teeth to allow it. 

  
c. **Software/teaching technology-** Last school pulled all of our PROMETHEAN boards because--""no one was using them"".....I WAS!!!! Then we were given no way to convert Promethean/smartboard files to something that was usable.  I worked my ass off to put those together. Now, they are useless. 

get to new district--I am not allowed to install either software to use past work. So I get to reinvent the wheel. 

  
d. **Security beyond belief and using personal devices for everything--** New district--we are not allowed to install anything on our computers. Not Smartboard. Not Promethean. Not Displaylink. Not Easy Grade pro.  Remember Easy Grade Pro--the best gradebook ever???? I use EGP for seats because nothing compares for a seating chart. it does not connect to the internet and is very benign.  But NO. It is third party software and that is not allowed. Then said they did not have a cd-rom to install it. I DO.  I need tech admin approval to go to the bathroom. Felt like the response was a ""you will get nothing  and like it"" answer.

second part---why do schools expect teachers to use their personal devices to change passwords and log in when they are not paying for it? Kind of like the separation of church and state.  Every day, I have to use my phone for an authentication code instead of just letting me log in. Hate having it. I refuse to use my phone for anything school--schoology/email/all the fricken apps we have to use. Nope. No way. 

Last school-AD self service

  
I think that is it for now. I know I can be picky--but I know what I am doing and have the resources to teach. Tech should not limit me to what I can do. Please discuss. ",0.07250108225108223,0.4492456709956709,neutral
Teachers,1nfianj,It it okay my Superintendent is sending us staff emails about politically motivated nonsense?,"Every 2 weeks we get an ""all staff email"". Everyone who gets a pay check gets this update from the super. 

It's been budget focused the past few months because Michigan hasn't passed out state budget yet. 

Today it was 9-11 based... Until it wasn't. 

Lines include:
""Please forgive me for taking a moment to share my heavy thoughts from this past week.""

Some very *patriotic* words baout what the flag means. Some 9-11 remembering... But it was all not feeling like ""remember 9/11""

""These attacks no longer come from across the world, from another country, causing us to come together as a nation. This week's horrific attacks came from within, from a fellow citizen""  

""our flag is STILL a powerful symbol, and it DOES still stand for freedom, freedom for us ALL. And I am STILL proud to be an American.."" 

And my favorite ""Thank you for letting me share my jumbled thoughts and my tears as we remember 9/11 and as we grieve another horrific act of violence in our country. I know I am not alone in these feelings. My thoughts and prayers go out to the family of Charlie Kirk; and the those injured in yet another school shooting""

She named Charlie Kirk... An influencer. A podcaster.... Not the 40+ schools shot up this year. Not the Minnesota senator who was murdered in her home. Not people being kidnapped and thrown into foreign prisons by ICE. 

I'm just... So done. Like the school shooting was an after thought to our super. 

I'm frustrated. I'm tired. I'm honestly terrified of where we're heading. I'm pissed our countries (and district?) leadership is... Sub-par. 
/end rant",1757719733.0,/r/Teachers/comments/1nfianj/it_it_okay_my_superintendent_is_sending_us_staff/,MAmoribo,https://www.reddit.com/r/Teachers/comments/1nfianj/it_it_okay_my_superintendent_is_sending_us_staff/,854,teacher,"It it okay my Superintendent is sending us staff emails about politically motivated nonsense? Every 2 weeks we get an ""all staff email"". Everyone who gets a pay check gets this update from the super. 

It's been budget focused the past few months because Michigan hasn't passed out state budget yet. 

Today it was 9-11 based... Until it wasn't. 

Lines include:
""Please forgive me for taking a moment to share my heavy thoughts from this past week.""

Some very *patriotic* words baout what the flag means. Some 9-11 remembering... But it was all not feeling like ""remember 9/11""

""These attacks no longer come from across the world, from another country, causing us to come together as a nation. This week's horrific attacks came from within, from a fellow citizen""  

""our flag is STILL a powerful symbol, and it DOES still stand for freedom, freedom for us ALL. And I am STILL proud to be an American.."" 

And my favorite ""Thank you for letting me share my jumbled thoughts and my tears as we remember 9/11 and as we grieve another horrific act of violence in our country. I know I am not alone in these feelings. My thoughts and prayers go out to the family of Charlie Kirk; and the those injured in yet another school shooting""

She named Charlie Kirk... An influencer. A podcaster.... Not the 40+ schools shot up this year. Not the Minnesota senator who was murdered in her home. Not people being kidnapped and thrown into foreign prisons by ICE. 

I'm just... So done. Like the school shooting was an after thought to our super. 

I'm frustrated. I'm tired. I'm honestly terrified of where we're heading. I'm pissed our countries (and district?) leadership is... Sub-par. 
/end rant",-0.029385964912280696,0.5399122807017542,neutral
Teachers,1ndksq5,I am starting to hate teaching specials,"Forgive the wall of text, I just need to rant into the void. 

I am an elementary music teacher in my third year and I’m beginning to loathe teaching specials. I moved from one district to my current, thinking (hoping really) that what I was experiencing wasn’t the norm. 

I love my content. I love my students. I just hate how we are treated. 

Every day there is something. I have students with behavioral plans that I don’t find out about until week 2, IEPs that I need to beg for, a comment from a colleague about how fun and easy my subject is here and there, you name it. Students that need paras in their regular classes are sent to me without one. Last week alone I was scratched by a student, and when I reported the incident I was told “Oh, that kind of behavior is outlined in his plan.” that’s great, the plan you didn’t send me? “If you need help, use your walkie.” You didn’t give me a walkie. I had to wait 4 weeks into the year until I got hurt! I have 600+ students, yes, but I still need to know about these things *before* they happen. 

Other teachers at my school ignore me for the most part. I have a handful of trusted colleagues that keep me sane, but it’s disheartening not being able to make those connections across the board. I genuinely try so hard to be outgoing, helpful, and supportive to our classroom teachers. I’m spending additional time this year sprinkling in reading and writing because unsurprisingly, a large percentage of our students cannot read or write. 

Parents don’t view specials teachers as real teachers either. I’ve sent 5 emails, all unanswered, but 3 of them were just forwarded to the classroom teacher for their interpretation. I’ve had parents ask me “How can ___ be disruptive in music?? It’s music.”

The cherry on top and real reason for this post is I had to take two sick days, and was informed that they couldn’t find a sub, so my classes for yesterday and today are simply not having music. When other teachers miss, my admin bends over backwards to cover their rooms, but my subject isn’t important enough? I feel so guilty that 13 classes now are skipping their specials time this week. 

My heart has always been with elementary but I’m beginning to wonder if I need to work with older kids just to earn a little respect, or switch content area altogether. 

Based on conversations with my mentors and friends also teaching music at the elementary level in different states/districts it seems the general attitude towards what we handle and deal with is ‘it is the way it is’ but I don’t know if I have thick enough skin to be professionally belittled forever. ",1757525652.0,/r/Teachers/comments/1ndksq5/i_am_starting_to_hate_teaching_specials/,Nearby-Window2899,https://www.reddit.com/r/Teachers/comments/1ndksq5/i_am_starting_to_hate_teaching_specials/,10,teacher,"I am starting to hate teaching specials Forgive the wall of text, I just need to rant into the void. 

I am an elementary music teacher in my third year and I’m beginning to loathe teaching specials. I moved from one district to my current, thinking (hoping really) that what I was experiencing wasn’t the norm. 

I love my content. I love my students. I just hate how we are treated. 

Every day there is something. I have students with behavioral plans that I don’t find out about until week 2, IEPs that I need to beg for, a comment from a colleague about how fun and easy my subject is here and there, you name it. Students that need paras in their regular classes are sent to me without one. Last week alone I was scratched by a student, and when I reported the incident I was told “Oh, that kind of behavior is outlined in his plan.” that’s great, the plan you didn’t send me? “If you need help, use your walkie.” You didn’t give me a walkie. I had to wait 4 weeks into the year until I got hurt! I have 600+ students, yes, but I still need to know about these things *before* they happen. 

Other teachers at my school ignore me for the most part. I have a handful of trusted colleagues that keep me sane, but it’s disheartening not being able to make those connections across the board. I genuinely try so hard to be outgoing, helpful, and supportive to our classroom teachers. I’m spending additional time this year sprinkling in reading and writing because unsurprisingly, a large percentage of our students cannot read or write. 

Parents don’t view specials teachers as real teachers either. I’ve sent 5 emails, all unanswered, but 3 of them were just forwarded to the classroom teacher for their interpretation. I’ve had parents ask me “How can ___ be disruptive in music?? It’s music.”

The cherry on top and real reason for this post is I had to take two sick days, and was informed that they couldn’t find a sub, so my classes for yesterday and today are simply not having music. When other teachers miss, my admin bends over backwards to cover their rooms, but my subject isn’t important enough? I feel so guilty that 13 classes now are skipping their specials time this week. 

My heart has always been with elementary but I’m beginning to wonder if I need to work with older kids just to earn a little respect, or switch content area altogether. 

Based on conversations with my mentors and friends also teaching music at the elementary level in different states/districts it seems the general attitude towards what we handle and deal with is ‘it is the way it is’ but I don’t know if I have thick enough skin to be professionally belittled forever. ",0.09040697674418605,0.5177080671266718,neutral
Teachers,1na0gpx,Teacher loan forgiveness approved (2025),"I’ve been searching on this sub and similar for updates on the timeline for teacher loan forgiveness approval/denial process. I didn’t find much, so I’m posting this to help others have an idea of the process.

First, here’s the criteria 

https://studentaid.gov/manage-loans/forgiveness-cancellation/teacher

This past school year (24-25) was my fifth year teaching. I bounced around to different school districts and had to reach out to HRs and ask to fill out their parts for my application to verify I worked there. I submitted mine on the Mohela website on May 22nd. 

May 29th I got a letter saying my application was forwarded to the dept of ed.

June 18th another letter was sent with a repayment schedule starting April 2026 

August 7th another repayment schedule starting June 2026

The week of August 18th I signed in to my Mohela account again and no change.


This morning (9/6/25) I signed in and my balance decreased from $29,130 to $11,630.
The full $17,500 was forgiven 

I teach secondary math btw 


But I hope this helps anyone who plans on submitting an application ",1757167676.0,/r/Teachers/comments/1na0gpx/teacher_loan_forgiveness_approved_2025/,simplexseason,https://www.reddit.com/r/Teachers/comments/1na0gpx/teacher_loan_forgiveness_approved_2025/,61,teacher,"Teacher loan forgiveness approved (2025) I’ve been searching on this sub and similar for updates on the timeline for teacher loan forgiveness approval/denial process. I didn’t find much, so I’m posting this to help others have an idea of the process.

First, here’s the criteria 

https://studentaid.gov/manage-loans/forgiveness-cancellation/teacher

This past school year (24-25) was my fifth year teaching. I bounced around to different school districts and had to reach out to HRs and ask to fill out their parts for my application to verify I worked there. I submitted mine on the Mohela website on May 22nd. 

May 29th I got a letter saying my application was forwarded to the dept of ed.

June 18th another letter was sent with a repayment schedule starting April 2026 

August 7th another repayment schedule starting June 2026

The week of August 18th I signed in to my Mohela account again and no change.


This morning (9/6/25) I signed in and my balance decreased from $29,130 to $11,630.
The full $17,500 was forgiven 

I teach secondary math btw 


But I hope this helps anyone who plans on submitting an application ",-0.015000000000000003,0.35333333333333333,neutral
Teachers,1n6za1p,Private Teacher,"Someone wants to hire me as their private teacher. That person will provide accomadation and visa. She said that she noticed my application in a teaching job portal and contacted me. 

I want to get that job because it is aligned from what degree I have. However, I am still new and quite ignorant from things. At the same time, I am afraid that it might not really true nor it's not safe. I would like to hear some opinion regarding this. 

P.S forgive my grammar. I am not a NES. Thanks. 
",1756856190.0,/r/Teachers/comments/1n6za1p/private_teacher/,mikii_003,https://www.reddit.com/r/Teachers/comments/1n6za1p/private_teacher/,0,teacher,"Private Teacher Someone wants to hire me as their private teacher. That person will provide accomadation and visa. She said that she noticed my application in a teaching job portal and contacted me. 

I want to get that job because it is aligned from what degree I have. However, I am still new and quite ignorant from things. At the same time, I am afraid that it might not really true nor it's not safe. I would like to hear some opinion regarding this. 

P.S forgive my grammar. I am not a NES. Thanks. 
",-0.05429292929292929,0.40883838383838383,neutral
Teachers,1n2ejrb,Need guidance on becoming an early childhood teacher in IL,"Forgive me please as I am not a teacher, but my wife wants to become one. She doesn't have a Reddit account, so here I am. She's here next to me as I type. My wife is currently a teaching assistant in a preschool class and wants to become a full-blown Early Childhood teacher. She has her bachelor's degree in an unrelated field (hospitality business management if it's relevant), and she's unsure what additional steps she needs to take. A teaching certificate? Does she need a whole second bachelor's degree? We have see information about ""short-term"" approval"" and an PEL... Lot's of very confusing information out there that we can't make heads or tails of. 

We have a local community college with an early childhood program, but I like to think you all can help us make sure she's headed down the right path and avoid wasting time before she starts registering for classes. I know it will come up, she has an appointment with an advisor at the college, but I place some value in the aggregate knowledge of random teachers on the internet.

  
Mods, let me know if I have broken any rules. I read through them and I don't think I have, but I will correct or fix anything that needs correcting or fixing.",1756393080.0,/r/Teachers/comments/1n2ejrb/need_guidance_on_becoming_an_early_childhood/,Fucking_Casuals,https://www.reddit.com/r/Teachers/comments/1n2ejrb/need_guidance_on_becoming_an_early_childhood/,3,teacher,"Need guidance on becoming an early childhood teacher in IL Forgive me please as I am not a teacher, but my wife wants to become one. She doesn't have a Reddit account, so here I am. She's here next to me as I type. My wife is currently a teaching assistant in a preschool class and wants to become a full-blown Early Childhood teacher. She has her bachelor's degree in an unrelated field (hospitality business management if it's relevant), and she's unsure what additional steps she needs to take. A teaching certificate? Does she need a whole second bachelor's degree? We have see information about ""short-term"" approval"" and an PEL... Lot's of very confusing information out there that we can't make heads or tails of. 

We have a local community college with an early childhood program, but I like to think you all can help us make sure she's headed down the right path and avoid wasting time before she starts registering for classes. I know it will come up, she has an appointment with an advisor at the college, but I place some value in the aggregate knowledge of random teachers on the internet.

  
Mods, let me know if I have broken any rules. I read through them and I don't think I have, but I will correct or fix anything that needs correcting or fixing.",0.060564373897707253,0.37686067019400354,neutral
Teachers,1mvu5go,EdWeek - Some Teachers Could Lose Out on Student Loan Forgiveness,"I'm not sure if anyone saw this article from EdWeek yesterday (https://www.edweek.org/teaching-learning/some-teachers-could-lose-out-on-loan-forgiveness-under-trump-admin-proposal/2025/08) that again raises concerns about disqualifying districts that serve undocumented and transgender students as eligible employers under PSLF.

I know others have said this fear is overblown and won't be applied, but I have zero trust that this administration won't attempt to inflict maximum pain to accomplish their agenda.",1755730601.0,/r/Teachers/comments/1mvu5go/edweek_some_teachers_could_lose_out_on_student/,Familiar-Midnight-12,https://www.reddit.com/r/Teachers/comments/1mvu5go/edweek_some_teachers_could_lose_out_on_student/,124,teacher,"EdWeek - Some Teachers Could Lose Out on Student Loan Forgiveness I'm not sure if anyone saw this article from EdWeek yesterday (https://www.edweek.org/teaching-learning/some-teachers-could-lose-out-on-loan-forgiveness-under-trump-admin-proposal/2025/08) that again raises concerns about disqualifying districts that serve undocumented and transgender students as eligible employers under PSLF.

I know others have said this fear is overblown and won't be applied, but I have zero trust that this administration won't attempt to inflict maximum pain to accomplish their agenda.",-0.25,0.8888888888888888,negative
Teachers,1mtwvp4,Input Needed on Required for ASB/Leadership Hours,"Hi everyone!

**Background:** I am the ASB advisor at my mid-sized (1700 student) school. I teach a 90-minute class period with my leadership students 2-3 days a week (rolling block). I took over the program a couple of years ago and it lacked structure and accountability, I have been working on changing it since then.

**Question:** I want to require a certain number of service hours that my students need to complete each semester for their grade, to encourage accountability of students actually working the events we plan and staying involved in their community. *How many hours is reasonable?* These kids are super involved in lots of school activities and jobs and I don't want to overwhelm them, but I've also struggled to get them to support their own events, so clearly a requirement is needed. I also don't think this class should be the automatic A that it has been in the past.

* Maybe working an event vs. attending an event could yield different points.
* I like the idea that the requirement increases by grade, so 12th grade students need to engage more than 9th grade students.
* I'm also toying with the idea of a passport of sorts to get them to attend other events, i.e. one theater production, one sporting event, etc.

Open to any and all suggestions. Thank you in advance!!

ETA: Please forgive the typo in my post title, I changed it and didn't notice until it was posted. :(",1755547468.0,/r/Teachers/comments/1mtwvp4/input_needed_on_required_for_asbleadership_hours/,pitasmama,https://www.reddit.com/r/Teachers/comments/1mtwvp4/input_needed_on_required_for_asbleadership_hours/,2,teacher,"Input Needed on Required for ASB/Leadership Hours Hi everyone!

**Background:** I am the ASB advisor at my mid-sized (1700 student) school. I teach a 90-minute class period with my leadership students 2-3 days a week (rolling block). I took over the program a couple of years ago and it lacked structure and accountability, I have been working on changing it since then.

**Question:** I want to require a certain number of service hours that my students need to complete each semester for their grade, to encourage accountability of students actually working the events we plan and staying involved in their community. *How many hours is reasonable?* These kids are super involved in lots of school activities and jobs and I don't want to overwhelm them, but I've also struggled to get them to support their own events, so clearly a requirement is needed. I also don't think this class should be the automatic A that it has been in the past.

* Maybe working an event vs. attending an event could yield different points.
* I like the idea that the requirement increases by grade, so 12th grade students need to engage more than 9th grade students.
* I'm also toying with the idea of a passport of sorts to get them to attend other events, i.e. one theater production, one sporting event, etc.

Open to any and all suggestions. Thank you in advance!!

ETA: Please forgive the typo in my post title, I changed it and didn't notice until it was posted. :(",0.10161564625850339,0.5318877551020408,positive
Teachers,1mrg0ne,"My admin tried to belittle me by printing out an email and ""teaching me English"" at my door this morning...","So, a 7th-grade boy at my school told a female student to ""suck his &lt;peepee&gt;"" this week. A different teacher on my interdisciplinary team tried to write a referral, as that kind of language, especially directed specifically at another student, is just not acceptable in any learning environment.

The grade level admin (who I already despise tbh because he's a useless coward) said ""that's a teacher-managed problem,"" and basically set the precedent that hateful, crass language directed at anyone is a ""teacher-managed"" issue. Setting that precedent, the student then told the same teacher the next day to ""shut the fuck up.""

The teacher reasonably asked for help because she was basically told she couldn't write referrals for those instances of behavior. I then e-mailed said AP, CC-ing the other teacher on it, and did a ""just to confirm with you and circle back... THESE are teacher-managed?""

Man was so fucking shook up he came to my door this morning, with the same email, and took out his pen with the famous words of ""I was an English teacher, so I love doing this..."" as he proceeded to try and belittle me by ""correcting my English."" (I literally had maybe one or two mistyped things that were autocorrected incorrectly).

I literally was so pissed I threw professionalism out the window for a moment and cut him off with a ""Are we here to talk about the typos or the content? Because I think the content of the email is significantly more important...""

He then proceeded to break it down and tell me that even though the teacher heard the student say ""suck my..."" because she didn't hear the FULL word that followed, ""it doesn't count."" &gt;\_&gt;

He then brought up the second development and was like ""and I had no idea about this."" (in regard to the ""shut the fuck up"" one). However, I emphasized that he had set a false precedent that this kind of language is a teacher-managed issue, and basically confused the other teacher (and me) into believing that this was now her/our problem, and not his. He also did this last year with several issues that arose. If he could make it not his problem, that's exactly what he did (coward).

He insinuated an almost ""how dare I put it in email"" vibe without directly saying so.

But honestly, man wasn't shit last year, and I came into this year with a fresh mindset ready to forgive and forget. We're on week 2 and he's already on my permanent shit list for this year because of this unprofessional and highly unnecessary interaction. Hope his 30-second power trip was worth it, because all he did was solidify what a useless, cowardly, persnickety, petty, pompous asshole he is. Which basically means, beyond the bare minimum civility, I will not be going out of my way to be pleasant or nice with him.

Why do admins feel the need to infantilize their staff for holding them accountable for their lackluster support of teachers and extreme behavior from students?",1755305546.0,/r/Teachers/comments/1mrg0ne/my_admin_tried_to_belittle_me_by_printing_out_an/,Careful_Feedback6940,https://www.reddit.com/r/Teachers/comments/1mrg0ne/my_admin_tried_to_belittle_me_by_printing_out_an/,1240,teacher,"My admin tried to belittle me by printing out an email and ""teaching me English"" at my door this morning... So, a 7th-grade boy at my school told a female student to ""suck his &lt;peepee&gt;"" this week. A different teacher on my interdisciplinary team tried to write a referral, as that kind of language, especially directed specifically at another student, is just not acceptable in any learning environment.

The grade level admin (who I already despise tbh because he's a useless coward) said ""that's a teacher-managed problem,"" and basically set the precedent that hateful, crass language directed at anyone is a ""teacher-managed"" issue. Setting that precedent, the student then told the same teacher the next day to ""shut the fuck up.""

The teacher reasonably asked for help because she was basically told she couldn't write referrals for those instances of behavior. I then e-mailed said AP, CC-ing the other teacher on it, and did a ""just to confirm with you and circle back... THESE are teacher-managed?""

Man was so fucking shook up he came to my door this morning, with the same email, and took out his pen with the famous words of ""I was an English teacher, so I love doing this..."" as he proceeded to try and belittle me by ""correcting my English."" (I literally had maybe one or two mistyped things that were autocorrected incorrectly).

I literally was so pissed I threw professionalism out the window for a moment and cut him off with a ""Are we here to talk about the typos or the content? Because I think the content of the email is significantly more important...""

He then proceeded to break it down and tell me that even though the teacher heard the student say ""suck my..."" because she didn't hear the FULL word that followed, ""it doesn't count."" &gt;\_&gt;

He then brought up the second development and was like ""and I had no idea about this."" (in regard to the ""shut the fuck up"" one). However, I emphasized that he had set a false precedent that this kind of language is a teacher-managed issue, and basically confused the other teacher (and me) into believing that this was now her/our problem, and not his. He also did this last year with several issues that arose. If he could make it not his problem, that's exactly what he did (coward).

He insinuated an almost ""how dare I put it in email"" vibe without directly saying so.

But honestly, man wasn't shit last year, and I came into this year with a fresh mindset ready to forgive and forget. We're on week 2 and he's already on my permanent shit list for this year because of this unprofessional and highly unnecessary interaction. Hope his 30-second power trip was worth it, because all he did was solidify what a useless, cowardly, persnickety, petty, pompous asshole he is. Which basically means, beyond the bare minimum civility, I will not be going out of my way to be pleasant or nice with him.

Why do admins feel the need to infantilize their staff for holding them accountable for their lackluster support of teachers and extreme behavior from students?",0.05006172839506174,0.47012345679012346,neutral
Teachers,1mkz69n,Recs for ES Classroom Materials?,"Hello all! This is my first time making a Reddit post, so please forgive any inaccuracies of structure or anything like that...

  
This is my first year teaching! My classroom will be Emotional Support Elementary - primarily upper elementary. My caseload is currently at eight kiddos, with three of those being full-time, the rest being a mix of supplemental and itinerant.

  
I am used to teaching self-contained Autistic Support, so I am a little out of my realm of comfort, but I'm taking it as a challenge with open arms! As it stands, the previous teacher to my classroom is leaving a lot of academic materials, such as manipulatives for academics.

  
I'm really not one to decorate (since I'm not savvy in that department). I was hoping for some recommendations on where to purchase supplies, helpful tips for situating desks, etc.

  
As it stands now, my three full-time students will have their own ""stations"". Three of my classroom paras will have their space next to those students. I'm going to more or less let them supply their own materials to match their comfort, since two of the three full-time paras have been in my classroom for a handful of years. 

My room is actually quite large! It's the shape of a rectangle - smart board is on the center right wall, de-escalation (padded corner) is in the back right, kidney tables is in front of smart board, waist-height bookshelf is located on the left side wall to section out space. It was recommended to me to have students not facing one another, since they can egg each other on per say.

  
The one thing I am certain about is that I will be making a visual block schedule on the sliding whiteboard (length of space by the door on the short end of the rectangle). This will serve as a good reference for my paras and to, hopefully, aid in transitions for students.

  
But yes! Any recommendations for how to separate space? Any materials out of pocket I should prioritize?",1754668935.0,/r/Teachers/comments/1mkz69n/recs_for_es_classroom_materials/,AlpsSoft4582,https://www.reddit.com/r/Teachers/comments/1mkz69n/recs_for_es_classroom_materials/,2,teacher,"Recs for ES Classroom Materials? Hello all! This is my first time making a Reddit post, so please forgive any inaccuracies of structure or anything like that...

  
This is my first year teaching! My classroom will be Emotional Support Elementary - primarily upper elementary. My caseload is currently at eight kiddos, with three of those being full-time, the rest being a mix of supplemental and itinerant.

  
I am used to teaching self-contained Autistic Support, so I am a little out of my realm of comfort, but I'm taking it as a challenge with open arms! As it stands, the previous teacher to my classroom is leaving a lot of academic materials, such as manipulatives for academics.

  
I'm really not one to decorate (since I'm not savvy in that department). I was hoping for some recommendations on where to purchase supplies, helpful tips for situating desks, etc.

  
As it stands now, my three full-time students will have their own ""stations"". Three of my classroom paras will have their space next to those students. I'm going to more or less let them supply their own materials to match their comfort, since two of the three full-time paras have been in my classroom for a handful of years. 

My room is actually quite large! It's the shape of a rectangle - smart board is on the center right wall, de-escalation (padded corner) is in the back right, kidney tables is in front of smart board, waist-height bookshelf is located on the left side wall to section out space. It was recommended to me to have students not facing one another, since they can egg each other on per say.

  
The one thing I am certain about is that I will be making a visual block schedule on the sliding whiteboard (length of space by the door on the short end of the rectangle). This will serve as a good reference for my paras and to, hopefully, aid in transitions for students.

  
But yes! Any recommendations for how to separate space? Any materials out of pocket I should prioritize?",0.1264790764790765,0.3933982683982684,positive
Teachers,1mkja7b,FYT - Red Flag Admin? Should I take this position (if offered)? (HELP),"**Please forgive me in advance for the length of this post, but I am** ***stressed*** **and need some friendly neighborhood teacher advice.** 

**Rundown**:   
First year teacher. VERY high needs public school (in-house social worker). Principal lied to my face in my first interview. Taking forever to get the hiring process rolling, I haven't even gotten the official job offer yet, haven't heard anything in days, and school starts on Monday (I write this the Thursday evening before). BUT, this may be the first job offer I've had, and school starts Monday. In most other districts near me school has already started.

**In-depth Context:**   
Tuesday July 22nd. During my first interview I asked the principal about the school culture; how was parent engagement, what's the community like, etc. She said they don't have huge attendance issues, very involved parents; her main goal was to increase scores to match state-wide averages. Okay, sounds great. I can definitely work with that. She says I can expect to hear back by the end of the week. 

Spoiler alert: I don't hear back. No calls or return calls from my voicemails, no emails. I assume they've chosen someone with more experience, as is with every interview I've done thus far. I move on.

Friday August 1st I get a call from said school asking if I'm still interested in the position and if I'd like to come interview for it. I said, ""Uh, yes ma'am, but I've already interviewed for it.""   She says, ""You've already interviewed? Hang on, let me call you back so I can go ask."" We hang up; a few minutes later she calls back saying this is a second interview. I'm like, ""Oh okay, sure."" We schedule the second interview for Monday the 4th.

Monday August 4th. *Note, this is the first day back for teachers. Workday, followed by three PD days, then Friday another workday.* I go in for this second interview. Instead of the principal, this time I meet with the curriculum coach. I'm like great! I have some questions about the curriculum. She asks me the exact same questions as the principal, from the very same chart and list of questions. I don't mind, it's good to have standards and a baseline to review candidates by--but I'm really starting to think they either forgot they interviewed me, lost the paperwork, or the candidate they chose last time withdrew their interest for whatever reason, and now they're scrambling to fill it again. 

Either way, the interview goes well. We chat, it becomes more of a conversation than an interview, I ask questions of my own, but when I ask about the school culture, I get a starkly different answer from the curriculum coach than I did the principal. Major attendance issues, parents tend to fight the teachers on disciplinary and resource measures, behavior issues across the board. She says all this much more diplomatically than that, but it's what it translates to. 

And really, I did my first clinical in a school with needs like that, I don't mind high needs students---UNLESS I have to be yelling at the students to be taken seriously. During my clinical, the majority of teachers were yelling at the children, and it seemed like they *truly had to* in order to be obeyed, because that's all those kids got at home, it's all they knew discipline wise. I don't want to have to do that. I don't want to have to yell at these kids to be heard and taken as a figure of authority. And I don't want the potential parent and admin trouble that would probably come with it. Equally as much, I don't want to be looked down on by parents who think I can't handle myself because it's my first year teaching, or because I look younger than I am, though that's probably unavoidable regardless of where I go.

Well anyway--the interview went well, she said I can expect to hear back by the end of the week. I left feeling confident in my odds, but unsure if that's the school I should be spending my first year at, then also unsure if I'll really get any other offer this close to school starting, then *also* unsure about the timeline she mentioned. By the end of the week? That means I'll miss all professional development, I'll only have the weekend to get my classroom ready, IF I've even signed my contract at that point. I haven't toured the school yet. I haven't met any faculty or staff besides the people I've been interviewed by. The first day of school will probably be the day I meet everyone. 

The last time I was contacted by anyone was Tuesday, when a woman from the office called asking for my references---as if they weren't attached to my digital application. I suspected they were proceeding with onboarding me since she mentioned ""getting me in as quick as possible,"" but I haven't heard anything since then. 

I don't want to start my first year teaching in a scramble, but what choice do I have? Wait for another position to open up elsewhere, despite it then being a matter of jumping in in the middle of the school year? 

I want *so badly* to be a teacher, to be a *good* teacher, but I'm scared my enthusiasm for the job will be squashed by ill behaved students, parents who don't parent, and an admin who lied to me day one. 

Should I leap on this potential disaster of a job? Or maybe wait for something better?",1754619810.0,/r/Teachers/comments/1mkja7b/fyt_red_flag_admin_should_i_take_this_position_if/,Character_End1827,https://www.reddit.com/r/Teachers/comments/1mkja7b/fyt_red_flag_admin_should_i_take_this_position_if/,2,teacher,"FYT - Red Flag Admin? Should I take this position (if offered)? (HELP) **Please forgive me in advance for the length of this post, but I am** ***stressed*** **and need some friendly neighborhood teacher advice.** 

**Rundown**:   
First year teacher. VERY high needs public school (in-house social worker). Principal lied to my face in my first interview. Taking forever to get the hiring process rolling, I haven't even gotten the official job offer yet, haven't heard anything in days, and school starts on Monday (I write this the Thursday evening before). BUT, this may be the first job offer I've had, and school starts Monday. In most other districts near me school has already started.

**In-depth Context:**   
Tuesday July 22nd. During my first interview I asked the principal about the school culture; how was parent engagement, what's the community like, etc. She said they don't have huge attendance issues, very involved parents; her main goal was to increase scores to match state-wide averages. Okay, sounds great. I can definitely work with that. She says I can expect to hear back by the end of the week. 

Spoiler alert: I don't hear back. No calls or return calls from my voicemails, no emails. I assume they've chosen someone with more experience, as is with every interview I've done thus far. I move on.

Friday August 1st I get a call from said school asking if I'm still interested in the position and if I'd like to come interview for it. I said, ""Uh, yes ma'am, but I've already interviewed for it.""   She says, ""You've already interviewed? Hang on, let me call you back so I can go ask."" We hang up; a few minutes later she calls back saying this is a second interview. I'm like, ""Oh okay, sure."" We schedule the second interview for Monday the 4th.

Monday August 4th. *Note, this is the first day back for teachers. Workday, followed by three PD days, then Friday another workday.* I go in for this second interview. Instead of the principal, this time I meet with the curriculum coach. I'm like great! I have some questions about the curriculum. She asks me the exact same questions as the principal, from the very same chart and list of questions. I don't mind, it's good to have standards and a baseline to review candidates by--but I'm really starting to think they either forgot they interviewed me, lost the paperwork, or the candidate they chose last time withdrew their interest for whatever reason, and now they're scrambling to fill it again. 

Either way, the interview goes well. We chat, it becomes more of a conversation than an interview, I ask questions of my own, but when I ask about the school culture, I get a starkly different answer from the curriculum coach than I did the principal. Major attendance issues, parents tend to fight the teachers on disciplinary and resource measures, behavior issues across the board. She says all this much more diplomatically than that, but it's what it translates to. 

And really, I did my first clinical in a school with needs like that, I don't mind high needs students---UNLESS I have to be yelling at the students to be taken seriously. During my clinical, the majority of teachers were yelling at the children, and it seemed like they *truly had to* in order to be obeyed, because that's all those kids got at home, it's all they knew discipline wise. I don't want to have to do that. I don't want to have to yell at these kids to be heard and taken as a figure of authority. And I don't want the potential parent and admin trouble that would probably come with it. Equally as much, I don't want to be looked down on by parents who think I can't handle myself because it's my first year teaching, or because I look younger than I am, though that's probably unavoidable regardless of where I go.

Well anyway--the interview went well, she said I can expect to hear back by the end of the week. I left feeling confident in my odds, but unsure if that's the school I should be spending my first year at, then also unsure if I'll really get any other offer this close to school starting, then *also* unsure about the timeline she mentioned. By the end of the week? That means I'll miss all professional development, I'll only have the weekend to get my classroom ready, IF I've even signed my contract at that point. I haven't toured the school yet. I haven't met any faculty or staff besides the people I've been interviewed by. The first day of school will probably be the day I meet everyone. 

The last time I was contacted by anyone was Tuesday, when a woman from the office called asking for my references---as if they weren't attached to my digital application. I suspected they were proceeding with onboarding me since she mentioned ""getting me in as quick as possible,"" but I haven't heard anything since then. 

I don't want to start my first year teaching in a scramble, but what choice do I have? Wait for another position to open up elsewhere, despite it then being a matter of jumping in in the middle of the school year? 

I want *so badly* to be a teacher, to be a *good* teacher, but I'm scared my enthusiasm for the job will be squashed by ill behaved students, parents who don't parent, and an admin who lied to me day one. 

Should I leap on this potential disaster of a job? Or maybe wait for something better?",0.1587493055555555,0.3850909722222221,positive
Teachers,1mjj72p,AP Lang teachers: What score would you give this essay?,"Amanda Gorman is the first National Youth Poet Laureate of the United States, an honor given to a young person for exceptional artistic expression, civic engagement, and social impact. In a 2021 interview in Time magazine, when asked how to maintain optimism in challenging times, Gorman stated: “Optimism shouldn’t be seen as opposed to pessimism, but in conversation with it. Your optimism will never be as powerful as it is in that exact moment when you want to give it up.”

 Write an essay that argues your position on the extent to which Gorman’s claim about the relationship between optimism and pessimism is valid. In your response you should do the following:

 • Respond to the prompt with a thesis that presents a defensible position. 
• Provide evidence to support your line of reasoning. 
• Explain how the evidence supports your line of reasoning. 
• Use appropriate grammar and punctuation in communicating your argument.

—————Response Below—————-

Once upon a time, I was driving along with a good friend of mine. My friend, in mid conversation, casually said, “I’m an optimist, and I just can’t stand pessimists.”

Feeling a little cheeky, I gave a smart-aleck response: “I’m a pessimist and I don’t hate anyone, since I don’t have high expectations for them to begin with.” I chuckled a little at the irony that I had pointed out: that my optimist friend was full of hate, whereas I had nothing in my heart but acceptance. 

I couldn’t help but remember that story as I read the words of Amanda Gorman, the Youth Poet Laureate, in regards to optimism in the face of a challenge: “Optimism shouldn’t be seen as opposed to pessimism, but in conversation with it. Your optimism will never be as powerful as it is in that exact moment when you want to give it up.” Gorman is mostly correct in that optimism and pessimism are two parts of a whole and that they need each other. 

Some, like my friend, have wholly invested into the belief of optimism as always the ideal and pessimism as solely villainous.That is a mistake. 

For example: Imagine two Gods. Each God has made mankind in their image and has constructed man to be perfect, holy beings. One God is solely an optimist; they expect only the best, and believe all things will work out well. The other God is a pessimist; they expect failure and cannot fathom anything going as it should. Now, imagine that each of their creations results in mixed success. In each case half of the god’s respective followers achieve enlightenment and behave in the holy fashion intended, while the other half fall into sin and become victims of excess and evil. 

The Optimist God would predominantly see the sinners as failures. The people had every reason to succeed; fate itself was in their favor and they SHOULD have succeeded, but they still failed. How embarrassing for the people…

The Pessimist God would see things differently. Those that failed merely fell prey to a harsh world. Pessimist God had expected this outcome. The Pessimist God would empathize with his people and be more likely to forgive. “Of course the people failed,” They would think, “But those that succeeded did so AGAINST the odds and are all the more impressive for it.” A pessimist God sees the victories of his people as outstanding, while an Optimist God would see it as the norm, not worth celebrating. 

Of course, if one continues this line of reasoning then the Pessimist God wouldn’t be all sunshine and praise. The Pessimist god would have no faith in continued success. “Those victories were a fluke!” they might think. This is where the Optimist God’s view would be more desirable. 

So, the best case scenario? The two gods work together. They “converse.”  And so it is within people. 


Pessimism serves a purpose: It allows us to prepare for the worst and to empathize with and forgive not just others, but even ourselves when we make mistakes, but optimism is necessary if we want to be willing to take risks and to keep us going when there are no other options but to move forward. The “conversation” between our inner optimism and pessimism gods is what keeps us going, but lets us forgive ourselves when we fail, or tells us to bail out of an unwinnable situation. 

Ultimately the “powerful” nature of our optimism at the moment when we “want to give up,” comes down to its place in that conversation. It is not that our optimism is powerful because it should or will always win, but because it exists as an option, a choice. It is one side of a conversation that in those moments of decision can be the difference between enduring, or forgiving yourself and starting again. 
",1754520264.0,/r/Teachers/comments/1mjj72p/ap_lang_teachers_what_score_would_you_give_this/,Dwingp,https://www.reddit.com/r/Teachers/comments/1mjj72p/ap_lang_teachers_what_score_would_you_give_this/,1,teacher,"AP Lang teachers: What score would you give this essay? Amanda Gorman is the first National Youth Poet Laureate of the United States, an honor given to a young person for exceptional artistic expression, civic engagement, and social impact. In a 2021 interview in Time magazine, when asked how to maintain optimism in challenging times, Gorman stated: “Optimism shouldn’t be seen as opposed to pessimism, but in conversation with it. Your optimism will never be as powerful as it is in that exact moment when you want to give it up.”

 Write an essay that argues your position on the extent to which Gorman’s claim about the relationship between optimism and pessimism is valid. In your response you should do the following:

 • Respond to the prompt with a thesis that presents a defensible position. 
• Provide evidence to support your line of reasoning. 
• Explain how the evidence supports your line of reasoning. 
• Use appropriate grammar and punctuation in communicating your argument.

—————Response Below—————-

Once upon a time, I was driving along with a good friend of mine. My friend, in mid conversation, casually said, “I’m an optimist, and I just can’t stand pessimists.”

Feeling a little cheeky, I gave a smart-aleck response: “I’m a pessimist and I don’t hate anyone, since I don’t have high expectations for them to begin with.” I chuckled a little at the irony that I had pointed out: that my optimist friend was full of hate, whereas I had nothing in my heart but acceptance. 

I couldn’t help but remember that story as I read the words of Amanda Gorman, the Youth Poet Laureate, in regards to optimism in the face of a challenge: “Optimism shouldn’t be seen as opposed to pessimism, but in conversation with it. Your optimism will never be as powerful as it is in that exact moment when you want to give it up.” Gorman is mostly correct in that optimism and pessimism are two parts of a whole and that they need each other. 

Some, like my friend, have wholly invested into the belief of optimism as always the ideal and pessimism as solely villainous.That is a mistake. 

For example: Imagine two Gods. Each God has made mankind in their image and has constructed man to be perfect, holy beings. One God is solely an optimist; they expect only the best, and believe all things will work out well. The other God is a pessimist; they expect failure and cannot fathom anything going as it should. Now, imagine that each of their creations results in mixed success. In each case half of the god’s respective followers achieve enlightenment and behave in the holy fashion intended, while the other half fall into sin and become victims of excess and evil. 

The Optimist God would predominantly see the sinners as failures. The people had every reason to succeed; fate itself was in their favor and they SHOULD have succeeded, but they still failed. How embarrassing for the people…

The Pessimist God would see things differently. Those that failed merely fell prey to a harsh world. Pessimist God had expected this outcome. The Pessimist God would empathize with his people and be more likely to forgive. “Of course the people failed,” They would think, “But those that succeeded did so AGAINST the odds and are all the more impressive for it.” A pessimist God sees the victories of his people as outstanding, while an Optimist God would see it as the norm, not worth celebrating. 

Of course, if one continues this line of reasoning then the Pessimist God wouldn’t be all sunshine and praise. The Pessimist god would have no faith in continued success. “Those victories were a fluke!” they might think. This is where the Optimist God’s view would be more desirable. 

So, the best case scenario? The two gods work together. They “converse.”  And so it is within people. 


Pessimism serves a purpose: It allows us to prepare for the worst and to empathize with and forgive not just others, but even ourselves when we make mistakes, but optimism is necessary if we want to be willing to take risks and to keep us going when there are no other options but to move forward. The “conversation” between our inner optimism and pessimism gods is what keeps us going, but lets us forgive ourselves when we fail, or tells us to bail out of an unwinnable situation. 

Ultimately the “powerful” nature of our optimism at the moment when we “want to give up,” comes down to its place in that conversation. It is not that our optimism is powerful because it should or will always win, but because it exists as an option, a choice. It is one side of a conversation that in those moments of decision can be the difference between enduring, or forgiving yourself and starting again. 
",0.09346581196581194,0.5357008547008549,neutral
Teachers,1m7wldj,Being a better person,"Back when I was a sophomore in high school (1993-1994), I was enrolled in an Honors English II class. Our original teacher sought to be an inspirational type--heavily influenced by the film, *Dead Poets Society*. In fact, she showed it to us early on in the school year. At some point in the class, she even had us standing on our desks to take in the lesson of ""seeing the world from another point of view"". I didn't think much of it at the time--but for some students in the class, they cringed at the idea of it, being rather verbal in their disapproval of her taking such a shying to the schmaltz of the movie.

She ended up leaving teaching within a week or two of those words being thrown at her.

Her replacement was a woman who literally JUST got her teaching credential--and she was plugged into my Honors English II class straightaway. Unfortunately, the work she gave us felt a lot like *busywork*, and I balked at the seeming idiocy of it, and of her (or at least, my idea of her).

I rebelled a lot, and I became a prankster in her class. I hid her chalk, her erasers--at one point, I switched out her teacher's desk for a smaller desk, placing the items the same way they'd been lain out on her original workplace in the same way. It took her 5 minutes to realize something was off.

I was not kind. (And I failed her class. *Duh me.*)

Fast forward to 2023 (THIRTY YEARS LATER!). I *just* got my teaching credential, and I was teaching my very first classes at my alma mater--when who should appear at my door as a substitute one day but that same Honors English II teacher. She had since retired, and was doing sub gigs to supplement her retirement/vacations. I reminded her of who I was, and I apologized *profusely* for being such a little turd in her class. She brushed it off, saying I was ""a good kid who just needed some focus"".

I made it a point to make sure that 1) I asked her to be my go-to sub, and 2) that my students would be SO good to her, and NOT the kind that would make her ever want to tear out her hair like a certain someone did.

I apparently made good on that, because she never turned me down if she could help it. In fact, there were times she enjoyed my class, because I'd be teaching things like how to hand-sew (I teach technical theatre)--and it was something she could actually help the students with!

I wish I didn't have to leave that school, but I was pushed out after a reduction in force. But I was happy to know that in some small way, I could pay her back. And I was happy that even after all these years, she could find it in her heart to forgive me.

I gave the flair, ""humor"", because it does bring a smile to my face whenever I think of the situation--that thirty years later, literally, the fates would allow me to make up for being a shit to someone in a well-fitting way.",1753337207.0,/r/Teachers/comments/1m7wldj/being_a_better_person/,Argent_Kitsune,https://www.reddit.com/r/Teachers/comments/1m7wldj/being_a_better_person/,15,teacher,"Being a better person Back when I was a sophomore in high school (1993-1994), I was enrolled in an Honors English II class. Our original teacher sought to be an inspirational type--heavily influenced by the film, *Dead Poets Society*. In fact, she showed it to us early on in the school year. At some point in the class, she even had us standing on our desks to take in the lesson of ""seeing the world from another point of view"". I didn't think much of it at the time--but for some students in the class, they cringed at the idea of it, being rather verbal in their disapproval of her taking such a shying to the schmaltz of the movie.

She ended up leaving teaching within a week or two of those words being thrown at her.

Her replacement was a woman who literally JUST got her teaching credential--and she was plugged into my Honors English II class straightaway. Unfortunately, the work she gave us felt a lot like *busywork*, and I balked at the seeming idiocy of it, and of her (or at least, my idea of her).

I rebelled a lot, and I became a prankster in her class. I hid her chalk, her erasers--at one point, I switched out her teacher's desk for a smaller desk, placing the items the same way they'd been lain out on her original workplace in the same way. It took her 5 minutes to realize something was off.

I was not kind. (And I failed her class. *Duh me.*)

Fast forward to 2023 (THIRTY YEARS LATER!). I *just* got my teaching credential, and I was teaching my very first classes at my alma mater--when who should appear at my door as a substitute one day but that same Honors English II teacher. She had since retired, and was doing sub gigs to supplement her retirement/vacations. I reminded her of who I was, and I apologized *profusely* for being such a little turd in her class. She brushed it off, saying I was ""a good kid who just needed some focus"".

I made it a point to make sure that 1) I asked her to be my go-to sub, and 2) that my students would be SO good to her, and NOT the kind that would make her ever want to tear out her hair like a certain someone did.

I apparently made good on that, because she never turned me down if she could help it. In fact, there were times she enjoyed my class, because I'd be teaching things like how to hand-sew (I teach technical theatre)--and it was something she could actually help the students with!

I wish I didn't have to leave that school, but I was pushed out after a reduction in force. But I was happy to know that in some small way, I could pay her back. And I was happy that even after all these years, she could find it in her heart to forgive me.

I gave the flair, ""humor"", because it does bring a smile to my face whenever I think of the situation--that thirty years later, literally, the fates would allow me to make up for being a shit to someone in a well-fitting way.",0.1178381283068783,0.44890707671957686,positive
Teachers,1m4n1nf,Songs that go with history,"Hello fellow teachers! Not looking to add any work to anyone’s plate but I have this idea for next year. I want to start every class with a song relating to the main idea of the lesson. I teach US history 1865- present so reconstruction to Vietnam. Any songs come to mind? Is this too lofty of a goal?

Example:
Reconstruction:
Problems of reconstruction: (fight for your right- beastie boys)
Plans of reconstruction- forgiveness ",1753012351.0,/r/Teachers/comments/1m4n1nf/songs_that_go_with_history/,mitchdigs01,https://www.reddit.com/r/Teachers/comments/1m4n1nf/songs_that_go_with_history/,7,teacher,"Songs that go with history Hello fellow teachers! Not looking to add any work to anyone’s plate but I have this idea for next year. I want to start every class with a song relating to the main idea of the lesson. I teach US history 1865- present so reconstruction to Vietnam. Any songs come to mind? Is this too lofty of a goal?

Example:
Reconstruction:
Problems of reconstruction: (fight for your right- beastie boys)
Plans of reconstruction- forgiveness ",-0.059523809523809534,0.3738095238095238,neutral
Teachers,1m2m4m1,PSLF at Risk for Public School Educators,"A new federal proposal could strip Public Service Loan Forgiveness (PSLF) from educators working in some public schools by removing their districts as qualifying employers.  This comes from an Executive Order created in March but moved forward this month based on a series of meetings held at the Department of Education.  There will be a rule-making period, and the change may take effect around July 2026.  The EO explicitly targets states and schools that support transgender students, but states that have inclusive curriculum and DEI practices, support immigrant students, etc., could all be targeted.  

Not only could that stop PSLF in many states, but some sources are also saying the administration wants to make the rule retroactive, meaning if an employer is disqualified, you would lose your progress towards forgiveness, as all of the payments you made while working for the employer would no longer qualify.

Here are links where you can read more:

From the DOE meeting earlier this month - [https://www.ed.gov/laws-and-policy/higher-education-laws-and-policy/higher-education-policy/negotiated-rulemaking-for-higher-education-2025-2026](https://www.ed.gov/laws-and-policy/higher-education-laws-and-policy/higher-education-policy/negotiated-rulemaking-for-higher-education-2025-2026)

From the Associated Press - [https://apnews.com/article/student-loan-forgiveness-public-service-trump-145f6a07a477e5c82f4374bc89e1eea7](https://apnews.com/article/student-loan-forgiveness-public-service-trump-145f6a07a477e5c82f4374bc89e1eea7)

From The Advocate - [https://www.advocate.com/news/pslf-lgbtq-nonprofits-trump-transgender#rebelltitem5](https://www.advocate.com/news/pslf-lgbtq-nonprofits-trump-transgender#rebelltitem5)

From Forbes - [https://www.forbes.com/sites/adamminsky/2025/04/07/these-5-groups-could-be-denied-student-loan-forgiveness-under-trump-rules/](https://www.forbes.com/sites/adamminsky/2025/04/07/these-5-groups-could-be-denied-student-loan-forgiveness-under-trump-rules/)",1752793217.0,/r/Teachers/comments/1m2m4m1/pslf_at_risk_for_public_school_educators/,Familiar-Midnight-12,https://www.reddit.com/r/Teachers/comments/1m2m4m1/pslf_at_risk_for_public_school_educators/,75,teacher,"PSLF at Risk for Public School Educators A new federal proposal could strip Public Service Loan Forgiveness (PSLF) from educators working in some public schools by removing their districts as qualifying employers.  This comes from an Executive Order created in March but moved forward this month based on a series of meetings held at the Department of Education.  There will be a rule-making period, and the change may take effect around July 2026.  The EO explicitly targets states and schools that support transgender students, but states that have inclusive curriculum and DEI practices, support immigrant students, etc., could all be targeted.  

Not only could that stop PSLF in many states, but some sources are also saying the administration wants to make the rule retroactive, meaning if an employer is disqualified, you would lose your progress towards forgiveness, as all of the payments you made while working for the employer would no longer qualify.

Here are links where you can read more:

From the DOE meeting earlier this month - [https://www.ed.gov/laws-and-policy/higher-education-laws-and-policy/higher-education-policy/negotiated-rulemaking-for-higher-education-2025-2026](https://www.ed.gov/laws-and-policy/higher-education-laws-and-policy/higher-education-policy/negotiated-rulemaking-for-higher-education-2025-2026)

From the Associated Press - [https://apnews.com/article/student-loan-forgiveness-public-service-trump-145f6a07a477e5c82f4374bc89e1eea7](https://apnews.com/article/student-loan-forgiveness-public-service-trump-145f6a07a477e5c82f4374bc89e1eea7)

From The Advocate - [https://www.advocate.com/news/pslf-lgbtq-nonprofits-trump-transgender#rebelltitem5](https://www.advocate.com/news/pslf-lgbtq-nonprofits-trump-transgender#rebelltitem5)

From Forbes - [https://www.forbes.com/sites/adamminsky/2025/04/07/these-5-groups-could-be-denied-student-loan-forgiveness-under-trump-rules/](https://www.forbes.com/sites/adamminsky/2025/04/07/these-5-groups-could-be-denied-student-loan-forgiveness-under-trump-rules/)",0.1484848484848485,0.3616161616161616,positive
Teachers,1m1hao9,Student loan forgiveness help,Hi all! I am going on year 4 of teaching. I am currently on the save program. I am trying to double check to make sure that the school I worked at is on the 5 year teacher loan forgiveness’s for high needs schools and teachers. I special ed at an out place school. It was there about 2 years ago. I went to look today and it wasn’t there. I called into the department of education and they couldn’t find it either. Like no schools were on the list anymore. What do I do about this?? Advice?  ,1752683464.0,/r/Teachers/comments/1m1hao9/student_loan_forgiveness_help/,Brilliant_Long_7684,https://www.reddit.com/r/Teachers/comments/1m1hao9/student_loan_forgiveness_help/,6,teacher,Student loan forgiveness help Hi all! I am going on year 4 of teaching. I am currently on the save program. I am trying to double check to make sure that the school I worked at is on the 5 year teacher loan forgiveness’s for high needs schools and teachers. I special ed at an out place school. It was there about 2 years ago. I went to look today and it wasn’t there. I called into the department of education and they couldn’t find it either. Like no schools were on the list anymore. What do I do about this?? Advice?  ,0.20342857142857143,0.48006349206349197,positive
Teachers,1lvd324,I feel like admin supports some teachers more than others,"Is it just me or has anyone else hear had experiences with their admin favoring or being blatantly more supportive of other teachers than with them? My experience was that I felt like the feedback I got was very lackluster and unclear where as other teachers had better relationships with teachers and have more actionable and even forgiving feedback. I couldn’t tell if I was being sensitive though or this was really happening. 

Edit: I wonder what it’s like to feel like a non targeted teacher as I bet that would create some bias as to how you view admin and the evaluation system ",1752048059.0,/r/Teachers/comments/1lvd324/i_feel_like_admin_supports_some_teachers_more/,godisinthischilli,https://www.reddit.com/r/Teachers/comments/1lvd324/i_feel_like_admin_supports_some_teachers_more/,71,teacher,"I feel like admin supports some teachers more than others Is it just me or has anyone else hear had experiences with their admin favoring or being blatantly more supportive of other teachers than with them? My experience was that I felt like the feedback I got was very lackluster and unclear where as other teachers had better relationships with teachers and have more actionable and even forgiving feedback. I couldn’t tell if I was being sensitive though or this was really happening. 

Edit: I wonder what it’s like to feel like a non targeted teacher as I bet that would create some bias as to how you view admin and the evaluation system ",0.275,0.515,positive
Teachers,1lls1wn,Career change: is it worth it?,"I'm considering a career change (at 50). Taught college and adult ed long ago, have 2 kids, and I've worked in tech for 30+ years.

While I'd love to teach, the financial hit has been my biggest hang-up while getting my kids through college. They're adults now &amp; I'd like to do something for the next generation.

I see a mix of positive and negative posts here so I'm left wondering, ""Is it worth it?"" Why or why not? Do you have side gigs, coaching, or other things you do to supplement the salary?

Mods: Please forgive if this is answered elsewhere. I didn't find a FAQ.",1751025583.0,/r/Teachers/comments/1lls1wn/career_change_is_it_worth_it/,sloppyredditor,https://www.reddit.com/r/Teachers/comments/1lls1wn/career_change_is_it_worth_it/,2,teacher,"Career change: is it worth it? I'm considering a career change (at 50). Taught college and adult ed long ago, have 2 kids, and I've worked in tech for 30+ years.

While I'd love to teach, the financial hit has been my biggest hang-up while getting my kids through college. They're adults now &amp; I'd like to do something for the next generation.

I see a mix of positive and negative posts here so I'm left wondering, ""Is it worth it?"" Why or why not? Do you have side gigs, coaching, or other things you do to supplement the salary?

Mods: Please forgive if this is answered elsewhere. I didn't find a FAQ.",0.0865702479338843,0.2564049586776859,neutral
Teachers,1l6fbx9,What can I do?,"So im just a parent and my boy will soon go to school. Which made wonder, what could I do to make the best of his time and what behaviours should I encourage?

Im a single parent so please dont hate me for asking ""obvious"" questions. I know that I should Not have to ask these questions, but Im really not Sure how to procced right now.


(English aint my mothertounge please forgive my mistakes).",1749397709.0,/r/Teachers/comments/1l6fbx9/what_can_i_do/,Specific_Ad_2533,https://www.reddit.com/r/Teachers/comments/1l6fbx9/what_can_i_do/,3,teacher,"What can I do? So im just a parent and my boy will soon go to school. Which made wonder, what could I do to make the best of his time and what behaviours should I encourage?

Im a single parent so please dont hate me for asking ""obvious"" questions. I know that I should Not have to ask these questions, but Im really not Sure how to procced right now.


(English aint my mothertounge please forgive my mistakes).",0.023469387755102038,0.47698412698412695,neutral
teaching,1mzuqha,Mad About Masters,"Hello! 

I’m looking for any advice or opinions from people who know more about the continuing education world than me. I am a teacher in New York with a bachelor’s in Early Childhood Education. I am starting my 4th year of teaching here and it is a requirement in NY to obtain a master’s degree within 5 years of teaching here. Although I love learning and always want to stay up to date in my practice I really do not want to get a master’s. I am dreading the idea of taking on more debt and barely even being paid more after the fact. I am hoping I can make the most of this required degree by mastering in something that can extend my future job opportunities if I don’t want to be a K-2 classroom teacher until I retire. 

I’d love input on two things: 

1. Any tips on finding the cheapest master’s degrees possible. Whether they are NYS specific ones or online ones. I have a toddler at home so any flexibility in a program is great. 

2. Any advice on what I could master in that would extend my future job opportunities. I really love and prefer early childhood and cannot see myself being a 5th grade classroom teacher but I would be open to working with older students in a smaller group offering supplementary lessons. I would never want to be an administrator but I could see myself working as a coach for other teachers. I’m definitely going to be in the education realm for life and need help imaging other careers besides classroom teacher! 

Thank you and cheers! Hope you’re all taking care of yourselves and thank you for the hard work you do.",1756138187.0,/r/teaching/comments/1mzuqha/mad_about_masters/,whateverisfinebyme,https://www.reddit.com/r/teaching/comments/1mzuqha/mad_about_masters/,3,teacher,"Mad About Masters Hello! 

I’m looking for any advice or opinions from people who know more about the continuing education world than me. I am a teacher in New York with a bachelor’s in Early Childhood Education. I am starting my 4th year of teaching here and it is a requirement in NY to obtain a master’s degree within 5 years of teaching here. Although I love learning and always want to stay up to date in my practice I really do not want to get a master’s. I am dreading the idea of taking on more debt and barely even being paid more after the fact. I am hoping I can make the most of this required degree by mastering in something that can extend my future job opportunities if I don’t want to be a K-2 classroom teacher until I retire. 

I’d love input on two things: 

1. Any tips on finding the cheapest master’s degrees possible. Whether they are NYS specific ones or online ones. I have a toddler at home so any flexibility in a program is great. 

2. Any advice on what I could master in that would extend my future job opportunities. I really love and prefer early childhood and cannot see myself being a 5th grade classroom teacher but I would be open to working with older students in a smaller group offering supplementary lessons. I would never want to be an administrator but I could see myself working as a coach for other teachers. I’m definitely going to be in the education realm for life and need help imaging other careers besides classroom teacher! 

Thank you and cheers! Hope you’re all taking care of yourselves and thank you for the hard work you do.",0.12922312062937064,0.44248251748251755,positive
teaching,1myj8zo,Teaching at private school post-undergrad - is this ill-advised?,"Hello all!

So I'm a senior, finishing up my undergrad degree come spring. I'm a math major and have been determined on the general field/path of math education, broadly, for several years now (I am minoring in education). In the past I have left options open, from classroom teaching to curriculum development to math education research.

Naturally, as of late I have had to start thinking more specifically about what it is I actually want to do. Due to several experiences in past internships and work experiences, I'm not sure if I would be satisfied doing anything other than classroom teaching. However, I'm not even sure if I would... like it? I THINK I might, but I'm not sure. I do know, out of everything I could do, this is the path that by far excites me the most and feels the most right for me.

Because of this, I've been leaning towards attempting to teach at a private school post-grad, primarily so that I do not have to go thousands of dollars more into debt to get a certificate/masters for something I'm not even sure I would like. Is this a good idea at all? Is it even a good idea to start teaching despite being unsure if I'll like it? Is is true I just need to feel a natural 'calling'? I'm really worried I'll mess up some kid's education by doing something I'm ill-prepared and not really meant to do. Did you all know for sure when you started teaching?

Thanks so much in advance. I've been thinking a lot about this recently and would really appreciate some perspectives from actual teachers. I really want to make sure I won't be doing a disservice to any of my potential future students.",1756000116.0,/r/teaching/comments/1myj8zo/teaching_at_private_school_postundergrad_is_this/,parisinsalem,https://www.reddit.com/r/teaching/comments/1myj8zo/teaching_at_private_school_postundergrad_is_this/,6,teacher,"Teaching at private school post-undergrad - is this ill-advised? Hello all!

So I'm a senior, finishing up my undergrad degree come spring. I'm a math major and have been determined on the general field/path of math education, broadly, for several years now (I am minoring in education). In the past I have left options open, from classroom teaching to curriculum development to math education research.

Naturally, as of late I have had to start thinking more specifically about what it is I actually want to do. Due to several experiences in past internships and work experiences, I'm not sure if I would be satisfied doing anything other than classroom teaching. However, I'm not even sure if I would... like it? I THINK I might, but I'm not sure. I do know, out of everything I could do, this is the path that by far excites me the most and feels the most right for me.

Because of this, I've been leaning towards attempting to teach at a private school post-grad, primarily so that I do not have to go thousands of dollars more into debt to get a certificate/masters for something I'm not even sure I would like. Is this a good idea at all? Is it even a good idea to start teaching despite being unsure if I'll like it? Is is true I just need to feel a natural 'calling'? I'm really worried I'll mess up some kid's education by doing something I'm ill-prepared and not really meant to do. Did you all know for sure when you started teaching?

Thanks so much in advance. I've been thinking a lot about this recently and would really appreciate some perspectives from actual teachers. I really want to make sure I won't be doing a disservice to any of my potential future students.",0.14740259740259742,0.4541260822510822,positive
teaching,1mvm8hp,Sped teacher to BCBA worth it?,"I’ve been a SpEd teacher for years and I love it but I am so tired of having to work a second job and never getting to spend time with my family. I’ve thought about going back to get my license in BCBA. I already have a masters in Ed. Psych and a graduate certificate in autism spectrum disorders. I *think* I would still have to go back and do the specific course sequence for the BCBA exam- and I just want to know if others have gone down this route and felt it was worth it to take on more debt but hopefully have more financial freedom after…? 
Thoughts ",1755712796.0,/r/teaching/comments/1mvm8hp/sped_teacher_to_bcba_worth_it/,No-Cancel-3550,https://www.reddit.com/r/teaching/comments/1mvm8hp/sped_teacher_to_bcba_worth_it/,1,teacher,"Sped teacher to BCBA worth it? I’ve been a SpEd teacher for years and I love it but I am so tired of having to work a second job and never getting to spend time with my family. I’ve thought about going back to get my license in BCBA. I already have a masters in Ed. Psych and a graduate certificate in autism spectrum disorders. I *think* I would still have to go back and do the specific course sequence for the BCBA exam- and I just want to know if others have gone down this route and felt it was worth it to take on more debt but hopefully have more financial freedom after…? 
Thoughts ",0.12870370370370368,0.24282407407407405,positive
teaching,1mppc7y,Thinking of a career switch/unsure what to do? (Adviceee),"So I previously got a BA in history but stopped short of the cert program. In recent years ive thought about pursuing teaching again but all my background is in retail management, granted ive managed high schoolers a ton its not a school setting lol.

I initially wanted to go straight to HS teaching, however student loan debt, and the idea of adding an extra year with unpaid student teaching caused me to just finish the Bachelors and keep working.

I randomly applied to some school postings and started getting interview requests this week (I guess right before school starts they had last minute openings, hell its NC so im sure no ones chomping at the bit for most of the openings)

Im just nervous because I make decent (essentially im a big box retail assistant manager, been in role for a while so I have some raises) and id be taking a paycut, super nervous id try it hate it then be stuck or have to start over again and I'm 38 so that adds to the stress lol.

I don't absolutely HATE my job now, I like some of the people and the ones I supervise but its unfulfilling, the dreaded ""corporate visits"" are getting annoying and I feel like it gradually gets worse (I guess maybe thats any job?)

any advice? how did anyone who went the teaching route without education experience figure out it was right for you?",1755141673.0,/r/teaching/comments/1mppc7y/thinking_of_a_career_switchunsure_what_to_do/,ZyurangerDX,https://www.reddit.com/r/teaching/comments/1mppc7y/thinking_of_a_career_switchunsure_what_to_do/,3,teacher,"Thinking of a career switch/unsure what to do? (Adviceee) So I previously got a BA in history but stopped short of the cert program. In recent years ive thought about pursuing teaching again but all my background is in retail management, granted ive managed high schoolers a ton its not a school setting lol.

I initially wanted to go straight to HS teaching, however student loan debt, and the idea of adding an extra year with unpaid student teaching caused me to just finish the Bachelors and keep working.

I randomly applied to some school postings and started getting interview requests this week (I guess right before school starts they had last minute openings, hell its NC so im sure no ones chomping at the bit for most of the openings)

Im just nervous because I make decent (essentially im a big box retail assistant manager, been in role for a while so I have some raises) and id be taking a paycut, super nervous id try it hate it then be stuck or have to start over again and I'm 38 so that adds to the stress lol.

I don't absolutely HATE my job now, I like some of the people and the ones I supervise but its unfulfilling, the dreaded ""corporate visits"" are getting annoying and I feel like it gradually gets worse (I guess maybe thats any job?)

any advice? how did anyone who went the teaching route without education experience figure out it was right for you?",0.03186507936507935,0.47154100529100534,neutral
teaching,1mo9pki,Anyone left and came back?,"I taught for seven years before having my daughter. I was in a testing a grade for all of my career. Between behaviors and the test being the center of everything I felt burned out and hated teaching. In 2022 when my daughter was born I left and started working in early intervention. I enjoy it. I get to make my own schedule and it has more earning potential than teaching as well, but right now I’m only working 2-3 days a week so I’m not making what I was teaching.  It also doesn’t have any benefits and I deal with last minute cancellations. I also work on a referral system so some months are better than others. But as I said  do love this job. However, my husband and I’d like to pay off most of our debt so I thought about returning to the classroom. We’re currently living on his income and we’d be able to throw most of my teaching salary at our student loans and cars and have it all paid off in several years. So has anyone taken time off after hating teaching and returned and loved it again? There are times I really miss it but just unsure.",1755007640.0,/r/teaching/comments/1mo9pki/anyone_left_and_came_back/,Ljwell20,https://www.reddit.com/r/teaching/comments/1mo9pki/anyone_left_and_came_back/,10,teacher,"Anyone left and came back? I taught for seven years before having my daughter. I was in a testing a grade for all of my career. Between behaviors and the test being the center of everything I felt burned out and hated teaching. In 2022 when my daughter was born I left and started working in early intervention. I enjoy it. I get to make my own schedule and it has more earning potential than teaching as well, but right now I’m only working 2-3 days a week so I’m not making what I was teaching.  It also doesn’t have any benefits and I deal with last minute cancellations. I also work on a referral system so some months are better than others. But as I said  do love this job. However, my husband and I’d like to pay off most of our debt so I thought about returning to the classroom. We’re currently living on his income and we’d be able to throw most of my teaching salary at our student loans and cars and have it all paid off in several years. So has anyone taken time off after hating teaching and returned and loved it again? There are times I really miss it but just unsure.",0.1948051948051948,0.4466991341991342,positive
teaching,1mexabu,Cheapest programs for master’s degree in California?,"I want to get my Master’s degree in single subject science. (I’ve been subbing for 4 yrs). My husband and I just paid off his master’s, so I really don’t want to get into debt for this. What is a good, cheaper option for credentialing in SoCal? I don’t want to spend $30-40k for this!",1754056864.0,/r/teaching/comments/1mexabu/cheapest_programs_for_masters_degree_in_california/,Dangerous-Mistake-91,https://www.reddit.com/r/teaching/comments/1mexabu/cheapest_programs_for_masters_degree_in_california/,2,teacher,"Cheapest programs for master’s degree in California? I want to get my Master’s degree in single subject science. (I’ve been subbing for 4 yrs). My husband and I just paid off his master’s, so I really don’t want to get into debt for this. What is a good, cheaper option for credentialing in SoCal? I don’t want to spend $30-40k for this!",0.20922619047619048,0.33690476190476193,positive
teaching,1m8zv6e,English Teacher who doesn’t want to teach anymore… what can I do without going for another degree?,"Hi, I’m an English teacher, high school and middle school level, who never really had much luck with finding a permanent position. I’ve ended up with leave replacement positions every year going on four years and I am just so done with it. This job was supposed to be one that I would love, but I’m afraid I have burnt out and cannot continue. 

However, I do NOT want to get another degree, I already have my masters degree in education and my bachelor’s in literature, not to mention an associate’s in liberal arts and a paralegal certification. While I love school, I do not love being in debt and do not want to accrue more in student loans. 

That being said I was hoping for some advice as to what on earth I can do for a job that’s not retail or going back to being a paralegal, utilizing my education and teaching skill set. There were parts of teaching I really enjoyed: getting to know the students, forming relationships, and having conversations with them. 

If anyone can offer some guidance as to what I can do going forward I’d really appreciate it! ",1753451840.0,/r/teaching/comments/1m8zv6e/english_teacher_who_doesnt_want_to_teach_anymore/,Camp_Particular2,https://www.reddit.com/r/teaching/comments/1m8zv6e/english_teacher_who_doesnt_want_to_teach_anymore/,95,teacher,"English Teacher who doesn’t want to teach anymore… what can I do without going for another degree? Hi, I’m an English teacher, high school and middle school level, who never really had much luck with finding a permanent position. I’ve ended up with leave replacement positions every year going on four years and I am just so done with it. This job was supposed to be one that I would love, but I’m afraid I have burnt out and cannot continue. 

However, I do NOT want to get another degree, I already have my masters degree in education and my bachelor’s in literature, not to mention an associate’s in liberal arts and a paralegal certification. While I love school, I do not love being in debt and do not want to accrue more in student loans. 

That being said I was hoping for some advice as to what on earth I can do for a job that’s not retail or going back to being a paralegal, utilizing my education and teaching skill set. There were parts of teaching I really enjoyed: getting to know the students, forming relationships, and having conversations with them. 

If anyone can offer some guidance as to what I can do going forward I’d really appreciate it! ",0.11857142857142858,0.36000000000000004,positive
teaching,1l96ug0,Debt relief for teachers,Is this a real thing? I keep seeing ads on Instagram about how there are these special programs for debt relief for teachers. How real are these? Are they a scam? Does something like this really exist? Thanks!,1749682628.0,/r/teaching/comments/1l96ug0/debt_relief_for_teachers/,mirrraculous,https://www.reddit.com/r/teaching/comments/1l96ug0/debt_relief_for_teachers/,9,teacher,Debt relief for teachers Is this a real thing? I keep seeing ads on Instagram about how there are these special programs for debt relief for teachers. How real are these? Are they a scam? Does something like this really exist? Thanks!,0.2414285714285714,0.3142857142857143,positive
teaching,1kr1y2v,"After 15 years, I feel like teaching is not a good fit","I have been teaching for more than 15 years now. The field has had its ups and downs. To be honest, a lot more Downs than ups particularly in the very high need, budget strapped district I spent most of my teaching years in. (Helloooooo, over 5 years no raise, even in a supposed union job) If I had to be perfectly honest, the main reason I got into teaching in the first place was because I needed a job during the Great recession following a layoff and tons of struggle to land full time employment after that. I had been homeless twice before in my life and feared God that I might end up homeless again. Since then, I stuck with it for various reasons including: feeling financially trapped, not finding another job, being strung along with the empty promise of title one teacher loan forgiveness for all of the graduate school debt I took out just to become a teacher, and every now and then I had a few decent school years where teaching seemed pretty nice.

Although people at my current and previous job will say that I am a great teacher and I am too hard on myself, truthfully, I have always struggled with classroom management. The only reason I haven't had huge ongoing classroom management struggles in recent years is because I have worked in special ed where the class sizes are very small, often with other stuff members present in the room to help out with special needs or whatnot. In fact, I stayed in a job that was very far away and vastly underpaid me for years because I was afraid to go back to general ed, knowing I couldn't handle a full size class by myself.

Some teachers will claim that classroom management can be taught, that anybody can learn how to be good at it, but I humbly disagree. I think some people simply don't have the knack for it. I feel that if I am still struggling with it more than other teachers, including new Young teachers, after 15 years, then it might just be something I'm not good at. I am on the autism spectrum and I firmly believe that my weaknesses from my autism contribute to not being good at classroom management. I get overwhelmed easily, I suck at multitasking, I am sensitive, and I am very anxious and socially awkward. Yes, I have been in therapy and no, it has not been helpful except for a few therapist who didn't have availability or accept my insurance. No I do not want to be medicated. Thanks but no thanks, sorry not sorry. 

I honestly think I would be better as a special education coordinator, as opposed to directly teaching in a classroom. That way, I don't have to change employers, I can get hired from within which is always easier for me than applying from scratch, and I can use all of the strengths that make other people think I am a good teacher, without having to deal with classroom management. I am a great writer, great with analyzing and presenting data, very diligent with parent contacts, so I think the skill set would be a better fit. The problem is, obviously there's a lot less job positions available for that then teachers especially considering that all the subjects I teach are extremely high needs subjects that have high turnover. I have already reached out to a few people who successfully made the transition from teacher to special ed coordinator. I want to meet with one of the Union reps today to discuss it further because the last thing I need is to have a meltdown because terrible disrespect eventually drives nicey nice little me over the edge, or a poor evaluation next year because I can't handle the much larger class sizes they are planning to give me. Help! Any advice?",1747738565.0,/r/teaching/comments/1kr1y2v/after_15_years_i_feel_like_teaching_is_not_a_good/,Square-Variety6528,https://www.reddit.com/r/teaching/comments/1kr1y2v/after_15_years_i_feel_like_teaching_is_not_a_good/,5,teacher,"After 15 years, I feel like teaching is not a good fit I have been teaching for more than 15 years now. The field has had its ups and downs. To be honest, a lot more Downs than ups particularly in the very high need, budget strapped district I spent most of my teaching years in. (Helloooooo, over 5 years no raise, even in a supposed union job) If I had to be perfectly honest, the main reason I got into teaching in the first place was because I needed a job during the Great recession following a layoff and tons of struggle to land full time employment after that. I had been homeless twice before in my life and feared God that I might end up homeless again. Since then, I stuck with it for various reasons including: feeling financially trapped, not finding another job, being strung along with the empty promise of title one teacher loan forgiveness for all of the graduate school debt I took out just to become a teacher, and every now and then I had a few decent school years where teaching seemed pretty nice.

Although people at my current and previous job will say that I am a great teacher and I am too hard on myself, truthfully, I have always struggled with classroom management. The only reason I haven't had huge ongoing classroom management struggles in recent years is because I have worked in special ed where the class sizes are very small, often with other stuff members present in the room to help out with special needs or whatnot. In fact, I stayed in a job that was very far away and vastly underpaid me for years because I was afraid to go back to general ed, knowing I couldn't handle a full size class by myself.

Some teachers will claim that classroom management can be taught, that anybody can learn how to be good at it, but I humbly disagree. I think some people simply don't have the knack for it. I feel that if I am still struggling with it more than other teachers, including new Young teachers, after 15 years, then it might just be something I'm not good at. I am on the autism spectrum and I firmly believe that my weaknesses from my autism contribute to not being good at classroom management. I get overwhelmed easily, I suck at multitasking, I am sensitive, and I am very anxious and socially awkward. Yes, I have been in therapy and no, it has not been helpful except for a few therapist who didn't have availability or accept my insurance. No I do not want to be medicated. Thanks but no thanks, sorry not sorry. 

I honestly think I would be better as a special education coordinator, as opposed to directly teaching in a classroom. That way, I don't have to change employers, I can get hired from within which is always easier for me than applying from scratch, and I can use all of the strengths that make other people think I am a good teacher, without having to deal with classroom management. I am a great writer, great with analyzing and presenting data, very diligent with parent contacts, so I think the skill set would be a better fit. The problem is, obviously there's a lot less job positions available for that then teachers especially considering that all the subjects I teach are extremely high needs subjects that have high turnover. I have already reached out to a few people who successfully made the transition from teacher to special ed coordinator. I want to meet with one of the Union reps today to discuss it further because the last thing I need is to have a meltdown because terrible disrespect eventually drives nicey nice little me over the edge, or a poor evaluation next year because I can't handle the much larger class sizes they are planning to give me. Help! Any advice?",0.14055418634395908,0.5405235143644235,positive
teaching,1kdtluk,When is it too late to find a job?,"I have been looking for a teaching job since March. I am finishing my first year and relocating to be closer to family. I’ve had 4 interviews, 2 job offers. 2 interviews were in a lesser paying district, 2 were in a district that pays the most in our state. The 2 in the lesser paying district have offered me a job. 

I come from a low income family so I am trying to spend these next few years setting myself up better financially. This includes paying off student loans and other debt so I can pursue a masters. I am also probably going to have to finance a car in the next year or so. All of that paired with rent means I could greatly benefit from the higher paying job. 

My current district said I have until June 1st to forward them a contract from a new district if I want to keep my benefits. I am considering one of the schools that offered me their position but I want to keep holding out for the better pay. My other idea is since this higher paying district is competitive, it may not be a bad idea to start out in this neighboring district for networking purposes. 

I am not being picky about schools by any means, I am purely just focused on my future. At what point should I be worried about finding a job as a second year teacher? Contracts for the higher paying district aren’t due back until May 10th. 

Any advice on what to do would be helpful. ",1746280731.0,/r/teaching/comments/1kdtluk/when_is_it_too_late_to_find_a_job/,curlyocean,https://www.reddit.com/r/teaching/comments/1kdtluk/when_is_it_too_late_to_find_a_job/,4,teacher,"When is it too late to find a job? I have been looking for a teaching job since March. I am finishing my first year and relocating to be closer to family. I’ve had 4 interviews, 2 job offers. 2 interviews were in a lesser paying district, 2 were in a district that pays the most in our state. The 2 in the lesser paying district have offered me a job. 

I come from a low income family so I am trying to spend these next few years setting myself up better financially. This includes paying off student loans and other debt so I can pursue a masters. I am also probably going to have to finance a car in the next year or so. All of that paired with rent means I could greatly benefit from the higher paying job. 

My current district said I have until June 1st to forward them a contract from a new district if I want to keep my benefits. I am considering one of the schools that offered me their position but I want to keep holding out for the better pay. My other idea is since this higher paying district is competitive, it may not be a bad idea to start out in this neighboring district for networking purposes. 

I am not being picky about schools by any means, I am purely just focused on my future. At what point should I be worried about finding a job as a second year teacher? Contracts for the higher paying district aren’t due back until May 10th. 

Any advice on what to do would be helpful. ",0.0805796055796056,0.3464646464646465,neutral
teaching,1kb2aa7,Thinking of leaving teaching but want to stay in education,"I’m in my ninth year teaching high school. Have had some great experiences, formed lifelong friendships, and I think I’ve been a good teacher too. I’ve also been feeling burnt out more often in the last few years, and I think it might be best for me to leave soon. I want to stay for at least one more year so I’m vested in the state pension system.

What other kind of work is there (in public education or elsewhere) for ex-teachers that doesn’t require going back to school and taking on more debt?",1745969512.0,/r/teaching/comments/1kb2aa7/thinking_of_leaving_teaching_but_want_to_stay_in/,SEA-DG83,https://www.reddit.com/r/teaching/comments/1kb2aa7/thinking_of_leaving_teaching_but_want_to_stay_in/,4,teacher,"Thinking of leaving teaching but want to stay in education I’m in my ninth year teaching high school. Have had some great experiences, formed lifelong friendships, and I think I’ve been a good teacher too. I’ve also been feeling burnt out more often in the last few years, and I think it might be best for me to leave soon. I want to stay for at least one more year so I’m vested in the state pension system.

What other kind of work is there (in public education or elsewhere) for ex-teachers that doesn’t require going back to school and taking on more debt?",0.269,0.41322222222222227,positive
teaching,1jqwwb8,Teaching Credential Programs in California,"Trying to start a program in Sacramento but I need advice on what to do. So I missed the deadlines of both Sacramento State University and UC Davis because I mixed up the dates with other programs. I either put my career on hold for another year or I pay double for a place like National Univeristy. 

SCOE or TeachStart both seem promising but they both also seem like they're way long of a program (around 3 years instead of 1) but I'm not sure if that includes student teaching or not. It's unclear on their websites. It's all completely overwhelming because either I go into serious debt or I stay stagnate for a whole year. 

Are there programs I'm missing? An easier program I'm just not aware of? Any help or advice is appreciated. ",1743721021.0,/r/teaching/comments/1jqwwb8/teaching_credential_programs_in_california/,terra4355,https://www.reddit.com/r/teaching/comments/1jqwwb8/teaching_credential_programs_in_california/,1,teacher,"Teaching Credential Programs in California Trying to start a program in Sacramento but I need advice on what to do. So I missed the deadlines of both Sacramento State University and UC Davis because I mixed up the dates with other programs. I either put my career on hold for another year or I pay double for a place like National Univeristy. 

SCOE or TeachStart both seem promising but they both also seem like they're way long of a program (around 3 years instead of 1) but I'm not sure if that includes student teaching or not. It's unclear on their websites. It's all completely overwhelming because either I go into serious debt or I stay stagnate for a whole year. 

Are there programs I'm missing? An easier program I'm just not aware of? Any help or advice is appreciated. ",0.0013888888888888933,0.40671296296296294,neutral
teaching,1j4f1j2,ESOL teachers: is anyone familiar with GLAD?,"It's the newest thing our district has decided to spend money on (despite the fact that we're millions in debt...). Just wondering if anyone has experienced this (""Guided Language Acquisition Design"") and what their thoughts are.

Taking as curriculum since that seems to be the closest flair.",1741211349.0,/r/teaching/comments/1j4f1j2/esol_teachers_is_anyone_familiar_with_glad/,lunarinterlude,https://www.reddit.com/r/teaching/comments/1j4f1j2/esol_teachers_is_anyone_familiar_with_glad/,7,teacher,"ESOL teachers: is anyone familiar with GLAD? It's the newest thing our district has decided to spend money on (despite the fact that we're millions in debt...). Just wondering if anyone has experienced this (""Guided Language Acquisition Design"") and what their thoughts are.

Taking as curriculum since that seems to be the closest flair.",0.5583333333333333,0.7999999999999999,positive
teaching,1imjd79,"For the non traditional teachers, how did you get into teaching?","For those who do not have a bachelors in education, how did you get into teaching?

I have a bachelors in linguistics and a minor in Arabic, and a masters in TESOL. I have taught ESL adults for three years, but would like to get a teaching license. 

It seems to get a teaching license, you need to teach. But to teach, you need a license.

I'm willing to go back to school, but would like to know what other paths there might be without saddling myself with a lot of debt. ",1739227206.0,/r/teaching/comments/1imjd79/for_the_non_traditional_teachers_how_did_you_get/,Lizard_G0d,https://www.reddit.com/r/teaching/comments/1imjd79/for_the_non_traditional_teachers_how_did_you_get/,10,teacher,"For the non traditional teachers, how did you get into teaching? For those who do not have a bachelors in education, how did you get into teaching?

I have a bachelors in linguistics and a minor in Arabic, and a masters in TESOL. I have taught ESL adults for three years, but would like to get a teaching license. 

It seems to get a teaching license, you need to teach. But to teach, you need a license.

I'm willing to go back to school, but would like to know what other paths there might be without saddling myself with a lot of debt. ",0.015000000000000003,0.41500000000000004,neutral
teaching,1iitje3,Giving up CalTPA,"I'm set to finish my MA degree at Pacific Oaks (PO) College in May. I haven't taken the CalTPAs yet, but PO is making me complete 10-12 page lesson plans with paragraphs to practice for the CalTPA EVERY WEEK. It is due every Thursday, and I am observed every Friday. I'm honestly exhausted because I enjoy teaching, but all of this extra work is making me want to give up. I'm in my 30s, I have ADHD, health concerns, and I'm a mother of three sons (one 7 weeks old), whom I'm nursing, but all of this stress is causing me to lose milk supply, and I honestly don't think it's worth it anymore. I'm not even making any money from student teaching. I need to complete 600 FREE UNPAID hours teaching (paying me still would have me just as stressed though) The only reason I am still pushing would be that I am nearly $80,000 in debt with student loans. I regret going to PO so badly... and I regret attempting to get my credentials here in California. This is simply not worth it anymore. I feel like this is destroying my dream of retiring as a teacher.",1738813750.0,/r/teaching/comments/1iitje3/giving_up_caltpa/,Efficient-Fig-1128,https://www.reddit.com/r/teaching/comments/1iitje3/giving_up_caltpa/,5,teacher,"Giving up CalTPA I'm set to finish my MA degree at Pacific Oaks (PO) College in May. I haven't taken the CalTPAs yet, but PO is making me complete 10-12 page lesson plans with paragraphs to practice for the CalTPA EVERY WEEK. It is due every Thursday, and I am observed every Friday. I'm honestly exhausted because I enjoy teaching, but all of this extra work is making me want to give up. I'm in my 30s, I have ADHD, health concerns, and I'm a mother of three sons (one 7 weeks old), whom I'm nursing, but all of this stress is causing me to lose milk supply, and I honestly don't think it's worth it anymore. I'm not even making any money from student teaching. I need to complete 600 FREE UNPAID hours teaching (paying me still would have me just as stressed though) The only reason I am still pushing would be that I am nearly $80,000 in debt with student loans. I regret going to PO so badly... and I regret attempting to get my credentials here in California. This is simply not worth it anymore. I feel like this is destroying my dream of retiring as a teacher.",0.045312500000000006,0.44010416666666674,neutral
teaching,1hzlect,Advice?,"I hope this is the right place and I know it’s such a general title but I have too many questions to just focus on one! So, I am 20f, and I’d preferably love to be an art teacher maybe middle school/high school but.. how does one get into teaching? I know you have to get your bachelor’s degree and then it’s recommended to just immediately enroll for your masters. I’m just going to rattle off some questions if anyone can help me answer any of them that would be amazing!!

Is it worth it to start teaching with the U.S. in the state it’s in? (worries about violence or shootings and what not)

What are the least expensive schools to get your teaching degree in? What do you major in?

I’ve been deep diving in Tik Tok about teaching and I’m scared to dive deeper into this, I’m not really worried about the money I know K won’t be rich but I know it’s a stable career and I won’t be poor.

My main concern is, what schooling does it really require? I’ve seen 6 years on average plus student teaching and I just want to know if it’s possible without insane amounts of student debt. As much as I would like to be a teacher I would also like to not be in severe student debt.

If anyone has any advice please let me know I appreciate it so so much!!!!",1736683910.0,/r/teaching/comments/1hzlect/advice/,thoughtdaughter01,https://www.reddit.com/r/teaching/comments/1hzlect/advice/,3,teacher,"Advice? I hope this is the right place and I know it’s such a general title but I have too many questions to just focus on one! So, I am 20f, and I’d preferably love to be an art teacher maybe middle school/high school but.. how does one get into teaching? I know you have to get your bachelor’s degree and then it’s recommended to just immediately enroll for your masters. I’m just going to rattle off some questions if anyone can help me answer any of them that would be amazing!!

Is it worth it to start teaching with the U.S. in the state it’s in? (worries about violence or shootings and what not)

What are the least expensive schools to get your teaching degree in? What do you major in?

I’ve been deep diving in Tik Tok about teaching and I’m scared to dive deeper into this, I’m not really worried about the money I know K won’t be rich but I know it’s a stable career and I won’t be poor.

My main concern is, what schooling does it really require? I’ve seen 6 years on average plus student teaching and I just want to know if it’s possible without insane amounts of student debt. As much as I would like to be a teacher I would also like to not be in severe student debt.

If anyone has any advice please let me know I appreciate it so so much!!!!",0.07912100919913422,0.47813852813852803,neutral
teaching,1hrzvl0,Acceptable Amount of Debt to Take on for a Teaching License? (CA),"Looking for some advice from current teachers based in CA. (TLDR below)

At the moment I am teaching full time in a private learning centre in South Korea. I got here with a TEFL certificate + Bachelors. I've realised I enjoy teaching, I'd like to pursue something more legitimate with room for actual growth and professional development.

I grew up in the Bay Area, and that's where I'd like to teach. However I haven't lived in the states for 13 years, currently I'm 27. Family is now based in Ireland.

I would aim to teach later primary with a multiple subject credential.

Today I was researching paths to a CA teaching credential, I was drawn to the CSUs. Looking at 1 year intensive courses. But while I was poking around I realised, it seems I'll need to pay out of state tuition.

In Ireland I managed to get a bachelors without any debt.

Out of state tuition seems to start at 30K. Teachers in the Bay Area seem to start at 90K annually. This is an acceptable amount of debt... isn't it?

I could go and live in CA for a year to then avail of in-state tuition. Not sure what I'd do during that year, perhaps subbing (need to look into that) and teaching ESL online... 

I am inclined not to study online, but if anyone has a strong case to make I am all ears.

Happy to hear thoughts on all this. Any recommendations on which University, or things I am overlooking and should look into...

I am still in my own research phase, all leads appreciated.

Let me know if I can clarify anything.

TLDR: well, actually... please read haha :-)",1735840828.0,/r/teaching/comments/1hrzvl0/acceptable_amount_of_debt_to_take_on_for_a/,Affectionate_Dig729,https://www.reddit.com/r/teaching/comments/1hrzvl0/acceptable_amount_of_debt_to_take_on_for_a/,3,teacher,"Acceptable Amount of Debt to Take on for a Teaching License? (CA) Looking for some advice from current teachers based in CA. (TLDR below)

At the moment I am teaching full time in a private learning centre in South Korea. I got here with a TEFL certificate + Bachelors. I've realised I enjoy teaching, I'd like to pursue something more legitimate with room for actual growth and professional development.

I grew up in the Bay Area, and that's where I'd like to teach. However I haven't lived in the states for 13 years, currently I'm 27. Family is now based in Ireland.

I would aim to teach later primary with a multiple subject credential.

Today I was researching paths to a CA teaching credential, I was drawn to the CSUs. Looking at 1 year intensive courses. But while I was poking around I realised, it seems I'll need to pay out of state tuition.

In Ireland I managed to get a bachelors without any debt.

Out of state tuition seems to start at 30K. Teachers in the Bay Area seem to start at 90K annually. This is an acceptable amount of debt... isn't it?

I could go and live in CA for a year to then avail of in-state tuition. Not sure what I'd do during that year, perhaps subbing (need to look into that) and teaching ESL online... 

I am inclined not to study online, but if anyone has a strong case to make I am all ears.

Happy to hear thoughts on all this. Any recommendations on which University, or things I am overlooking and should look into...

I am still in my own research phase, all leads appreciated.

Let me know if I can clarify anything.

TLDR: well, actually... please read haha :-)",0.20014430014430015,0.44669312169312175,positive
teaching,1grb6q9,Is Teaching Right For Me?,"Hello Reddit! Allow me to explain my situation. I am 25 years old with a bachelors degree in mechanical engineering technology from Purdue university. I was unable to find an engineering job in Indiana after 110 applications submitted. I got a response on 3, and they were all rejections. While discouraging, I went on to do other things. CNC operation at first, but having been working in my father's machine shop since I was 7 years old I thoroughly hated that. So I decided to try something else. Primarily serving at high dining restaurants that require long descriptions of various dishes on the menu.

Now we move on. I have discovered that I have a passion for teaching. I've always had a love for history and enjoy giving lectures to my friends on various historical topics. And I enjoyed giving lectures in college as well. And I am trying to figure out whether or not I should become a teacher. The only reason I got an engineering degree was because it's what everyone told me I should do. But I have always really enjoyed history. But teachers are paid very very badly in most of the US, so if I would pursue it I would want to be either a teacher at a private school or a professor at a university.

Here is the problem. I've never known a professor to have anything less than a masters degree. So I would have to go back to school for at least 6 years. And at Purdue every professor I knew had been there for 10-20 years at a minimum. So in other words there is almost no demand for new professors. So from my perspective it seems like I would get 6 years of additional college debt only to have next to no chance to get a job in teaching that actually pays.

So I wanted to get your perspectives on this situation. Is there more demand than I think there is? Is a Masters degree not required? Or is the situation as hopeless as I've made it sound?

As always, any and all advice is appreciated, and have a lovely day!",1731607917.0,/r/teaching/comments/1grb6q9/is_teaching_right_for_me/,flamin_shotgun,https://www.reddit.com/r/teaching/comments/1grb6q9/is_teaching_right_for_me/,18,teacher,"Is Teaching Right For Me? Hello Reddit! Allow me to explain my situation. I am 25 years old with a bachelors degree in mechanical engineering technology from Purdue university. I was unable to find an engineering job in Indiana after 110 applications submitted. I got a response on 3, and they were all rejections. While discouraging, I went on to do other things. CNC operation at first, but having been working in my father's machine shop since I was 7 years old I thoroughly hated that. So I decided to try something else. Primarily serving at high dining restaurants that require long descriptions of various dishes on the menu.

Now we move on. I have discovered that I have a passion for teaching. I've always had a love for history and enjoy giving lectures to my friends on various historical topics. And I enjoyed giving lectures in college as well. And I am trying to figure out whether or not I should become a teacher. The only reason I got an engineering degree was because it's what everyone told me I should do. But I have always really enjoyed history. But teachers are paid very very badly in most of the US, so if I would pursue it I would want to be either a teacher at a private school or a professor at a university.

Here is the problem. I've never known a professor to have anything less than a masters degree. So I would have to go back to school for at least 6 years. And at Purdue every professor I knew had been there for 10-20 years at a minimum. So in other words there is almost no demand for new professors. So from my perspective it seems like I would get 6 years of additional college debt only to have next to no chance to get a job in teaching that actually pays.

So I wanted to get your perspectives on this situation. Is there more demand than I think there is? Is a Masters degree not required? Or is the situation as hopeless as I've made it sound?

As always, any and all advice is appreciated, and have a lovely day!",0.1081824945887446,0.4314143668831169,positive
teaching,1c2iy2s,Is a double bachelor worth it to teach in the U.S?,"EDIT: thank you to everyone who’s commented about their experiences and opinions! I appreciate the help. I’m leaning towards not getting a double bachelors so far but I’ll make a real decision once I have my appointment with my advisor. 

Hi, I’m a Florida college student about to graduate from a small community college with my AA. I’m transferring to a nearby university soon that has a highly rated education program. I want to start teaching at the elementary school level but I also don’t want to get stuck at that level, hence why I’m majoring in English instead of education. I know the education field is in pieces right now so I want as much flexibility as possible. I’m good with kids and I’m really passionate about teaching but I hear so many stories about burn out ESPECIALLY from k-6 teachers, so I want to keep my options open. My favorite teachers were my AP teachers in high school, so if I switch to high school I’d definitely be interested in getting an AP certificate post graduates degree. But for now, I’d like to stick with elementary school as it just feels right for me right now. 

My university offers reading and ESOL endorsements to education majors which is why I’m considering doing a double degree, English and elementary education. To my knowledge, they don’t offer these endorsements to education minors. I plan to stay in Florida for a while (at least 2ish years) until I pursue a graduate program in another state. I don’t want to live here forever, haha.

So far, I’ve managed to stay debt free (gap year to save up and living with parents) and I’d like it to stay that way until graduate school as I’m completely in charge of funding my education. I’m aiming for merit scholarships right now but the biggest one I’m qualified for is a 2 year one. I understand that a double degree can add on a year so I’d definitely have to find more financial aid to cover that last year. I do not know yet what I would do for my graduates but I’m leaning towards sticking to English so that teaching at the college level is an option later on. I’ve also heard mixed things about getting a masters in education so I’m not sure if that’s something I’d want to pursue or not. 

TLDR; is a double degree in English and elementary education worth it? I’d start teaching at the elementary school level then transition to high school later on. I’m trying to stay flexible as the education field is rough right now. Is getting the second degree in elementary education worth it for reading and ESOL endorsements? 
",1712952600.0,/r/teaching/comments/1c2iy2s/is_a_double_bachelor_worth_it_to_teach_in_the_us/,Bloomriinee-art,https://www.reddit.com/r/teaching/comments/1c2iy2s/is_a_double_bachelor_worth_it_to_teach_in_the_us/,3,teacher,"Is a double bachelor worth it to teach in the U.S? EDIT: thank you to everyone who’s commented about their experiences and opinions! I appreciate the help. I’m leaning towards not getting a double bachelors so far but I’ll make a real decision once I have my appointment with my advisor. 

Hi, I’m a Florida college student about to graduate from a small community college with my AA. I’m transferring to a nearby university soon that has a highly rated education program. I want to start teaching at the elementary school level but I also don’t want to get stuck at that level, hence why I’m majoring in English instead of education. I know the education field is in pieces right now so I want as much flexibility as possible. I’m good with kids and I’m really passionate about teaching but I hear so many stories about burn out ESPECIALLY from k-6 teachers, so I want to keep my options open. My favorite teachers were my AP teachers in high school, so if I switch to high school I’d definitely be interested in getting an AP certificate post graduates degree. But for now, I’d like to stick with elementary school as it just feels right for me right now. 

My university offers reading and ESOL endorsements to education majors which is why I’m considering doing a double degree, English and elementary education. To my knowledge, they don’t offer these endorsements to education minors. I plan to stay in Florida for a while (at least 2ish years) until I pursue a graduate program in another state. I don’t want to live here forever, haha.

So far, I’ve managed to stay debt free (gap year to save up and living with parents) and I’d like it to stay that way until graduate school as I’m completely in charge of funding my education. I’m aiming for merit scholarships right now but the biggest one I’m qualified for is a 2 year one. I understand that a double degree can add on a year so I’d definitely have to find more financial aid to cover that last year. I do not know yet what I would do for my graduates but I’m leaning towards sticking to English so that teaching at the college level is an option later on. I’ve also heard mixed things about getting a masters in education so I’m not sure if that’s something I’d want to pursue or not. 

TLDR; is a double degree in English and elementary education worth it? I’d start teaching at the elementary school level then transition to high school later on. I’m trying to stay flexible as the education field is rough right now. Is getting the second degree in elementary education worth it for reading and ESOL endorsements? 
",0.14071312615955472,0.43560941043083895,positive
teaching,1bkgmb7,Who wants to help me make a life-altering decision?,"Should I keep my current job or interview for a new, intriguing position?


**CURRENT JOB**

* Good pay for what it is
* Low cost of living
* I get to use my Master’s degree to teach college-level courses, which I enjoy

*Cons*

* Besides my college courses, I don’t like most of my students. Lots of ignorance, apathy, laziness, and hatred of school.
* I know I don’t want to live in this area forever. Was originally planning to wait to wait to move, though, until my wife and I could pay off some more debt (2-3 years)


**ENTICING JOB OPENING**

*Pros*

* One of the best schools in my state
* Average student is high achieving and gives a shit about school/doing well
* Considerably higher pay
* In an area I could see myself settling down

*Cons*

* Considerably higher cost of living
* Might not get to use my Masters/teach college level
* I’ve never taught at a high-achieving wealthy school, but maybe helicopter parents? I feel like I’d prefer that over my current parents who don’t respond and hate teachers as much as their kids


**HELP**

Amazing school. Area we’d like to settle down in. But is it worth it to give up our financial plan and put ourselves under more financial stress? Does anyone have thought or experience with a similar situation?",1711053103.0,/r/teaching/comments/1bkgmb7/who_wants_to_help_me_make_a_lifealtering_decision/,TheLizardDeity,https://www.reddit.com/r/teaching/comments/1bkgmb7/who_wants_to_help_me_make_a_lifealtering_decision/,3,teacher,"Who wants to help me make a life-altering decision? Should I keep my current job or interview for a new, intriguing position?


**CURRENT JOB**

* Good pay for what it is
* Low cost of living
* I get to use my Master’s degree to teach college-level courses, which I enjoy

*Cons*

* Besides my college courses, I don’t like most of my students. Lots of ignorance, apathy, laziness, and hatred of school.
* I know I don’t want to live in this area forever. Was originally planning to wait to wait to move, though, until my wife and I could pay off some more debt (2-3 years)


**ENTICING JOB OPENING**

*Pros*

* One of the best schools in my state
* Average student is high achieving and gives a shit about school/doing well
* Considerably higher pay
* In an area I could see myself settling down

*Cons*

* Considerably higher cost of living
* Might not get to use my Masters/teach college level
* I’ve never taught at a high-achieving wealthy school, but maybe helicopter parents? I feel like I’d prefer that over my current parents who don’t respond and hate teachers as much as their kids


**HELP**

Amazing school. Area we’d like to settle down in. But is it worth it to give up our financial plan and put ourselves under more financial stress? Does anyone have thought or experience with a similar situation?",0.18488720538720535,0.4474107744107744,positive
teaching,1be5657,Is Job Embedding teaching worth it for masters.,I was wondering if job embedded teaching is worth it for masters in teaching. There is a special education award I can get. I was looking at Lipscomb college and Nazerine. What appeals to me is that I can work a salary rate while in school. What worries me is the debt. I want to work in special education and want my salary to go up.,1710369565.0,/r/teaching/comments/1be5657/is_job_embedding_teaching_worth_it_for_masters/,Latter_Stock7624,https://www.reddit.com/r/teaching/comments/1be5657/is_job_embedding_teaching_worth_it_for_masters/,2,teacher,Is Job Embedding teaching worth it for masters. I was wondering if job embedded teaching is worth it for masters in teaching. There is a special education award I can get. I was looking at Lipscomb college and Nazerine. What appeals to me is that I can work a salary rate while in school. What worries me is the debt. I want to work in special education and want my salary to go up.,0.32857142857142857,0.3357142857142857,positive
teaching,191xb1l,"Current teaching fellow, advice for next year?","Hi all! I'm not sure what to do next year and would love some advice. I graduated from university last year with an English degree, not an education degree. This year, I'm working as a teaching fellow (3rd grade) at a private K-8 school. It is a year-long position that ends at the end of the school year.  


I love teaching so far, and specifically see myself teaching middle school English (maybe even grades 9 or 10). I've also considered becoming an ESL teacher, but have less experience with that. I was extremely burnt out of school my last year of uni, and I'm not dying to go back to school at the moment, but I'm considering it. From my understanding, my 3 options currently are:  


1) Complete a teaching program at a community college

2) Get a Master's in education 

3) Do neither and apply to work at private schools hiring English teachers, who may hire candidates with just an English degree   


I'm not sure the best route to take. I'm nervous that if I put time and money into a grad program right now, I might decide in a few years teaching actually isn't for me, and I'll regret the time and money (and probably still be in debt). However, there's not that many private schools in the area (I'm not planning on moving next year and am wanting to stay in my current mid-size city), and I also obviously have limited experience, so I'm worried I won't be hired anywhere.   


Other maybe relevant info: I live in a non-union state where private school pay is similar to public school pay. I'd also like to move to a new state/city in the next couple years, so I'm a bit worried about getting a teaching license in my current state, and then having to do another process for a different state.   


Thank you for any advice!! ",1704751005.0,/r/teaching/comments/191xb1l/current_teaching_fellow_advice_for_next_year/,janey110,https://www.reddit.com/r/teaching/comments/191xb1l/current_teaching_fellow_advice_for_next_year/,1,teacher,"Current teaching fellow, advice for next year? Hi all! I'm not sure what to do next year and would love some advice. I graduated from university last year with an English degree, not an education degree. This year, I'm working as a teaching fellow (3rd grade) at a private K-8 school. It is a year-long position that ends at the end of the school year.  


I love teaching so far, and specifically see myself teaching middle school English (maybe even grades 9 or 10). I've also considered becoming an ESL teacher, but have less experience with that. I was extremely burnt out of school my last year of uni, and I'm not dying to go back to school at the moment, but I'm considering it. From my understanding, my 3 options currently are:  


1) Complete a teaching program at a community college

2) Get a Master's in education 

3) Do neither and apply to work at private schools hiring English teachers, who may hire candidates with just an English degree   


I'm not sure the best route to take. I'm nervous that if I put time and money into a grad program right now, I might decide in a few years teaching actually isn't for me, and I'll regret the time and money (and probably still be in debt). However, there's not that many private schools in the area (I'm not planning on moving next year and am wanting to stay in my current mid-size city), and I also obviously have limited experience, so I'm worried I won't be hired anywhere.   


Other maybe relevant info: I live in a non-union state where private school pay is similar to public school pay. I'd also like to move to a new state/city in the next couple years, so I'm a bit worried about getting a teaching license in my current state, and then having to do another process for a different state.   


Thank you for any advice!! ",0.06637150728059817,0.34096730289912114,neutral
teaching,18mtycb,Advice needed for a college student,"I am a 22 year old female and currently an education major. I made the change during COVID from BSW to education not really thinking about all of the disadvantages people say about the teaching profession. I am regretting my decision but close to the finish line. Is anyone in a similar situation? I feel so alone and lost. Everyone around me knows what they want and I just do not want to be another miserable teacher. I love working with kids, and have enjoyed the experience in the schools but I do not want to struggle on the teacher salary. I am currently thinking about going to grad school for something a bit different and within my values (helping people). Like MSW, or speech language pathology. But then again, it’s just more work and more debt. Any advice?",1703076944.0,/r/teaching/comments/18mtycb/advice_needed_for_a_college_student/,Hour_Ticket8047,https://www.reddit.com/r/teaching/comments/18mtycb/advice_needed_for_a_college_student/,25,teacher,"Advice needed for a college student I am a 22 year old female and currently an education major. I made the change during COVID from BSW to education not really thinking about all of the disadvantages people say about the teaching profession. I am regretting my decision but close to the finish line. Is anyone in a similar situation? I feel so alone and lost. Everyone around me knows what they want and I just do not want to be another miserable teacher. I love working with kids, and have enjoyed the experience in the schools but I do not want to struggle on the teacher salary. I am currently thinking about going to grad school for something a bit different and within my values (helping people). Like MSW, or speech language pathology. But then again, it’s just more work and more debt. Any advice?",0.08173076923076923,0.4743589743589744,neutral
teaching,18ihnsj,Is going to school to be a teacher worth it?,"I am currently in school to be a teacher and am on my 2 year. I currently make 17$ an hour at my daycare job where I am a lead teacher for 3 year olds. I spend about 1500$ for 6 months at my college. I just moved out on my own and I’ve been focusing on paying my debt. I feel that I might just be wasting my time and money going to college for education if I am currently doing what I want to be doing. Granted 17$ an hour isn’t great but I did just start this job and I have benefits, paid holidays and PTO. I don’t really know what to do in this situation. On top of completing college I also have to do my inservice hours which would take 6 months to complete with no pay at all. Would it be dumb for me to drop out?",1702585215.0,/r/teaching/comments/18ihnsj/is_going_to_school_to_be_a_teacher_worth_it/,Lost_Needleworker_87,https://www.reddit.com/r/teaching/comments/18ihnsj/is_going_to_school_to_be_a_teacher_worth_it/,38,teacher,"Is going to school to be a teacher worth it? I am currently in school to be a teacher and am on my 2 year. I currently make 17$ an hour at my daycare job where I am a lead teacher for 3 year olds. I spend about 1500$ for 6 months at my college. I just moved out on my own and I’ve been focusing on paying my debt. I feel that I might just be wasting my time and money going to college for education if I am currently doing what I want to be doing. Granted 17$ an hour isn’t great but I did just start this job and I have benefits, paid holidays and PTO. I don’t really know what to do in this situation. On top of completing college I also have to do my inservice hours which would take 6 months to complete with no pay at all. Would it be dumb for me to drop out?",0.2125,0.465,positive
teaching,17yoxof,Stuck on if I want to continue my education degree,"i’m 22 and i’m an early childhood education major (EC-6). i’ve completed 3 years 69 credits but still have a full 2 years left until graduation and honestly i’m stuck on if i even want to finish my degree. This all started when i began working at a daycare &amp; i was there about 5 months &amp; ik ik daycare is very different from teaching at a school but the way i would see the kids act and the outrageous things they’d do has honestly scared me away some 😭i’m talking a 9 year bringing a bebe gun to the center which he also brought to school but wasn’t caught with it, kids slapping teachers, teachers getting cussed out left &amp; right &amp;  all over social media &amp; even here everyone’s leaving the profession and the points and reasons as to why are VERY valid so it has me just completely stuck on if i even want to go through the trouble of finishing. 
Just to add in - my schooling is paid for by the state (TX) so i don’t have to worry about debt or anything like that but i feel like such a waste &amp; like i did those 3 years for nothing if i quit now :/ 
however i have been looking into rad tech school not completely sure on it but it’s something i’m definitely interested in if i do decide to not finish my ed degree so i have a somewhat backup 

I guess all in all i’m making this post to hear some of you guys advice and stories on if you left teaching and took a complete different route and if you did decide to stay did it get better? are the thoughts i’m having while completing my program normal did you feel the same?",1700368046.0,/r/teaching/comments/17yoxof/stuck_on_if_i_want_to_continue_my_education_degree/,Careless_Argument_72,https://www.reddit.com/r/teaching/comments/17yoxof/stuck_on_if_i_want_to_continue_my_education_degree/,10,teacher,"Stuck on if I want to continue my education degree i’m 22 and i’m an early childhood education major (EC-6). i’ve completed 3 years 69 credits but still have a full 2 years left until graduation and honestly i’m stuck on if i even want to finish my degree. This all started when i began working at a daycare &amp; i was there about 5 months &amp; ik ik daycare is very different from teaching at a school but the way i would see the kids act and the outrageous things they’d do has honestly scared me away some 😭i’m talking a 9 year bringing a bebe gun to the center which he also brought to school but wasn’t caught with it, kids slapping teachers, teachers getting cussed out left &amp; right &amp;  all over social media &amp; even here everyone’s leaving the profession and the points and reasons as to why are VERY valid so it has me just completely stuck on if i even want to go through the trouble of finishing. 
Just to add in - my schooling is paid for by the state (TX) so i don’t have to worry about debt or anything like that but i feel like such a waste &amp; like i did those 3 years for nothing if i quit now :/ 
however i have been looking into rad tech school not completely sure on it but it’s something i’m definitely interested in if i do decide to not finish my ed degree so i have a somewhat backup 

I guess all in all i’m making this post to hear some of you guys advice and stories on if you left teaching and took a complete different route and if you did decide to stay did it get better? are the thoughts i’m having while completing my program normal did you feel the same?",0.05121336996336996,0.4498565323565324,neutral
PSLF,1o1k1nn,"Mohela, StudentAid, Nelnet","Any difference between Nelnet, StudentAid, and Mohela when submitting a buyback request? I was told to change out of Mohela a while ago but people still mention them on here. How long has it taken for requesting a buyback while in the SAVE plan to be approved ?",1759950939.0,/r/PSLF/comments/1o1k1nn/mohela_studentaid_nelnet/,RidingtheWave07,https://www.reddit.com/r/PSLF/comments/1o1k1nn/mohela_studentaid_nelnet/,1,teacher,"Mohela, StudentAid, Nelnet Any difference between Nelnet, StudentAid, and Mohela when submitting a buyback request? I was told to change out of Mohela a while ago but people still mention them on here. How long has it taken for requesting a buyback while in the SAVE plan to be approved ?",-0.05,0.4,neutral
PSLF,1o1jy0m,FSA Balance 0 now - PSLF Complete,"Green banners 08/21

Golden Letter 09/24

DOn't know when, but today my FSA Balance is 0.

Waiting for credit report update.",1759950715.0,/r/PSLF/comments/1o1jy0m/fsa_balance_0_now_pslf_complete/,chappan-tikli,https://www.reddit.com/r/PSLF/comments/1o1jy0m/fsa_balance_0_now_pslf_complete/,2,teacher,"FSA Balance 0 now - PSLF Complete Green banners 08/21

Golden Letter 09/24

DOn't know when, but today my FSA Balance is 0.

Waiting for credit report update.",0.06666666666666667,0.39999999999999997,neutral
PSLF,1o1jfde,WTF is going on with FSA PSLF payment counts???,"I am missing June 2025. I didn’t make a payment that month because I was in SAVE forbearance, but the month doesn’t show up as “Ineligible,” it’s just completely missing. I know a lot of people have had this problem.

I got out of forbearance and made my first payment in August, which shows up in the payment history, no problem. 

Now, my September 2025 payment is not there. I made it more than 10 days ago. Does it usually take that long to post to FSA? It shows up on Mohela’s count. Am I missing something?",1759949592.0,/r/PSLF/comments/1o1jfde/wtf_is_going_on_with_fsa_pslf_payment_counts/,Infamous_Pudding5165,https://www.reddit.com/r/PSLF/comments/1o1jfde/wtf_is_going_on_with_fsa_pslf_payment_counts/,1,teacher,"WTF is going on with FSA PSLF payment counts??? I am missing June 2025. I didn’t make a payment that month because I was in SAVE forbearance, but the month doesn’t show up as “Ineligible,” it’s just completely missing. I know a lot of people have had this problem.

I got out of forbearance and made my first payment in August, which shows up in the payment history, no problem. 

Now, my September 2025 payment is not there. I made it more than 10 days ago. Does it usually take that long to post to FSA? It shows up on Mohela’s count. Am I missing something?",-0.08124999999999999,0.32916666666666666,neutral
PSLF,1o1j7kq,Non-qualifying payments due to employment certification,"Just wanted to ask here to see if anyone has had a similar problem, because FSA was unhelpful and said I would need to wait 45 business days for a reconsideration. 

I graduated school in May, consolidated my loans, and entered PAYE so I could start with $0 payments for my first year of PSLF. I went through the process of employment certification, and my first payment in July qualified. I did not think there would be any issues going forward since I had auto pay set up, but now I checked to make sure the payments had counted and my August and September payments both do not have employer certification. I was wondering if anyone else had this issue and knew of any solutions, because it seems a little ridiculous that I have to wait over 2 months for an answer from FSA.",1759949113.0,/r/PSLF/comments/1o1j7kq/nonqualifying_payments_due_to_employment/,playoffpetey,https://www.reddit.com/r/PSLF/comments/1o1j7kq/nonqualifying_payments_due_to_employment/,2,teacher,"Non-qualifying payments due to employment certification Just wanted to ask here to see if anyone has had a similar problem, because FSA was unhelpful and said I would need to wait 45 business days for a reconsideration. 

I graduated school in May, consolidated my loans, and entered PAYE so I could start with $0 payments for my first year of PSLF. I went through the process of employment certification, and my first payment in July qualified. I did not think there would be any issues going forward since I had auto pay set up, but now I checked to make sure the payments had counted and my August and September payments both do not have employer certification. I was wondering if anyone else had this issue and knew of any solutions, because it seems a little ridiculous that I have to wait over 2 months for an answer from FSA.",0.050595238095238096,0.5472222222222223,neutral
PSLF,1o1j1mk,"On save, Forbearance Ending","Hi everyone

I’ve been stuck on Save for months. I submitted for a new IDR plan a couple months ago to get back on track with PSLF payments but it hasn’t processed yet. I’ve been in forbearance during this time, but today received and email saying “The deferment or forbearance to postpone payments on the loan(s) listed below will end on 11/03” with my previous Save plan amount set to be taken out starting next month? Anyone else get this? Not really sure what to do considering these Save plan payments aren’t counting for anything ",1759948746.0,/r/PSLF/comments/1o1j1mk/on_save_forbearance_ending/,tumble_weed_22,https://www.reddit.com/r/PSLF/comments/1o1j1mk/on_save_forbearance_ending/,1,teacher,"On save, Forbearance Ending Hi everyone

I’ve been stuck on Save for months. I submitted for a new IDR plan a couple months ago to get back on track with PSLF payments but it hasn’t processed yet. I’ve been in forbearance during this time, but today received and email saying “The deferment or forbearance to postpone payments on the loan(s) listed below will end on 11/03” with my previous Save plan amount set to be taken out starting next month? Anyone else get this? Not really sure what to do considering these Save plan payments aren’t counting for anything ",-0.04671717171717171,0.26835016835016834,neutral
PSLF,1o1i5vo,PSLF oops...,"In my excitement over hitting 120 payments, I did not notice 4 of my loans had not hit the magical 120 payment mark before submitting the application.

Now, 6 of my loans have the magical green banner with the notification I have zero obligation on those loans. 4 do not. Why? I don't know.

Randomly, I just received notification that my 4 other loans are in an education deferment (how do they know I'm taking masters courses?) I did request a forebearance. 

Anyway. I'm still planning on making payments out of an abundance of caution -- I just want this gone and done.

Here's to hoping that they still forgive those 4 loans? Anybody else experience anything similar? I could cry.

",1759947069.0,/r/PSLF/comments/1o1i5vo/pslf_oops/,West_Arrival852,https://www.reddit.com/r/PSLF/comments/1o1i5vo/pslf_oops/,2,teacher,"PSLF oops... In my excitement over hitting 120 payments, I did not notice 4 of my loans had not hit the magical 120 payment mark before submitting the application.

Now, 6 of my loans have the magical green banner with the notification I have zero obligation on those loans. 4 do not. Why? I don't know.

Randomly, I just received notification that my 4 other loans are in an education deferment (how do they know I'm taking masters courses?) I did request a forebearance. 

Anyway. I'm still planning on making payments out of an abundance of caution -- I just want this gone and done.

Here's to hoping that they still forgive those 4 loans? Anybody else experience anything similar? I could cry.

",0.029166666666666674,0.5958333333333333,neutral
PSLF,1o1g8i6,PSLF Fall 2025 question,"Hello all- After a very arduous journey thru PSLF I finally got my green banners!! Can anyone say how long it has been taking recently to get that Golden Ketter? I am so anxious over all of this process.
Thanks in advance for your answers.",1759942886.0,/r/PSLF/comments/1o1g8i6/pslf_fall_2025_question/,Fickle_Love_5096,https://www.reddit.com/r/PSLF/comments/1o1g8i6/pslf_fall_2025_question/,1,teacher,"PSLF Fall 2025 question Hello all- After a very arduous journey thru PSLF I finally got my green banners!! Can anyone say how long it has been taking recently to get that Golden Ketter? I am so anxious over all of this process.
Thanks in advance for your answers.",-0.07093750000000001,0.5812499999999999,neutral
PSLF,1o1fb1s,IDR switch finally processed after I submitted for buyback,"I reached 120 months of qualifying employment and applied for buyback yesterday. Today I received a letter from Mohela that my IDR plan switch (from SAVE) request that I submitted before the inauguration in Jan '25 was finally processed. 

Do you think these are related, or just a coincidence that they finally processed my IDR the day after I submitted buyback?",1759940848.0,/r/PSLF/comments/1o1fb1s/idr_switch_finally_processed_after_i_submitted/,ControllingImagesPHC,https://www.reddit.com/r/PSLF/comments/1o1fb1s/idr_switch_finally_processed_after_i_submitted/,2,teacher,"IDR switch finally processed after I submitted for buyback I reached 120 months of qualifying employment and applied for buyback yesterday. Today I received a letter from Mohela that my IDR plan switch (from SAVE) request that I submitted before the inauguration in Jan '25 was finally processed. 

Do you think these are related, or just a coincidence that they finally processed my IDR the day after I submitted buyback?",0.0,0.85,neutral
PSLF,1o1f8zk,New PAYE repayment falsely low.,"I switched from SAVE to PAYE to start getting qualifying months. 

My income decreased significantly due to an illness so when I applied for PAYE, I used the paystubs method. 

My application got approved and I was shocked to see my payments be $0. Both aidvantage and studentaid.gov have me as successfully in PAYE now. 

My payments should not be $0, our family income is still relatively high. 


Aidvantage offers a “printable account information” which shows 0$ payments for the next 11 months then “121 months @ $xxx” which I believe is the right amount per the fsa calculation. 

Would you reach out to aidvantage to see why I have 11 months at $0 or just don’t ask questions and be grateful….
",1759940718.0,/r/PSLF/comments/1o1f8zk/new_paye_repayment_falsely_low/,Zelda0310,https://www.reddit.com/r/PSLF/comments/1o1f8zk/new_paye_repayment_falsely_low/,2,teacher,"New PAYE repayment falsely low. I switched from SAVE to PAYE to start getting qualifying months. 

My income decreased significantly due to an illness so when I applied for PAYE, I used the paystubs method. 

My application got approved and I was shocked to see my payments be $0. Both aidvantage and studentaid.gov have me as successfully in PAYE now. 

My payments should not be $0, our family income is still relatively high. 


Aidvantage offers a “printable account information” which shows 0$ payments for the next 11 months then “121 months @ $xxx” which I believe is the right amount per the fsa calculation. 

Would you reach out to aidvantage to see why I have 11 months at $0 or just don’t ask questions and be grateful….
",0.02070779220779221,0.46552597402597407,neutral
PSLF,1o1f5rg,Application Timing Question,"Hello r/PSLF! The autopay for my 120th payment just went through yesterday. Usually I wait about a week after a payment to submit my ECF to give FSA more time to update, but should I go ahead and file my application using the PSLF help tool immediately? Wait a week? Longer? Any advice is appreciated!",1759940517.0,/r/PSLF/comments/1o1f5rg/application_timing_question/,BonecrusherEsq,https://www.reddit.com/r/PSLF/comments/1o1f5rg/application_timing_question/,4,teacher,"Application Timing Question Hello r/PSLF! The autopay for my 120th payment just went through yesterday. Usually I wait about a week after a payment to submit my ECF to give FSA more time to update, but should I go ahead and file my application using the PSLF help tool immediately? Wait a week? Longer? Any advice is appreciated!",0.16666666666666666,0.2833333333333333,positive
PSLF,1o1d8jp,"Reached 120 months of qualifying employment, but July 2025 is missing","I've been in the SAVE forbearance for months and just reached 120 months of qualifying employment (with 106/120 actual, qualifying payments to date). I submitted an ECF yesterday, and it was already processed. My next step is to submit a buyback request, but July 2025 is completely missing from my PSLF Tracking Tool on the Student Aid site. 

Do I need to try and get this resolved *before* I submit the buyback request? Or can I just submit the buyback request now since I have the qualifying months of employment? 

Thanks in advance for any help/insight you can offer me here. ",1759936341.0,/r/PSLF/comments/1o1d8jp/reached_120_months_of_qualifying_employment_but/,Prudent-Property8476,https://www.reddit.com/r/PSLF/comments/1o1d8jp/reached_120_months_of_qualifying_employment_but/,4,teacher,"Reached 120 months of qualifying employment, but July 2025 is missing I've been in the SAVE forbearance for months and just reached 120 months of qualifying employment (with 106/120 actual, qualifying payments to date). I submitted an ECF yesterday, and it was already processed. My next step is to submit a buyback request, but July 2025 is completely missing from my PSLF Tracking Tool on the Student Aid site. 

Do I need to try and get this resolved *before* I submit the buyback request? Or can I just submit the buyback request now since I have the qualifying months of employment? 

Thanks in advance for any help/insight you can offer me here. ",-0.04,0.08,neutral
PSLF,1o1bk38,"June 2025 payment fix isn't coming, is it?","Now at 117/120. Payment #117 (September 2025) was just added to the FSA dashboard count.

However, when I go into the FSA payment history, everything is there except June 2025. If June 2025 was there, I'd be at 118/120.

First we heard that June 2025 would be fixed by late September. Still nothing. I'm never going to get credit for that payment, am I?",1759932607.0,/r/PSLF/comments/1o1bk38/june_2025_payment_fix_isnt_coming_is_it/,JimEJawn,https://www.reddit.com/r/PSLF/comments/1o1bk38/june_2025_payment_fix_isnt_coming_is_it/,5,teacher,"June 2025 payment fix isn't coming, is it? Now at 117/120. Payment #117 (September 2025) was just added to the FSA dashboard count.

However, when I go into the FSA payment history, everything is there except June 2025. If June 2025 was there, I'd be at 118/120.

First we heard that June 2025 would be fixed by late September. Still nothing. I'm never going to get credit for that payment, am I?",0.016666666666666663,0.37777777777777777,neutral
PSLF,1o1ahpu,Student Loans off credit report,"Got my FSA golden letter on 8/5/25 &amp; have been monitoring my credit report weekly, and today my student loans are off of my credit report. I’ve heard people who have had substantial student debt say their credit scores have dropped after forgiveness &amp; I was concerned because I had 208k, but my score went up 5 points! Thankful this is over! For everyone working towards forgiveness, stay diligent! Your day is coming! 

Timeline:

Green banners: 6/5

FSA Golden Letter: 8/5

Zeroed out on Aidvantage: 8/6

Aidvantage Golden letter: 8/7

Zeroed on FSA: 8/12.

Refund check: 9/10

Loans off credit report: 10/8",1759930052.0,/r/PSLF/comments/1o1ahpu/student_loans_off_credit_report/,Parking-Phone4238,https://www.reddit.com/r/PSLF/comments/1o1ahpu/student_loans_off_credit_report/,10,teacher,"Student Loans off credit report Got my FSA golden letter on 8/5/25 &amp; have been monitoring my credit report weekly, and today my student loans are off of my credit report. I’ve heard people who have had substantial student debt say their credit scores have dropped after forgiveness &amp; I was concerned because I had 208k, but my score went up 5 points! Thankful this is over! For everyone working towards forgiveness, stay diligent! Your day is coming! 

Timeline:

Green banners: 6/5

FSA Golden Letter: 8/5

Zeroed out on Aidvantage: 8/6

Aidvantage Golden letter: 8/7

Zeroed on FSA: 8/12.

Refund check: 9/10

Loans off credit report: 10/8",0.28310546875000003,0.45,positive
PSLF,1o1a35v,Pslf 120th payment,My last payment is due on October 21st…can I pay that now or is it too early? I just want to make sure it counts but also be done…,1759929053.0,/r/PSLF/comments/1o1a35v/pslf_120th_payment/,meggity1,https://www.reddit.com/r/PSLF/comments/1o1a35v/pslf_120th_payment/,2,teacher,Pslf 120th payment My last payment is due on October 21st…can I pay that now or is it too early? I just want to make sure it counts but also be done…,0.11875,0.4076388888888889,positive
PSLF,1o18vtg,Mohela put me in a forbearance after being on IBR. They won’t take me off. Should I reapply?,Got approved for IBR in March 2025 and was making $0 payments until apparently June 2025 when they put me in a SAVE forbearance.  They refuse to take me off. Should I just reapply for IBR? ,1759925984.0,/r/PSLF/comments/1o18vtg/mohela_put_me_in_a_forbearance_after_being_on_ibr/,Spiritual-Mud-5470,https://www.reddit.com/r/PSLF/comments/1o18vtg/mohela_put_me_in_a_forbearance_after_being_on_ibr/,1,teacher,Mohela put me in a forbearance after being on IBR. They won’t take me off. Should I reapply? Got approved for IBR in March 2025 and was making $0 payments until apparently June 2025 when they put me in a SAVE forbearance.  They refuse to take me off. Should I just reapply for IBR? ,0.05,0.35,neutral
PSLF,1o182eq,Buyback,I’ve seen some recommendations on contacting the ombudsman to have your buyback processed quicker ?? Anyone have this actually happen ??? I FINALLY hit my 120 this month and really don’t have patience to wait lol ,1759923619.0,/r/PSLF/comments/1o182eq/buyback/,Successful_Sky_1654,https://www.reddit.com/r/PSLF/comments/1o182eq/buyback/,2,teacher,Buyback I’ve seen some recommendations on contacting the ombudsman to have your buyback processed quicker ?? Anyone have this actually happen ??? I FINALLY hit my 120 this month and really don’t have patience to wait lol ,0.25,0.5,positive
PSLF,1o16r01,Looking for advice - husband a government employee,"Hi everyone,
I have 2 payments to go until 120. My husband and I file joint taxes so my current loan payments reflect his income too; when I switched from SAVE to an IBR plan my payments went up significantly (it’s only recently that my husband makes close to my income and it only negatively impacted my payment amount when I left SAVE). I only had 7 payments left when I got out of SAVE so we were planning to dip into savings to get me through these last couple. But now he doesn’t have an income at all. He is an essential worker so he’s still working and by all normal rules will get back pay. The payments were already pushing our expenses over our total income though so if the shutdown lasts the next two months or more, this will be a huge strain. 
I’m wondering if I should redo my IBR plan using paystubs for my income and say my husband currently has no income? I’m worried if they throw me into a processing forbearance it somehow won’t actually count. Alternatively do they do audits of income at the point of forgiveness and if the government opens back up and my husband has income again will there be a problem with my last two payments being lowered and stick me in some other kind of processing mess before forgiveness? 

What would everyone here do?

Thanks for reading and anyone willing to give me some advice!",1759919290.0,/r/PSLF/comments/1o16r01/looking_for_advice_husband_a_government_employee/,ROAT7373,https://www.reddit.com/r/PSLF/comments/1o16r01/looking_for_advice_husband_a_government_employee/,1,teacher,"Looking for advice - husband a government employee Hi everyone,
I have 2 payments to go until 120. My husband and I file joint taxes so my current loan payments reflect his income too; when I switched from SAVE to an IBR plan my payments went up significantly (it’s only recently that my husband makes close to my income and it only negatively impacted my payment amount when I left SAVE). I only had 7 payments left when I got out of SAVE so we were planning to dip into savings to get me through these last couple. But now he doesn’t have an income at all. He is an essential worker so he’s still working and by all normal rules will get back pay. The payments were already pushing our expenses over our total income though so if the shutdown lasts the next two months or more, this will be a huge strain. 
I’m wondering if I should redo my IBR plan using paystubs for my income and say my husband currently has no income? I’m worried if they throw me into a processing forbearance it somehow won’t actually count. Alternatively do they do audits of income at the point of forgiveness and if the government opens back up and my husband has income again will there be a problem with my last two payments being lowered and stick me in some other kind of processing mess before forgiveness? 

What would everyone here do?

Thanks for reading and anyone willing to give me some advice!",0.0625,0.4073333333333333,neutral
PSLF,1o10amh,Update missing payments are now listed in as eligible in NSLDS for a period certified twice already.,"I submitted a final ECF last week, that's still in review. NSLDS finally updated to include an additional 6 months (presumably the missing months) in the eligible column but certified now says 114 not 120, FSA still says 112.

So with the final ECF, I was able to certify (per NSLDS count) the most recent period since my last certification but it didn't certify the missing months. FSA hasn't updated yet but usually it matches NSLDS for me.",1759895469.0,/r/PSLF/comments/1o10amh/update_missing_payments_are_now_listed_in_as/,EddieDubbers,https://www.reddit.com/r/PSLF/comments/1o10amh/update_missing_payments_are_now_listed_in_as/,5,teacher,"Update missing payments are now listed in as eligible in NSLDS for a period certified twice already. I submitted a final ECF last week, that's still in review. NSLDS finally updated to include an additional 6 months (presumably the missing months) in the eligible column but certified now says 114 not 120, FSA still says 112.

So with the final ECF, I was able to certify (per NSLDS count) the most recent period since my last certification but it didn't certify the missing months. FSA hasn't updated yet but usually it matches NSLDS for me.",0.012499999999999997,0.4090277777777777,neutral
PSLF,1o0vy69,Still No Refund :(,I have been waiting for an overpayment refund since last December. Any idea how to get Mohela to speed this up?,1759882809.0,/r/PSLF/comments/1o0vy69/still_no_refund/,Big-Caramel-5574,https://www.reddit.com/r/PSLF/comments/1o0vy69/still_no_refund/,3,teacher,Still No Refund :( I have been waiting for an overpayment refund since last December. Any idea how to get Mohela to speed this up?,-0.375,0.5333333333333333,negative
PSLF,1o0v0vd,Aidvantage randomly showing missed payment amounts even though my autopay is same as always.,"I am making all of my monthly payments via autopay and for a long while there has been no issue. In September I get an email that says “Your account is at risk: Payment Not Received” I log in and noticed that my regular September autopay went through, my online banking account shows the amount withdrawn to Aidvantage, but the Aidvantage website shows a missing payment of $115.13. I check my inbox on Aidvantage and there is no mention of payment changing, of a need to report income for income contingent repayment plan I called them twice, and even they thought it was weird. They placed a review on my account and said I should hear back. But didn’t hear anything so I called and someone else told me that they don’t have a timeline for when the review will be completed but that it will remove the excess charge amount of $115.13. Well now, another month has gone by and guess what? I have another “missed payments” and am now in the hole $230.26 according to them. I called again and another review request was put in.

I am also 3 months/payments away from reaching 120 qualifying payments of PSLF. I don’t want missed payments prolonging that date for 120 qualifying payments. I’m really annoyed.

Does anyone have any advice? Anyone know anything I don’t know? Should I just bite them bullet and pay the extra amount? Any help would be appreciated!",1759880319.0,/r/PSLF/comments/1o0v0vd/aidvantage_randomly_showing_missed_payment/,This-Speed3999,https://www.reddit.com/r/PSLF/comments/1o0v0vd/aidvantage_randomly_showing_missed_payment/,1,teacher,"Aidvantage randomly showing missed payment amounts even though my autopay is same as always. I am making all of my monthly payments via autopay and for a long while there has been no issue. In September I get an email that says “Your account is at risk: Payment Not Received” I log in and noticed that my regular September autopay went through, my online banking account shows the amount withdrawn to Aidvantage, but the Aidvantage website shows a missing payment of $115.13. I check my inbox on Aidvantage and there is no mention of payment changing, of a need to report income for income contingent repayment plan I called them twice, and even they thought it was weird. They placed a review on my account and said I should hear back. But didn’t hear anything so I called and someone else told me that they don’t have a timeline for when the review will be completed but that it will remove the excess charge amount of $115.13. Well now, another month has gone by and guess what? I have another “missed payments” and am now in the hole $230.26 according to them. I called again and another review request was put in.

I am also 3 months/payments away from reaching 120 qualifying payments of PSLF. I don’t want missed payments prolonging that date for 120 qualifying payments. I’m really annoyed.

Does anyone have any advice? Anyone know anything I don’t know? Should I just bite them bullet and pay the extra amount? Any help would be appreciated!",-0.13636363636363635,0.34108391608391614,negative
PSLF,1o0ug5a,Explanation of Difference between FSA's EPs &amp; QPs and NSLDS' EPs &amp; QPs for (TE)PSLF Correct?,"PSLFers,

Hi All! Am I correct in that the reason for the discrepancy between FSA EPs &amp; QPs when compared to NSLDS EPs &amp; QPs originates from the fact that FSA's EP counts are solely pertaining to (TE)PSLF and NSLDS' EP count is the collective from all the forms of payment/forgivness programs/plans?

More granular, via NSLDS, I have 156 EPs &amp; 114 QPs, with EPs being that payment has applied to such months, but are not certified, by definition. These particular EP &amp; QP counts are listed under the PSLF header from the NSLDS' API info. Aside from the FSA's 10 month difference in EPs &amp; QPs counts (as is displayed with a letter at ECF approval or via the FSA API), I have otherwise all months from 10/01/2007 - Current certiied.. 

Now, when I ""run the numbers"" on all the months combined I made both bofore and after PSLF, it appears NSLDSs EPs do match all such payments that I have ever made (all include $0 payments for COVID era, etc).

Are my 2 conclusions of (1) the NSLDS' method of counting EPs &amp; QPs (as mentioned above) and (2) the discrepency when comparing them to FSA's EPs &amp; QPs method?  

If not, it is otherwise, a highly unusual coincidence, and if the assessment above is correct, I don't understand why NSLDS would list pre-PSLF periods of payments as part of PSLF header's EPs.

All the thanks.  




",1759878811.0,/r/PSLF/comments/1o0ug5a/explanation_of_difference_between_fsas_eps_qps/,ThorHammer94305,https://www.reddit.com/r/PSLF/comments/1o0ug5a/explanation_of_difference_between_fsas_eps_qps/,1,teacher,"Explanation of Difference between FSA's EPs &amp; QPs and NSLDS' EPs &amp; QPs for (TE)PSLF Correct? PSLFers,

Hi All! Am I correct in that the reason for the discrepancy between FSA EPs &amp; QPs when compared to NSLDS EPs &amp; QPs originates from the fact that FSA's EP counts are solely pertaining to (TE)PSLF and NSLDS' EP count is the collective from all the forms of payment/forgivness programs/plans?

More granular, via NSLDS, I have 156 EPs &amp; 114 QPs, with EPs being that payment has applied to such months, but are not certified, by definition. These particular EP &amp; QP counts are listed under the PSLF header from the NSLDS' API info. Aside from the FSA's 10 month difference in EPs &amp; QPs counts (as is displayed with a letter at ECF approval or via the FSA API), I have otherwise all months from 10/01/2007 - Current certiied.. 

Now, when I ""run the numbers"" on all the months combined I made both bofore and after PSLF, it appears NSLDSs EPs do match all such payments that I have ever made (all include $0 payments for COVID era, etc).

Are my 2 conclusions of (1) the NSLDS' method of counting EPs &amp; QPs (as mentioned above) and (2) the discrepency when comparing them to FSA's EPs &amp; QPs method?  

If not, it is otherwise, a highly unusual coincidence, and if the assessment above is correct, I don't understand why NSLDS would list pre-PSLF periods of payments as part of PSLF header's EPs.

All the thanks.  




",0.11851851851851852,0.40370370370370373,positive
PSLF,1o0pmhk,PSLF buyback questions:,"# With the government shutdown are PSLF buyback request being processed? Also, when waiting for a PSLF buyback amount do you have to continue to work for your public service organization or any public service organization? Or can you find another job outside of public service, since you have reached 120 months?",1759867497.0,/r/PSLF/comments/1o0pmhk/pslf_buyback_questions/,HeadGovernment6345,https://www.reddit.com/r/PSLF/comments/1o0pmhk/pslf_buyback_questions/,0,teacher,"PSLF buyback questions: # With the government shutdown are PSLF buyback request being processed? Also, when waiting for a PSLF buyback amount do you have to continue to work for your public service organization or any public service organization? Or can you find another job outside of public service, since you have reached 120 months?",0.0,0.0625,neutral
PSLF,1o0plrx,To submit ECF now or next month?,"I'd love advice so that I don't mess anything up when I'm so close to the finish line. Here's my situation:

On FSA site: 

\- Shows 117 out of 120 qualifying payments (last one was on 05/2024, right between being put on SAVE forbearance). 

\- Payments Needing Employer Certification - shows 07/2025, 08/2025, 09/2025

\- They moved me from SAVE to IDR on 07/26/2025

\- On Mohela site - shows that they received my monthly payments on 08/24/2025 and 09/24/2025. Next auto payment is scheduled for 10/24/2025. 

Why hasn't the banner moved from 117 to 119 after my two monthly payments? 

Why does it show July 2025 as as needing employment certification, even though I didn't pay that month? Is that the month that I got for moving from SAVE to IBR?

So, should I submit my ECF now and hope that they will approve July, Aug, and Sept, even though I didn't make a July payment? Or do I wait until they receive my Oct payment, and on the form check the ""request a forbearance"" box so I don't get charged in Nov? This possibly means that I'm paying an extra month unnecessarily.   
Thanks to anyone who can help!",1759867452.0,/r/PSLF/comments/1o0plrx/to_submit_ecf_now_or_next_month/,DistrictDame9716,https://www.reddit.com/r/PSLF/comments/1o0plrx/to_submit_ecf_now_or_next_month/,2,teacher,"To submit ECF now or next month? I'd love advice so that I don't mess anything up when I'm so close to the finish line. Here's my situation:

On FSA site: 

\- Shows 117 out of 120 qualifying payments (last one was on 05/2024, right between being put on SAVE forbearance). 

\- Payments Needing Employer Certification - shows 07/2025, 08/2025, 09/2025

\- They moved me from SAVE to IDR on 07/26/2025

\- On Mohela site - shows that they received my monthly payments on 08/24/2025 and 09/24/2025. Next auto payment is scheduled for 10/24/2025. 

Why hasn't the banner moved from 117 to 119 after my two monthly payments? 

Why does it show July 2025 as as needing employment certification, even though I didn't pay that month? Is that the month that I got for moving from SAVE to IBR?

So, should I submit my ECF now and hope that they will approve July, Aug, and Sept, even though I didn't make a July payment? Or do I wait until they receive my Oct payment, and on the form check the ""request a forbearance"" box so I don't get charged in Nov? This possibly means that I'm paying an extra month unnecessarily.   
Thanks to anyone who can help!",0.09563492063492064,0.2974867724867725,neutral
PSLF,1o0p226,Student loans - IBR vs PAYE ??,"Hello everyone,  
I’m about to begin my first full-time position after graduate school and plan to pursue PSLF. I’m trying to determine which repayment plan would be the most beneficial. I’ve heard a lot about the new RAP changes, but to be completely honest, I don’t know much about how it actually works.

For context, I have a little over $200k in federal loans (Direct Unsubsidized and Grad PLUS). Any guidance or insight into which repayment plan would be best to start with would be greatly appreciated.",1759866246.0,/r/PSLF/comments/1o0p226/student_loans_ibr_vs_paye/,AdLegitimate7469,https://www.reddit.com/r/PSLF/comments/1o0p226/student_loans_ibr_vs_paye/,2,teacher,"Student loans - IBR vs PAYE ?? Hello everyone,  
I’m about to begin my first full-time position after graduate school and plan to pursue PSLF. I’m trying to determine which repayment plan would be the most beneficial. I’ve heard a lot about the new RAP changes, but to be completely honest, I don’t know much about how it actually works.

For context, I have a little over $200k in federal loans (Direct Unsubsidized and Grad PLUS). Any guidance or insight into which repayment plan would be best to start with would be greatly appreciated.",0.27988636363636366,0.3787878787878788,positive
PSLF,1o0oxjf,3 Months Left of PSLF - Buyback last year's 2 months forbearance?,"I have 3 months left into PSLF. My payment history and NSLDS are matching. Phew! Can I buyback the 2 months of last year when we were all in forbearance due to the injunction? I am sure I won't get a response from student aid within that time period anyway, but hey, is it worth the try? Thanks!

",1759865968.0,/r/PSLF/comments/1o0oxjf/3_months_left_of_pslf_buyback_last_years_2_months/,Practical-Series-491,https://www.reddit.com/r/PSLF/comments/1o0oxjf/3_months_left_of_pslf_buyback_last_years_2_months/,1,teacher,"3 Months Left of PSLF - Buyback last year's 2 months forbearance? I have 3 months left into PSLF. My payment history and NSLDS are matching. Phew! Can I buyback the 2 months of last year when we were all in forbearance due to the injunction? I am sure I won't get a response from student aid within that time period anyway, but hey, is it worth the try? Thanks!

",0.115625,0.21215277777777777,positive
studentloans,1o1leor,I need money for college!!,"Hello! I’m currently in the medical sonography program. I pulled student loans out because I can’t afford college lol, but I have to pay them back. I make at most $400 a month and unfortunately it goes to gas, car payments, insurance, etc. So I haven’t been able to pay them back. It’s time for my financial aid appointment and I need another loan to pay for the rest of my time in college. What do I do??",1759953645.0,/r/StudentLoans/comments/1o1leor/i_need_money_for_college/,Frequent-War-194,https://www.reddit.com/r/StudentLoans/comments/1o1leor/i_need_money_for_college/,1,teacher,"I need money for college!! Hello! I’m currently in the medical sonography program. I pulled student loans out because I can’t afford college lol, but I have to pay them back. I make at most $400 a month and unfortunately it goes to gas, car payments, insurance, etc. So I haven’t been able to pay them back. It’s time for my financial aid appointment and I need another loan to pay for the rest of my time in college. What do I do??",0.14444444444444446,0.35833333333333334,positive
studentloans,1o1ldo1,Should I switch from Graduated Repayment to IDR/SAVE?,"I’m trying to figure out if I should switch from the Graduated Repayment Plan to something else. My goal is to keep my monthly payments manageable, but also pay off my loans soon. I've already been paying the monthly minimum for 15 years and the outstanding balances are mostly higher than the original balances. I have fully paid off 1 loan. 

Plan Details: 

Current Plan: Graduated Repayment  
Total Balance: $19,909  
Monthly Payment: Was $288, recently increased to $548

Loans:

**Loan 1 – Direct Subsidized**

* Interest Rate: **6.0%**
* Balance: **$5,096** | Original Amount: **$5,500**

**Loan 2 – Direct Subsidized**

* Interest Rate: **5.6%**
* Balance: **$4,886** | Original Amount: **$5,500**

**Loan 3 – Direct Unsubsidized**

* Interest Rate: **6.8%**
* Balance: **$5,661** | Original Amount: **$5,000**

**Loan 4 – Direct Unsubsidized**

* Interest Rate: **6.8%**
* Balance: **$1,438** | Original Amount: **$2,000**

**Loan 5 – Direct Unsubsidized**

* Interest Rate: **6.8%**
* Balance: **$2,826** | Original Amount: **$2,594**

All loans started repayment in 2010 and have 37 payments remaining.

Would a different plan, like the IDR plan, make sense given my balance, time left and interest rates? Or should I stick with the Graduated plan and power through the higher payments? As I understand it, the Graduated plan does not offer forgiveness after any amount of time. I did speak to a representative from my loan servicer who ran the numbers and said the IDR plan would offer lower monthly payments. 

Thanks! ",1759953587.0,/r/StudentLoans/comments/1o1ldo1/should_i_switch_from_graduated_repayment_to/,disc0superfly,https://www.reddit.com/r/StudentLoans/comments/1o1ldo1/should_i_switch_from_graduated_repayment_to/,1,teacher,"Should I switch from Graduated Repayment to IDR/SAVE? I’m trying to figure out if I should switch from the Graduated Repayment Plan to something else. My goal is to keep my monthly payments manageable, but also pay off my loans soon. I've already been paying the monthly minimum for 15 years and the outstanding balances are mostly higher than the original balances. I have fully paid off 1 loan. 

Plan Details: 

Current Plan: Graduated Repayment  
Total Balance: $19,909  
Monthly Payment: Was $288, recently increased to $548

Loans:

**Loan 1 – Direct Subsidized**

* Interest Rate: **6.0%**
* Balance: **$5,096** | Original Amount: **$5,500**

**Loan 2 – Direct Subsidized**

* Interest Rate: **5.6%**
* Balance: **$4,886** | Original Amount: **$5,500**

**Loan 3 – Direct Unsubsidized**

* Interest Rate: **6.8%**
* Balance: **$5,661** | Original Amount: **$5,000**

**Loan 4 – Direct Unsubsidized**

* Interest Rate: **6.8%**
* Balance: **$1,438** | Original Amount: **$2,000**

**Loan 5 – Direct Unsubsidized**

* Interest Rate: **6.8%**
* Balance: **$2,826** | Original Amount: **$2,594**

All loans started repayment in 2010 and have 37 payments remaining.

Would a different plan, like the IDR plan, make sense given my balance, time left and interest rates? Or should I stick with the Graduated plan and power through the higher payments? As I understand it, the Graduated plan does not offer forgiveness after any amount of time. I did speak to a representative from my loan servicer who ran the numbers and said the IDR plan would offer lower monthly payments. 

Thanks! ",0.2,0.5287499999999999,positive
studentloans,1o1lcoj,Should I consolidate? $90k. I don’t qualify for PSLF,"Hi all. I have just over  $90k in student loan debt. I work for a private company so I don’t qualify for PSLF. What are your thoughts on loan consolidation? If you think I should, any suggestions for companies to go through? 

Loan rates: $21,177 @ 6.54%; $12, 447 @ 7.54%; $21,048 @ 5.28%; 10,309 @ 6.28%; $5,540 @ 2.75%; $2028 @ 2.75%; $5564 @ 4.53%; $2074 @ 4.53%; $4558 @ 5.05%; $2185 @ 5.05%; $3540 @ 4.45%;",1759953525.0,/r/StudentLoans/comments/1o1lcoj/should_i_consolidate_90k_i_dont_qualify_for_pslf/,sandalwoodoud,https://www.reddit.com/r/StudentLoans/comments/1o1lcoj/should_i_consolidate_90k_i_dont_qualify_for_pslf/,1,teacher,"Should I consolidate? $90k. I don’t qualify for PSLF Hi all. I have just over  $90k in student loan debt. I work for a private company so I don’t qualify for PSLF. What are your thoughts on loan consolidation? If you think I should, any suggestions for companies to go through? 

Loan rates: $21,177 @ 6.54%; $12, 447 @ 7.54%; $21,048 @ 5.28%; 10,309 @ 6.28%; $5,540 @ 2.75%; $2028 @ 2.75%; $5564 @ 4.53%; $2074 @ 4.53%; $4558 @ 5.05%; $2185 @ 5.05%; $3540 @ 4.45%;",0.0,0.375,neutral
studentloans,1o1kvmi,borrower defense refund,"Hello,

So my husbands college (now closed) got sued because they advertised job placement and that never happened and his original loan was just under 18k and it was at 9k left so he paid at minimum 9k + interest (I didn’t the math he’s paid well over what he paid in it was the interest that was as making it take so long to pass off we could only afford minimum payments). But he got a refund check for a couple dollars over $1,000 so I’m not really sure what the $1,000 is for is it a class action settlement check where you get less and everyone basically splits it? Or is he going to end up with more checks? Won’t lie the 1k is going to help a lot this year I’m just trying to make sure they didn’t make a mistake where we have to struggle and pay it back. I’m just not sure how they come to the conclusion of $1k back I seen many got what they paid in back. Some people seem to get nothing back but at the very least that 9k balance off our backs is pretty nice as well. 
",1759952454.0,/r/StudentLoans/comments/1o1kvmi/borrower_defense_refund/,laketrex,https://www.reddit.com/r/StudentLoans/comments/1o1kvmi/borrower_defense_refund/,1,teacher,"borrower defense refund Hello,

So my husbands college (now closed) got sued because they advertised job placement and that never happened and his original loan was just under 18k and it was at 9k left so he paid at minimum 9k + interest (I didn’t the math he’s paid well over what he paid in it was the interest that was as making it take so long to pass off we could only afford minimum payments). But he got a refund check for a couple dollars over $1,000 so I’m not really sure what the $1,000 is for is it a class action settlement check where you get less and everyone basically splits it? Or is he going to end up with more checks? Won’t lie the 1k is going to help a lot this year I’m just trying to make sure they didn’t make a mistake where we have to struggle and pay it back. I’m just not sure how they come to the conclusion of $1k back I seen many got what they paid in back. Some people seem to get nothing back but at the very least that 9k balance off our backs is pretty nice as well. 
",0.08517543859649124,0.45280701754385966,neutral
studentloans,1o1jo02,"I enrolled in a university based on misleading info, and now they want me to pay full tuition — what would you do?“","Hi, I need some advice because I’m completely lost.

I enrolled in university for languages a few days ago because they explained it would be studying English and Spanish to the same level and that’s why I decided to join.

Now it turns out the program isn’t what they described and that I will be studying English to C1 level and Spanish up to the lowest level and I will be having just 4 classes per year. I’ve barely started — only 4 days have passed, just introductory sessions and meeting the professors, and the actual classes haven’t started yet.

I have to pay full tuition if I want leave, but this feels unfair, since I haven’t actually used any of their services.

My parents cannot afford to pay this amount, and I don’t want to stay in a program I don’t like.

Has anyone experienced something similar with tuition payments or being pressured to pay for a program you didn’t actually attend? Any ideas on how to handle this or how to talk to the university?",1759950102.0,/r/StudentLoans/comments/1o1jo02/i_enrolled_in_a_university_based_on_misleading/,Lumpy_Anxiety134,https://www.reddit.com/r/StudentLoans/comments/1o1jo02/i_enrolled_in_a_university_based_on_misleading/,2,teacher,"I enrolled in a university based on misleading info, and now they want me to pay full tuition — what would you do?“ Hi, I need some advice because I’m completely lost.

I enrolled in university for languages a few days ago because they explained it would be studying English and Spanish to the same level and that’s why I decided to join.

Now it turns out the program isn’t what they described and that I will be studying English to C1 level and Spanish up to the lowest level and I will be having just 4 classes per year. I’ve barely started — only 4 days have passed, just introductory sessions and meeting the professors, and the actual classes haven’t started yet.

I have to pay full tuition if I want leave, but this feels unfair, since I haven’t actually used any of their services.

My parents cannot afford to pay this amount, and I don’t want to stay in a program I don’t like.

Has anyone experienced something similar with tuition payments or being pressured to pay for a program you didn’t actually attend? Any ideas on how to handle this or how to talk to the university?",0.055882352941176466,0.31911764705882356,neutral
studentloans,1o1jdgt,What should I do?,"Hello!

I’m a recent graduate with $150,000 in student loan debt. I truly loved my time in college the people I met and the experiences I had were incredible—but now I’m facing the financial cost of it all.

Looking back, I don’t think my family or I, fully understood what college would actually cost or how to approach it in the smartest way. I’m the oldest in my extended family and the first to attend college, and my parents didn’t have a traditional college experience, so I was the first one navigating this process. We were all learning as we went.

Right now, I’m earning $45,769 a year ($22/hour), which is in line with what many of my friends are making. The big difference is that many of them live on their own because they either have little to no student debt or pay much less than I do each month. I know every situation is different, but I currently pay $1,700/month toward my loans, which makes it nearly impossible for me to afford moving out of my parents' home let alone start building the life and career I envisioned.

I’m feeling really stuck. I want to move to the city where I can pursue my dream career, but the financial strain makes that feel out of reach. I’ve been wondering: Should I consider refinancing my loans? I’m not sure if it would help or hurt in the long run, and I don’t want to make another decision I’ll regret.
This whole experience has been incredibly stressful. I often feel ashamed or even foolish for not fully understanding the weight of student loans when I first signed on, but I know I’m not alone in this, and I’m trying to move forward as best I can. Any advice would be much appreciated! 

Thank you all!",1759949477.0,/r/StudentLoans/comments/1o1jdgt/what_should_i_do/,ThanosDidMath,https://www.reddit.com/r/StudentLoans/comments/1o1jdgt/what_should_i_do/,3,teacher,"What should I do? Hello!

I’m a recent graduate with $150,000 in student loan debt. I truly loved my time in college the people I met and the experiences I had were incredible—but now I’m facing the financial cost of it all.

Looking back, I don’t think my family or I, fully understood what college would actually cost or how to approach it in the smartest way. I’m the oldest in my extended family and the first to attend college, and my parents didn’t have a traditional college experience, so I was the first one navigating this process. We were all learning as we went.

Right now, I’m earning $45,769 a year ($22/hour), which is in line with what many of my friends are making. The big difference is that many of them live on their own because they either have little to no student debt or pay much less than I do each month. I know every situation is different, but I currently pay $1,700/month toward my loans, which makes it nearly impossible for me to afford moving out of my parents' home let alone start building the life and career I envisioned.

I’m feeling really stuck. I want to move to the city where I can pursue my dream career, but the financial strain makes that feel out of reach. I’ve been wondering: Should I consider refinancing my loans? I’m not sure if it would help or hurt in the long run, and I don’t want to make another decision I’ll regret.
This whole experience has been incredibly stressful. I often feel ashamed or even foolish for not fully understanding the weight of student loans when I first signed on, but I know I’m not alone in this, and I’m trying to move forward as best I can. Any advice would be much appreciated! 

Thank you all!",0.17013373531230677,0.4211167800453515,positive
studentloans,1o1j6ny,Student Loan Repayment Plan,"I have ran the calculator on the FAFSA website multiple times (all of my loans are federal and through Edfinancial). I owe around 77k and will likely be around 80k by the time I start payments. I graduated last month and am now working.

Currently, I am not maxing out my retirement as I just started working. I am contributing around 300 dollars a month. With this put into the calculator, it is not worth it at all to try for PSFL. It would only lower my payment by around $70 (from 923 dollars to around 850) or so, and I would only be forgiven a few grand. Does not seem worth it to keep track of everything.

  
However, if I get closer or to max of retirement contributions, it makes a big difference. It could make my payments be around 600/month instead and have a forgiven amount of almost 30k. In the long run, paying almost 20k or so less than the standard repayment plan over the 10 years.



Basically, is it worth it to try to max out my retirement instead (or close to it) to get these benefits? I am sure would be helpful and better than that money going to student loan payments, but how much effort is it to keep track of all of this?

  
I have tried to figure all of this out on my own but its alot. 

",1759949058.0,/r/StudentLoans/comments/1o1j6ny/student_loan_repayment_plan/,Kentucky2022,https://www.reddit.com/r/StudentLoans/comments/1o1j6ny/student_loan_repayment_plan/,1,teacher,"Student Loan Repayment Plan I have ran the calculator on the FAFSA website multiple times (all of my loans are federal and through Edfinancial). I owe around 77k and will likely be around 80k by the time I start payments. I graduated last month and am now working.

Currently, I am not maxing out my retirement as I just started working. I am contributing around 300 dollars a month. With this put into the calculator, it is not worth it at all to try for PSFL. It would only lower my payment by around $70 (from 923 dollars to around 850) or so, and I would only be forgiven a few grand. Does not seem worth it to keep track of everything.

  
However, if I get closer or to max of retirement contributions, it makes a big difference. It could make my payments be around 600/month instead and have a forgiven amount of almost 30k. In the long run, paying almost 20k or so less than the standard repayment plan over the 10 years.



Basically, is it worth it to try to max out my retirement instead (or close to it) to get these benefits? I am sure would be helpful and better than that money going to student loan payments, but how much effort is it to keep track of all of this?

  
I have tried to figure all of this out on my own but its alot. 

",0.12280701754385963,0.4222222222222222,positive
studentloans,1o1i42i,Student Loan Advice,"Hi everyone, 

I am seeking advice on my financial predicament. I am a recent dental grad making about 300k before taxes. I have about 722k in dental school + post graduate loans. All loans are federal, ranging in interest from 4-8%. My highest two loans are 100K each at 8% interest. I have been in SAVE forbearance since February 2025 and am not sure if I should wait out the litigation or apply for a new plan. Standard repayment would likely mean around 8k in payments vs IDR which is estimated at 4k or so. It's not great either way. So my questions are: 1) Do I make a move now or ride out the forebearance? (my interest goes up by 2500 a month). 2) Do aggressive payments make sense over the next 10 years or should my goal be forgiveness? Thank you!",1759946961.0,/r/StudentLoans/comments/1o1i42i/student_loan_advice/,Educational_Room8239,https://www.reddit.com/r/StudentLoans/comments/1o1i42i/student_loan_advice/,1,teacher,"Student Loan Advice Hi everyone, 

I am seeking advice on my financial predicament. I am a recent dental grad making about 300k before taxes. I have about 722k in dental school + post graduate loans. All loans are federal, ranging in interest from 4-8%. My highest two loans are 100K each at 8% interest. I have been in SAVE forbearance since February 2025 and am not sure if I should wait out the litigation or apply for a new plan. Standard repayment would likely mean around 8k in payments vs IDR which is estimated at 4k or so. It's not great either way. So my questions are: 1) Do I make a move now or ride out the forebearance? (my interest goes up by 2500 a month). 2) Do aggressive payments make sense over the next 10 years or should my goal be forgiveness? Thank you!",-0.0917929292929293,0.44788159371492703,neutral
studentloans,1o1i11f,In school deferment issue with Firstmark,"Hi everyone, 
I started undergrad in 2021 and got private loans through Discover for my freshman, sophomore, and beginning of my junior year. In my Junior year, Discover stopped doing student loans and moved me over to Firstmark. I was never given copies of my original loan agreements which I know I should have printed out when I first signed them but I didn’t think of it at the time. I am now in grad school and am having issues trying to put my loans back into in school deferment from grace status. Firstmark does not have my loan agreements anywhere on my account and my Discover account was deleted after they stopped doing student loans so I can’t see if I’m allowed in school deferment for grad school. I emailed them so I could have a paper trail of what they told me and I was told all I had to do was submit an enrollment verification form from my school. I got the form and it states I started grad school in September and am in fact still enrolled full time as a student. I received a notice today that my loans were again put into Grace status until November which is what they already were. I’m going to call but I’m wondering if anyone else has ever had this issue or has any advice on what I can do? Also on my front page of my account, my loan status changed from grace to “multiple” which I don’t understand?",1759946775.0,/r/StudentLoans/comments/1o1i11f/in_school_deferment_issue_with_firstmark/,BreathSalt279,https://www.reddit.com/r/StudentLoans/comments/1o1i11f/in_school_deferment_issue_with_firstmark/,1,teacher,"In school deferment issue with Firstmark Hi everyone, 
I started undergrad in 2021 and got private loans through Discover for my freshman, sophomore, and beginning of my junior year. In my Junior year, Discover stopped doing student loans and moved me over to Firstmark. I was never given copies of my original loan agreements which I know I should have printed out when I first signed them but I didn’t think of it at the time. I am now in grad school and am having issues trying to put my loans back into in school deferment from grace status. Firstmark does not have my loan agreements anywhere on my account and my Discover account was deleted after they stopped doing student loans so I can’t see if I’m allowed in school deferment for grad school. I emailed them so I could have a paper trail of what they told me and I was told all I had to do was submit an enrollment verification form from my school. I got the form and it states I started grad school in September and am in fact still enrolled full time as a student. I received a notice today that my loans were again put into Grace status until November which is what they already were. I’m going to call but I’m wondering if anyone else has ever had this issue or has any advice on what I can do? Also on my front page of my account, my loan status changed from grace to “multiple” which I don’t understand?",0.1625,0.3347222222222222,positive
studentloans,1o1hi75,Should I stay in SAVE plan and pay it off as fast as possible? Or switch to standard? Owe 63k making $1850 payments each month,"Hello all, need help deciding the pros and cons of staying in SAVE or switching to standard. I owe about 63k split across 10 loans. 2 of the highest interest are also the highest balance (both 15k at 6.6%). I make about 125k annually before taxes and I have allocated $1850/month towards my student loans. 

Right now, my plan is to stay in SAVE plan, and since payments are technically ""required"" at the moment, I can put the entire $1850 towards the high interest/high balance loans. If I were to switch to standard plan, my payments would then be required and hence would need to make minimal payments at the very least on all 10 loans.

Any more pros and cons I should consider?",1759945661.0,/r/StudentLoans/comments/1o1hi75/should_i_stay_in_save_plan_and_pay_it_off_as_fast/,86hawks,https://www.reddit.com/r/StudentLoans/comments/1o1hi75/should_i_stay_in_save_plan_and_pay_it_off_as_fast/,2,teacher,"Should I stay in SAVE plan and pay it off as fast as possible? Or switch to standard? Owe 63k making $1850 payments each month Hello all, need help deciding the pros and cons of staying in SAVE or switching to standard. I owe about 63k split across 10 loans. 2 of the highest interest are also the highest balance (both 15k at 6.6%). I make about 125k annually before taxes and I have allocated $1850/month towards my student loans. 

Right now, my plan is to stay in SAVE plan, and since payments are technically ""required"" at the moment, I can put the entire $1850 towards the high interest/high balance loans. If I were to switch to standard plan, my payments would then be required and hence would need to make minimal payments at the very least on all 10 loans.

Any more pros and cons I should consider?",0.05464285714285714,0.4183928571428572,neutral
studentloans,1o1hfqn,Struggling teacher here... payments too high even on IDR.,"Just got out of school, my payments will start up again next month. The calculator is showing a minimum of $250 on an IDR plan. I have around 60k in fed direct loans. My income isn't high (naturally, as a teacher) and I have no other debt besides my car (which is also a really low amount). I'm not married if that matters. I also keep hearing that I will owe a ton of money to the IRS if I'm on IDR. I don't know what to do and I am so confused as to how I have friends paying like $50 a month with a similar income+loan balance. What am I missing here?

**Edit: Here's numbers, because I'm tired of disrespectful assumptions.**

Paycheck (monthly): 2400 (after insurance, tax, mandatory teacher retirement program $400+)

Car: $380

Rent: $900 (cheap for my area - need to move 40+ minutes away to lower cost)

Car insurance: $320 (high due to ""at fault"" accident that was actually caused by medical event - have shopped around, no cheaper options)

Subscriptions: $24

Groceries: $200

Home (misc necessary things, toilet paper, fem. products etc)

Pet: $60

Misc spending so I can do ***something*** fun every now and then: $50

Gas: $120 (depending on price)

Savings (building emergency fund): $160

Phone/Internet: $100

Roadside: $40

Medication &amp; routine treatment for medical condition: $40",1759945514.0,/r/StudentLoans/comments/1o1hfqn/struggling_teacher_here_payments_too_high_even_on/,Sea-Efficiency-2899,https://www.reddit.com/r/StudentLoans/comments/1o1hfqn/struggling_teacher_here_payments_too_high_even_on/,18,teacher,"Struggling teacher here... payments too high even on IDR. Just got out of school, my payments will start up again next month. The calculator is showing a minimum of $250 on an IDR plan. I have around 60k in fed direct loans. My income isn't high (naturally, as a teacher) and I have no other debt besides my car (which is also a really low amount). I'm not married if that matters. I also keep hearing that I will owe a ton of money to the IRS if I'm on IDR. I don't know what to do and I am so confused as to how I have friends paying like $50 a month with a similar income+loan balance. What am I missing here?

**Edit: Here's numbers, because I'm tired of disrespectful assumptions.**

Paycheck (monthly): 2400 (after insurance, tax, mandatory teacher retirement program $400+)

Car: $380

Rent: $900 (cheap for my area - need to move 40+ minutes away to lower cost)

Car insurance: $320 (high due to ""at fault"" accident that was actually caused by medical event - have shopped around, no cheaper options)

Subscriptions: $24

Groceries: $200

Home (misc necessary things, toilet paper, fem. products etc)

Pet: $60

Misc spending so I can do ***something*** fun every now and then: $50

Gas: $120 (depending on price)

Savings (building emergency fund): $160

Phone/Internet: $100

Roadside: $40

Medication &amp; routine treatment for medical condition: $40",0.007579365079365082,0.36047619047619045,neutral
studentloans,1o1h8et,So how are we repaying student loans?,"I’m a sophomore in college I’ve taken out maybe 6,000 in loans so far not including the loans my parents took out of course, I have a job(it doesn’t pay well) I’m trying to get another one (i technically already got it they I was supposed to start training but they haven’t emailed me back yet) so that I have two and I take 17 credits I’m really trying hard to also keep my grades up( currently on the deans list) to keep the scholarships I do have but I’m struggling and idk what the future of loan repayment plans is going to look like or how things regarding interest idk I’m scared and idk what more I can do, I’m really just looking for advice or tips anything please I really don’t want to have to drop out of college I love it I like learning and if I did I’d disappoint my family since I’m the first to go to college.",1759945071.0,/r/StudentLoans/comments/1o1h8et/so_how_are_we_repaying_student_loans/,itsmeclarketart,https://www.reddit.com/r/StudentLoans/comments/1o1h8et/so_how_are_we_repaying_student_loans/,2,teacher,"So how are we repaying student loans? I’m a sophomore in college I’ve taken out maybe 6,000 in loans so far not including the loans my parents took out of course, I have a job(it doesn’t pay well) I’m trying to get another one (i technically already got it they I was supposed to start training but they haven’t emailed me back yet) so that I have two and I take 17 credits I’m really trying hard to also keep my grades up( currently on the deans list) to keep the scholarships I do have but I’m struggling and idk what the future of loan repayment plans is going to look like or how things regarding interest idk I’m scared and idk what more I can do, I’m really just looking for advice or tips anything please I really don’t want to have to drop out of college I love it I like learning and if I did I’d disappoint my family since I’m the first to go to college.",0.13819444444444443,0.35000000000000003,positive
studentloans,1o1ffpj,Is there any reason why they changed my estimated payoff date again?,"I have 9 IBR payments left. [Studentaid.gov](http://Studentaid.gov) has my estimate payoff date as November 14, 2030. That's what EdFinancial had too, until today, when I noticed they changed it to October 2036. Is there any reason why they keep moving it out?",1759941127.0,/r/StudentLoans/comments/1o1ffpj/is_there_any_reason_why_they_changed_my_estimated/,Freddiepuppy,https://www.reddit.com/r/StudentLoans/comments/1o1ffpj/is_there_any_reason_why_they_changed_my_estimated/,2,teacher,"Is there any reason why they changed my estimated payoff date again? I have 9 IBR payments left. [Studentaid.gov](http://Studentaid.gov) has my estimate payoff date as November 14, 2030. That's what EdFinancial had too, until today, when I noticed they changed it to October 2036. Is there any reason why they keep moving it out?",0.0,0.0,neutral
studentloans,1o1exop,Mohela Forbearance Limbo,I’m 17 out of 120 payments into pslf before the forbearance chaos happened. I haven’t spoken to Mohela because Everytime I call it’s like 8 hours to speak to someone. What are you pslf folks doing? I know interest is compounding but does it make sense to take my loans out of forbearance and start paying? I’m so lost on what to do. ,1759940014.0,/r/StudentLoans/comments/1o1exop/mohela_forbearance_limbo/,Certain_Map3025,https://www.reddit.com/r/StudentLoans/comments/1o1exop/mohela_forbearance_limbo/,1,teacher,Mohela Forbearance Limbo I’m 17 out of 120 payments into pslf before the forbearance chaos happened. I haven’t spoken to Mohela because Everytime I call it’s like 8 hours to speak to someone. What are you pslf folks doing? I know interest is compounding but does it make sense to take my loans out of forbearance and start paying? I’m so lost on what to do. ,0.0,0.0,neutral
studentloans,1o1ei5z,"Need help! Single mom, in forbearance","I am unsure of what to do and looking for some advice. I finally wised up and realized that interest is growing on my loans through Nelnet. I owed 9k and now it’s already growing back up again. 

Do I leave my loans in forbearance and pay the interest? Or do I apply for an income plan? OR, defer? 

I am a single mom going through a divorce right now and money is tight but I don’t want to screw myself for the future. Most of the loans are subsidized, all but one. I appreciate any advice ❤️",1759939088.0,/r/StudentLoans/comments/1o1ei5z/need_help_single_mom_in_forbearance/,Separate-Kiwi-5932,https://www.reddit.com/r/StudentLoans/comments/1o1ei5z/need_help_single_mom_in_forbearance/,1,teacher,"Need help! Single mom, in forbearance I am unsure of what to do and looking for some advice. I finally wised up and realized that interest is growing on my loans through Nelnet. I owed 9k and now it’s already growing back up again. 

Do I leave my loans in forbearance and pay the interest? Or do I apply for an income plan? OR, defer? 

I am a single mom going through a divorce right now and money is tight but I don’t want to screw myself for the future. Most of the loans are subsidized, all but one. I appreciate any advice ❤️",0.05803571428571429,0.35937499999999994,neutral
