source,thread_id,thread_title,thread_url,post_id,post_number,author,body,date_posted,is_thread_start,word_count,polarity,subjectivity,scraped_at
sdn,1514987,AAMC Webinar: OB3 and PSLF update (November 2025),https://forums.studentdoctor.net/threads/aamc-webinar-ob3-and-pslf-update-november-2025.1514987,ed37cf2cd1f6,0,Mr.Smile12,"November 21, 2025: During this video, Emma Crawford, CFP®, discusses the program's requirements, how to qualify, how to begin making PSLF-qualifying payments and possible changes to the program due to recent legislation.",2025-12-06T00:46:44-0500,True,32,-0.041667,0.541667,2026-03-23T22:44:10.008315
sdn,1514987,AAMC Webinar: OB3 and PSLF update (November 2025),https://forums.studentdoctor.net/threads/aamc-webinar-ob3-and-pslf-update-november-2025.1514987,cba256cd9b6d,1,Mr.Smile12,"November 21, 2025: During this video, Emma Crawford, CFP®, discusses the program's requirements, how to qualify, how to begin making PSLF-qualifying payments and possible changes to the program due to recent legislation.",2025-12-06T00:46:44-0500,False,32,-0.041667,0.541667,2026-03-23T22:44:12.255541
sdn,1514987,AAMC Webinar: OB3 and PSLF update (November 2025),https://forums.studentdoctor.net/threads/aamc-webinar-ob3-and-pslf-update-november-2025.1514987,4172c77b7de5,2,Mr.Smile12,"November 21, 2025: During this video, Emma Crawford, CFP®, discusses the program's requirements, how to qualify, how to begin making PSLF-qualifying payments and possible changes to the program due to recent legislation.",2025-12-06T00:46:44-0500,False,32,-0.041667,0.541667,2026-03-23T22:44:14.502285
sdn,1514987,AAMC Webinar: OB3 and PSLF update (November 2025),https://forums.studentdoctor.net/threads/aamc-webinar-ob3-and-pslf-update-november-2025.1514987,215ce5ce20e8,3,Mr.Smile12,"November 21, 2025: During this video, Emma Crawford, CFP®, discusses the program's requirements, how to qualify, how to begin making PSLF-qualifying payments and possible changes to the program due to recent legislation.",2025-12-06T00:46:44-0500,False,32,-0.041667,0.541667,2026-03-23T22:44:16.742523
sdn,1514987,AAMC Webinar: OB3 and PSLF update (November 2025),https://forums.studentdoctor.net/threads/aamc-webinar-ob3-and-pslf-update-november-2025.1514987,341663cd5152,4,Mr.Smile12,"November 21, 2025: During this video, Emma Crawford, CFP®, discusses the program's requirements, how to qualify, how to begin making PSLF-qualifying payments and possible changes to the program due to recent legislation.",2025-12-06T00:46:44-0500,False,32,-0.041667,0.541667,2026-03-23T22:44:19.043044
sdn,1511627,[Tallahassee Democrat] Will PSLF go away?,https://forums.studentdoctor.net/threads/tallahassee-democrat-will-pslf-go-away.1511627,fd6798685bbf,0,Mr.Smile12,Is PSLF going away? What to know as Public Service Loan Forgiveness faces uncertain future Some borrowers in the U.S. who benefit from Public Service Loan Forgiveness may soon see changes to their repayment plans. Here's what we know. www.tallahassee.com,2025-07-15T18:51:19-0400,True,40,0.0,0.086111,2026-03-23T22:44:21.314092
sdn,1511627,[Tallahassee Democrat] Will PSLF go away?,https://forums.studentdoctor.net/threads/tallahassee-democrat-will-pslf-go-away.1511627,fc459911f503,1,mmmcdowe,Glad I got out recently,2025-07-16T23:01:40-0400,False,5,0.25,0.625,2026-03-23T22:44:21.317090
sdn,1511627,[Tallahassee Democrat] Will PSLF go away?,https://forums.studentdoctor.net/threads/tallahassee-democrat-will-pslf-go-away.1511627,15c0ceb712d2,2,Mr.Smile12,460K student loan borrowers to be denied repayment plan - POLITICO https://share.google/gz9HvFwR8YNuq5zT3,2025-07-19T08:09:47-0400,False,12,0.0,0.0,2026-03-23T22:44:21.319101
sdn,1511627,[Tallahassee Democrat] Will PSLF go away?,https://forums.studentdoctor.net/threads/tallahassee-democrat-will-pslf-go-away.1511627,1ad785588c2e,3,Mr.Smile12,Is PSLF going away? What to know as Public Service Loan Forgiveness faces uncertain future Some borrowers in the U.S. who benefit from Public Service Loan Forgiveness may soon see changes to their repayment plans. Here's what we know. www.tallahassee.com,2025-07-15T18:51:19-0400,False,40,0.0,0.086111,2026-03-23T22:44:23.585771
sdn,1511627,[Tallahassee Democrat] Will PSLF go away?,https://forums.studentdoctor.net/threads/tallahassee-democrat-will-pslf-go-away.1511627,1b40a437d224,4,mmmcdowe,Glad I got out recently,2025-07-16T23:01:40-0400,False,5,0.25,0.625,2026-03-23T22:44:23.587787
sdn,1511627,[Tallahassee Democrat] Will PSLF go away?,https://forums.studentdoctor.net/threads/tallahassee-democrat-will-pslf-go-away.1511627,5df422af2c36,5,Mr.Smile12,460K student loan borrowers to be denied repayment plan - POLITICO https://share.google/gz9HvFwR8YNuq5zT3,2025-07-19T08:09:47-0400,False,12,0.0,0.0,2026-03-23T22:44:23.589798
sdn,1511627,[Tallahassee Democrat] Will PSLF go away?,https://forums.studentdoctor.net/threads/tallahassee-democrat-will-pslf-go-away.1511627,64a1cdaceca3,6,Mr.Smile12,Is PSLF going away? What to know as Public Service Loan Forgiveness faces uncertain future Some borrowers in the U.S. who benefit from Public Service Loan Forgiveness may soon see changes to their repayment plans. Here's what we know. www.tallahassee.com,2025-07-15T18:51:19-0400,False,40,0.0,0.086111,2026-03-23T22:44:25.845429
sdn,1511627,[Tallahassee Democrat] Will PSLF go away?,https://forums.studentdoctor.net/threads/tallahassee-democrat-will-pslf-go-away.1511627,f8dc8c2b5057,7,mmmcdowe,Glad I got out recently,2025-07-16T23:01:40-0400,False,5,0.25,0.625,2026-03-23T22:44:25.847429
sdn,1511627,[Tallahassee Democrat] Will PSLF go away?,https://forums.studentdoctor.net/threads/tallahassee-democrat-will-pslf-go-away.1511627,73f1280aeb75,8,Mr.Smile12,460K student loan borrowers to be denied repayment plan - POLITICO https://share.google/gz9HvFwR8YNuq5zT3,2025-07-19T08:09:47-0400,False,12,0.0,0.0,2026-03-23T22:44:25.850943
sdn,1511627,[Tallahassee Democrat] Will PSLF go away?,https://forums.studentdoctor.net/threads/tallahassee-democrat-will-pslf-go-away.1511627,604fa3e2aab5,9,Mr.Smile12,Is PSLF going away? What to know as Public Service Loan Forgiveness faces uncertain future Some borrowers in the U.S. who benefit from Public Service Loan Forgiveness may soon see changes to their repayment plans. Here's what we know. www.tallahassee.com,2025-07-15T18:51:19-0400,False,40,0.0,0.086111,2026-03-23T22:44:28.102403
sdn,1511627,[Tallahassee Democrat] Will PSLF go away?,https://forums.studentdoctor.net/threads/tallahassee-democrat-will-pslf-go-away.1511627,5c9830d71fe0,10,mmmcdowe,Glad I got out recently,2025-07-16T23:01:40-0400,False,5,0.25,0.625,2026-03-23T22:44:28.104406
sdn,1511627,[Tallahassee Democrat] Will PSLF go away?,https://forums.studentdoctor.net/threads/tallahassee-democrat-will-pslf-go-away.1511627,9d8359fadb58,11,Mr.Smile12,460K student loan borrowers to be denied repayment plan - POLITICO https://share.google/gz9HvFwR8YNuq5zT3,2025-07-19T08:09:47-0400,False,12,0.0,0.0,2026-03-23T22:44:28.106406
sdn,1511627,[Tallahassee Democrat] Will PSLF go away?,https://forums.studentdoctor.net/threads/tallahassee-democrat-will-pslf-go-away.1511627,9b1ddbbd9a80,12,Mr.Smile12,Is PSLF going away? What to know as Public Service Loan Forgiveness faces uncertain future Some borrowers in the U.S. who benefit from Public Service Loan Forgiveness may soon see changes to their repayment plans. Here's what we know. www.tallahassee.com,2025-07-15T18:51:19-0400,False,40,0.0,0.086111,2026-03-23T22:44:30.358889
sdn,1511627,[Tallahassee Democrat] Will PSLF go away?,https://forums.studentdoctor.net/threads/tallahassee-democrat-will-pslf-go-away.1511627,dff422af806e,13,mmmcdowe,Glad I got out recently,2025-07-16T23:01:40-0400,False,5,0.25,0.625,2026-03-23T22:44:30.360908
sdn,1511627,[Tallahassee Democrat] Will PSLF go away?,https://forums.studentdoctor.net/threads/tallahassee-democrat-will-pslf-go-away.1511627,bceffdf3f793,14,Mr.Smile12,460K student loan borrowers to be denied repayment plan - POLITICO https://share.google/gz9HvFwR8YNuq5zT3,2025-07-19T08:09:47-0400,False,12,0.0,0.0,2026-03-23T22:44:30.362904
sdn,1496973,Is PSLF a no-brainer for academics?,https://forums.studentdoctor.net/threads/is-pslf-a-no-brainer-for-academics.1496973,7ab442585078,0,deleted1154873,"If my long term career goal is to work in an R1 academic hospital as a physician, it would seem that PSLF would be a no-brainer (residency and my eventual employers would almost certainly qualify as 501(c)(3)). Any reasons not to do this route if I plan on doing academics? I guess there’s always concern about the politics of 10 years from now being different, but I’ve read you’re also guaranteed to PSLF since it is baked into the MPN of the loans when you take them out? Is that true?  I don’t plan on doing a high-earning specialty, so I think it makes even more sense to go for debt forgiveness. My other option is one of the military service scholarships (which I have an interest in outside of the money, but it seems PSLF would just be a faster way to my long term goals). TIA",2024-06-10T23:01:39-0400,True,148,0.073929,0.364643,2026-03-23T22:44:32.632226
sdn,1496973,Is PSLF a no-brainer for academics?,https://forums.studentdoctor.net/threads/is-pslf-a-no-brainer-for-academics.1496973,7e3c1c247b53,1,RangerBob,"Depends on your loan burden. Certainly if you owe $300k or more but only make $200k then PSLF is worth it/often a no-brainer. To my knowledge PSLF is baked-in/written in stone as much as anything can be. It's in my MPN. With that said, could a hostile administration defund the Dept of Ed to the extent that managing PSLF becomes undoable? Certainly. We've seen how tough a time the Dept of Ed is having right now trying to manage all the additional stuff being requested by them by the Biden admin. That level of defunding would cause massive issues outside just PSLF. Presumably FAFSA/all college loans would be affected in such a scenerio. A more realistic ""worst-case"" scenario would be for a new administration to stall PSLF, and delay processing of PSLF through some mechanism, but I imagine it would eventually get processed with refunds for any overpayments. I highly doubt they could stall that long though, since lawsuits would rise up pretty quickly. Nothing is guaranteed. But I would personally bank on PSLF being around without too much hassle. To be safe though, plan to make up an extra year or two of payments after your 10th year in case any politicians do try delay/defund tactics. Again, you'd get a refund of any of those extra payments. The big thing you need to look into is whether your employer is actually eligible. Most residency programs that seem PSLF-eligible truly are--you're employed by the non-profit medical center/university. But it's not uncommon for the attending physicians there to actually be employed by a for-profit physicians foundation and not the non-profit medical center/university. So make sure you look at who your actual employer would be (ie, who signs your paycheck) when you look at attending jobs.",2024-06-11T00:03:47-0400,False,294,0.128805,0.424334,2026-03-23T22:44:32.635224
sdn,1496973,Is PSLF a no-brainer for academics?,https://forums.studentdoctor.net/threads/is-pslf-a-no-brainer-for-academics.1496973,8e095a2768a8,2,RangerBob,"justAnotherWallflower said: Great, thanks for sharing your insights. Paying some more and refunding if there are delay/defunds wouldn't be an issue I think. And sounds like if they want to massively defund/overhaul PSLF, then that's the least of the worries... For attending jobs, what would you estimate the percentage of non-profit medical center/university jobs that are actually funded by a for-profit source to be? Click to expand... Unfortunately I don't have a good estimate--all I know is that in some cases attendings won't be eligible for PSLF while their residents will. I imagine at most academic center attendings are PSLF-eligible. But something anyone banking on PSLF will want to verify before accepting a job at a particular institution.",2024-06-11T09:57:25-0400,False,118,0.151282,0.421795,2026-03-23T22:44:32.637224
sdn,1496973,Is PSLF a no-brainer for academics?,https://forums.studentdoctor.net/threads/is-pslf-a-no-brainer-for-academics.1496973,5af2423f2690,3,deleted1154873,"If my long term career goal is to work in an R1 academic hospital as a physician, it would seem that PSLF would be a no-brainer (residency and my eventual employers would almost certainly qualify as 501(c)(3)). Any reasons not to do this route if I plan on doing academics? I guess there’s always concern about the politics of 10 years from now being different, but I’ve read you’re also guaranteed to PSLF since it is baked into the MPN of the loans when you take them out? Is that true?  I don’t plan on doing a high-earning specialty, so I think it makes even more sense to go for debt forgiveness. My other option is one of the military service scholarships (which I have an interest in outside of the money, but it seems PSLF would just be a faster way to my long term goals). TIA",2024-06-10T23:01:39-0400,False,148,0.073929,0.364643,2026-03-23T22:44:34.881460
sdn,1496973,Is PSLF a no-brainer for academics?,https://forums.studentdoctor.net/threads/is-pslf-a-no-brainer-for-academics.1496973,c3183bcea36c,4,RangerBob,"Depends on your loan burden. Certainly if you owe $300k or more but only make $200k then PSLF is worth it/often a no-brainer. To my knowledge PSLF is baked-in/written in stone as much as anything can be. It's in my MPN. With that said, could a hostile administration defund the Dept of Ed to the extent that managing PSLF becomes undoable? Certainly. We've seen how tough a time the Dept of Ed is having right now trying to manage all the additional stuff being requested by them by the Biden admin. That level of defunding would cause massive issues outside just PSLF. Presumably FAFSA/all college loans would be affected in such a scenerio. A more realistic ""worst-case"" scenario would be for a new administration to stall PSLF, and delay processing of PSLF through some mechanism, but I imagine it would eventually get processed with refunds for any overpayments. I highly doubt they could stall that long though, since lawsuits would rise up pretty quickly. Nothing is guaranteed. But I would personally bank on PSLF being around without too much hassle. To be safe though, plan to make up an extra year or two of payments after your 10th year in case any politicians do try delay/defund tactics. Again, you'd get a refund of any of those extra payments. The big thing you need to look into is whether your employer is actually eligible. Most residency programs that seem PSLF-eligible truly are--you're employed by the non-profit medical center/university. But it's not uncommon for the attending physicians there to actually be employed by a for-profit physicians foundation and not the non-profit medical center/university. So make sure you look at who your actual employer would be (ie, who signs your paycheck) when you look at attending jobs.",2024-06-11T00:03:47-0400,False,294,0.128805,0.424334,2026-03-23T22:44:34.883459
sdn,1496973,Is PSLF a no-brainer for academics?,https://forums.studentdoctor.net/threads/is-pslf-a-no-brainer-for-academics.1496973,e8ba994e2e03,5,RangerBob,"justAnotherWallflower said: Great, thanks for sharing your insights. Paying some more and refunding if there are delay/defunds wouldn't be an issue I think. And sounds like if they want to massively defund/overhaul PSLF, then that's the least of the worries... For attending jobs, what would you estimate the percentage of non-profit medical center/university jobs that are actually funded by a for-profit source to be? Click to expand... Unfortunately I don't have a good estimate--all I know is that in some cases attendings won't be eligible for PSLF while their residents will. I imagine at most academic center attendings are PSLF-eligible. But something anyone banking on PSLF will want to verify before accepting a job at a particular institution.",2024-06-11T09:57:25-0400,False,118,0.151282,0.421795,2026-03-23T22:44:34.885457
sdn,1496973,Is PSLF a no-brainer for academics?,https://forums.studentdoctor.net/threads/is-pslf-a-no-brainer-for-academics.1496973,46148a03f8bd,6,deleted1154873,"If my long term career goal is to work in an R1 academic hospital as a physician, it would seem that PSLF would be a no-brainer (residency and my eventual employers would almost certainly qualify as 501(c)(3)). Any reasons not to do this route if I plan on doing academics? I guess there’s always concern about the politics of 10 years from now being different, but I’ve read you’re also guaranteed to PSLF since it is baked into the MPN of the loans when you take them out? Is that true?  I don’t plan on doing a high-earning specialty, so I think it makes even more sense to go for debt forgiveness. My other option is one of the military service scholarships (which I have an interest in outside of the money, but it seems PSLF would just be a faster way to my long term goals). TIA",2024-06-10T23:01:39-0400,False,148,0.073929,0.364643,2026-03-23T22:44:37.134845
sdn,1496973,Is PSLF a no-brainer for academics?,https://forums.studentdoctor.net/threads/is-pslf-a-no-brainer-for-academics.1496973,c635d6225207,7,RangerBob,"Depends on your loan burden. Certainly if you owe $300k or more but only make $200k then PSLF is worth it/often a no-brainer. To my knowledge PSLF is baked-in/written in stone as much as anything can be. It's in my MPN. With that said, could a hostile administration defund the Dept of Ed to the extent that managing PSLF becomes undoable? Certainly. We've seen how tough a time the Dept of Ed is having right now trying to manage all the additional stuff being requested by them by the Biden admin. That level of defunding would cause massive issues outside just PSLF. Presumably FAFSA/all college loans would be affected in such a scenerio. A more realistic ""worst-case"" scenario would be for a new administration to stall PSLF, and delay processing of PSLF through some mechanism, but I imagine it would eventually get processed with refunds for any overpayments. I highly doubt they could stall that long though, since lawsuits would rise up pretty quickly. Nothing is guaranteed. But I would personally bank on PSLF being around without too much hassle. To be safe though, plan to make up an extra year or two of payments after your 10th year in case any politicians do try delay/defund tactics. Again, you'd get a refund of any of those extra payments. The big thing you need to look into is whether your employer is actually eligible. Most residency programs that seem PSLF-eligible truly are--you're employed by the non-profit medical center/university. But it's not uncommon for the attending physicians there to actually be employed by a for-profit physicians foundation and not the non-profit medical center/university. So make sure you look at who your actual employer would be (ie, who signs your paycheck) when you look at attending jobs.",2024-06-11T00:03:47-0400,False,294,0.128805,0.424334,2026-03-23T22:44:37.137153
sdn,1496973,Is PSLF a no-brainer for academics?,https://forums.studentdoctor.net/threads/is-pslf-a-no-brainer-for-academics.1496973,df17faf73078,8,RangerBob,"justAnotherWallflower said: Great, thanks for sharing your insights. Paying some more and refunding if there are delay/defunds wouldn't be an issue I think. And sounds like if they want to massively defund/overhaul PSLF, then that's the least of the worries... For attending jobs, what would you estimate the percentage of non-profit medical center/university jobs that are actually funded by a for-profit source to be? Click to expand... Unfortunately I don't have a good estimate--all I know is that in some cases attendings won't be eligible for PSLF while their residents will. I imagine at most academic center attendings are PSLF-eligible. But something anyone banking on PSLF will want to verify before accepting a job at a particular institution.",2024-06-11T09:57:25-0400,False,118,0.151282,0.421795,2026-03-23T22:44:37.139160
sdn,1496973,Is PSLF a no-brainer for academics?,https://forums.studentdoctor.net/threads/is-pslf-a-no-brainer-for-academics.1496973,18a5b5a0b251,9,deleted1154873,"If my long term career goal is to work in an R1 academic hospital as a physician, it would seem that PSLF would be a no-brainer (residency and my eventual employers would almost certainly qualify as 501(c)(3)). Any reasons not to do this route if I plan on doing academics? I guess there’s always concern about the politics of 10 years from now being different, but I’ve read you’re also guaranteed to PSLF since it is baked into the MPN of the loans when you take them out? Is that true?  I don’t plan on doing a high-earning specialty, so I think it makes even more sense to go for debt forgiveness. My other option is one of the military service scholarships (which I have an interest in outside of the money, but it seems PSLF would just be a faster way to my long term goals). TIA",2024-06-10T23:01:39-0400,False,148,0.073929,0.364643,2026-03-23T22:44:39.384710
sdn,1496973,Is PSLF a no-brainer for academics?,https://forums.studentdoctor.net/threads/is-pslf-a-no-brainer-for-academics.1496973,e14c48a4345c,10,RangerBob,"Depends on your loan burden. Certainly if you owe $300k or more but only make $200k then PSLF is worth it/often a no-brainer. To my knowledge PSLF is baked-in/written in stone as much as anything can be. It's in my MPN. With that said, could a hostile administration defund the Dept of Ed to the extent that managing PSLF becomes undoable? Certainly. We've seen how tough a time the Dept of Ed is having right now trying to manage all the additional stuff being requested by them by the Biden admin. That level of defunding would cause massive issues outside just PSLF. Presumably FAFSA/all college loans would be affected in such a scenerio. A more realistic ""worst-case"" scenario would be for a new administration to stall PSLF, and delay processing of PSLF through some mechanism, but I imagine it would eventually get processed with refunds for any overpayments. I highly doubt they could stall that long though, since lawsuits would rise up pretty quickly. Nothing is guaranteed. But I would personally bank on PSLF being around without too much hassle. To be safe though, plan to make up an extra year or two of payments after your 10th year in case any politicians do try delay/defund tactics. Again, you'd get a refund of any of those extra payments. The big thing you need to look into is whether your employer is actually eligible. Most residency programs that seem PSLF-eligible truly are--you're employed by the non-profit medical center/university. But it's not uncommon for the attending physicians there to actually be employed by a for-profit physicians foundation and not the non-profit medical center/university. So make sure you look at who your actual employer would be (ie, who signs your paycheck) when you look at attending jobs.",2024-06-11T00:03:47-0400,False,294,0.128805,0.424334,2026-03-23T22:44:39.387724
sdn,1496973,Is PSLF a no-brainer for academics?,https://forums.studentdoctor.net/threads/is-pslf-a-no-brainer-for-academics.1496973,2f708b306d2d,11,RangerBob,"justAnotherWallflower said: Great, thanks for sharing your insights. Paying some more and refunding if there are delay/defunds wouldn't be an issue I think. And sounds like if they want to massively defund/overhaul PSLF, then that's the least of the worries... For attending jobs, what would you estimate the percentage of non-profit medical center/university jobs that are actually funded by a for-profit source to be? Click to expand... Unfortunately I don't have a good estimate--all I know is that in some cases attendings won't be eligible for PSLF while their residents will. I imagine at most academic center attendings are PSLF-eligible. But something anyone banking on PSLF will want to verify before accepting a job at a particular institution.",2024-06-11T09:57:25-0400,False,118,0.151282,0.421795,2026-03-23T22:44:39.389722
sdn,1496973,Is PSLF a no-brainer for academics?,https://forums.studentdoctor.net/threads/is-pslf-a-no-brainer-for-academics.1496973,1872a1e394e6,12,deleted1154873,"If my long term career goal is to work in an R1 academic hospital as a physician, it would seem that PSLF would be a no-brainer (residency and my eventual employers would almost certainly qualify as 501(c)(3)). Any reasons not to do this route if I plan on doing academics? I guess there’s always concern about the politics of 10 years from now being different, but I’ve read you’re also guaranteed to PSLF since it is baked into the MPN of the loans when you take them out? Is that true?  I don’t plan on doing a high-earning specialty, so I think it makes even more sense to go for debt forgiveness. My other option is one of the military service scholarships (which I have an interest in outside of the money, but it seems PSLF would just be a faster way to my long term goals). TIA",2024-06-10T23:01:39-0400,False,148,0.073929,0.364643,2026-03-23T22:44:41.642151
sdn,1496973,Is PSLF a no-brainer for academics?,https://forums.studentdoctor.net/threads/is-pslf-a-no-brainer-for-academics.1496973,7f95f6c4c870,13,RangerBob,"Depends on your loan burden. Certainly if you owe $300k or more but only make $200k then PSLF is worth it/often a no-brainer. To my knowledge PSLF is baked-in/written in stone as much as anything can be. It's in my MPN. With that said, could a hostile administration defund the Dept of Ed to the extent that managing PSLF becomes undoable? Certainly. We've seen how tough a time the Dept of Ed is having right now trying to manage all the additional stuff being requested by them by the Biden admin. That level of defunding would cause massive issues outside just PSLF. Presumably FAFSA/all college loans would be affected in such a scenerio. A more realistic ""worst-case"" scenario would be for a new administration to stall PSLF, and delay processing of PSLF through some mechanism, but I imagine it would eventually get processed with refunds for any overpayments. I highly doubt they could stall that long though, since lawsuits would rise up pretty quickly. Nothing is guaranteed. But I would personally bank on PSLF being around without too much hassle. To be safe though, plan to make up an extra year or two of payments after your 10th year in case any politicians do try delay/defund tactics. Again, you'd get a refund of any of those extra payments. The big thing you need to look into is whether your employer is actually eligible. Most residency programs that seem PSLF-eligible truly are--you're employed by the non-profit medical center/university. But it's not uncommon for the attending physicians there to actually be employed by a for-profit physicians foundation and not the non-profit medical center/university. So make sure you look at who your actual employer would be (ie, who signs your paycheck) when you look at attending jobs.",2024-06-11T00:03:47-0400,False,294,0.128805,0.424334,2026-03-23T22:44:41.644151
sdn,1496973,Is PSLF a no-brainer for academics?,https://forums.studentdoctor.net/threads/is-pslf-a-no-brainer-for-academics.1496973,16fd39f5fe0e,14,RangerBob,"justAnotherWallflower said: Great, thanks for sharing your insights. Paying some more and refunding if there are delay/defunds wouldn't be an issue I think. And sounds like if they want to massively defund/overhaul PSLF, then that's the least of the worries... For attending jobs, what would you estimate the percentage of non-profit medical center/university jobs that are actually funded by a for-profit source to be? Click to expand... Unfortunately I don't have a good estimate--all I know is that in some cases attendings won't be eligible for PSLF while their residents will. I imagine at most academic center attendings are PSLF-eligible. But something anyone banking on PSLF will want to verify before accepting a job at a particular institution.",2024-06-11T09:57:25-0400,False,118,0.151282,0.421795,2026-03-23T22:44:41.646168
sdn,1496164,PSLF Question,https://forums.studentdoctor.net/threads/pslf-question.1496164,4caa8e7e015f,0,spongebobdoc,"I’m going to be taking a lot of loans out, and the PLSF looks like a very attractive forgiveness program to me. From my understanding: You need to pay the minimum of your loan for 10 years straight once a month. What do these minimums usually look like?For like a 300k loan coming out of med school, what’s the minimum payment on that? I’m asking this because I want to know if it’ll be worth it to carry this debt with me for years as an attending instead of just paying it off.",2024-05-23T17:51:29-0400,True,93,0.3125,0.4375,2026-03-23T22:44:43.913055
sdn,1496164,PSLF Question,https://forums.studentdoctor.net/threads/pslf-question.1496164,67cbe7ee3340,1,RangerBob,"There are online calculators that estimate your monthly payment based on what you earn. It's hard to give a ballpack since they came out with a new income based plan (SAVE), which is now 10% of your monthly income minus a poverty level adjustment, etc. So your payments in residency are very manageable, and as an attending go quite a bit up. If you (and your spouse) make enough, you may be better off on the standard 10-year repayment plan or just paying it all off early. It's really all dependent on how much you owe, how much you make, and what your minimum monthly payment is. I would not borrow loans with the expectation they'll get paid off. If they do that's great. But if they don't you're in a heap of trouble if you were relying on it (be mindful not all jobs are eligible for PSLF). Most who are going for PSLF are advised to put aside a big chunk of money into a savings account/investment account/etc in the event they change jobs or are no longer eligible for PSLF for any reason.",2024-05-30T09:39:34-0400,False,186,0.149646,0.323081,2026-03-23T22:44:43.915060
sdn,1496164,PSLF Question,https://forums.studentdoctor.net/threads/pslf-question.1496164,0b861dfeeb4d,2,spongebobdoc,"RangerBob said: There are online calculators that estimate your monthly payment based on what you earn. It's hard to give a ballpack since they came out with a new income based plan (SAVE), which is now 10% of your monthly income minus a poverty level adjustment, etc. So your payments in residency are very manageable, and as an attending go quite a bit up. If you (and your spouse) make enough, you may be better off on the standard 10-year repayment plan or just paying it all off early. It's really all dependent on how much you owe, how much you make, and what your minimum monthly payment is. I would not borrow loans with the expectation they'll get paid off. If they do that's great. But if they don't you're in a heap of trouble if you were relying on it (be mindful not all jobs are eligible for PSLF). Most who are going for PSLF are advised to put aside a big chunk of money into a savings account/investment account/etc in the event they change jobs or are no longer eligible for PSLF for any reason. Click to expand... I see. I will be attending medical school and from what I know it is eligible for the PSLF which is nice. I will try to definitely target eligible hospitals for my residency but see what I can do when the time comes. I definitely want to take out minimal loans, but it definitely seems like something i might want to do. Thank you!",2024-05-31T14:03:51-0400,False,255,0.1307,0.378391,2026-03-23T22:44:43.916583
sdn,1496164,PSLF Question,https://forums.studentdoctor.net/threads/pslf-question.1496164,7e3ac7c3d439,3,RangerBob,"spongebobdoc said: I see. I will be attending medical school and from what I know it is eligible for the PSLF which is nice. I will try to definitely target eligible hospitals for my residency but see what I can do when the time comes. I definitely want to take out minimal loans, but it definitely seems like something i might want to do. Thank you! Click to expand... Your choice of medical school doesn't impact PSLF since you can't make payments while you're in medical school. Nor are you employed by the school. You do have to borrow direct loans, which I think are your only options for federal graduate loans these days. Most, but not all, residency programs are PSLF-eligible. Meaning that your employer is a non-profit/government agency. So that could be, UCSF or U Chicago for example. But be aware that many non-profit hospitals actually contract with for-profit physicians foundations/groups/etc, so it's not uncommon that a resident is eligible for PSLF while working at a particular site while their attending is not. However, some residency programs are at for-profit hospitals/systems, where the residents are not PSLF eligible. There's lots of good info of PSLF (and finance in general) on the WhiteCoatInvestor blog, as well as Student Loan Planner.",2024-06-01T01:06:28-0400,False,211,0.131481,0.460185,2026-03-23T22:44:43.919566
sdn,1496164,PSLF Question,https://forums.studentdoctor.net/threads/pslf-question.1496164,f6ce29ba2844,4,spongebobdoc,"I’m going to be taking a lot of loans out, and the PLSF looks like a very attractive forgiveness program to me. From my understanding: You need to pay the minimum of your loan for 10 years straight once a month. What do these minimums usually look like?For like a 300k loan coming out of med school, what’s the minimum payment on that? I’m asking this because I want to know if it’ll be worth it to carry this debt with me for years as an attending instead of just paying it off.",2024-05-23T17:51:29-0400,False,93,0.3125,0.4375,2026-03-23T22:44:46.172289
sdn,1496164,PSLF Question,https://forums.studentdoctor.net/threads/pslf-question.1496164,9655efd0cc0c,5,RangerBob,"There are online calculators that estimate your monthly payment based on what you earn. It's hard to give a ballpack since they came out with a new income based plan (SAVE), which is now 10% of your monthly income minus a poverty level adjustment, etc. So your payments in residency are very manageable, and as an attending go quite a bit up. If you (and your spouse) make enough, you may be better off on the standard 10-year repayment plan or just paying it all off early. It's really all dependent on how much you owe, how much you make, and what your minimum monthly payment is. I would not borrow loans with the expectation they'll get paid off. If they do that's great. But if they don't you're in a heap of trouble if you were relying on it (be mindful not all jobs are eligible for PSLF). Most who are going for PSLF are advised to put aside a big chunk of money into a savings account/investment account/etc in the event they change jobs or are no longer eligible for PSLF for any reason.",2024-05-30T09:39:34-0400,False,186,0.149646,0.323081,2026-03-23T22:44:46.175288
sdn,1496164,PSLF Question,https://forums.studentdoctor.net/threads/pslf-question.1496164,b9fc6a40db07,6,spongebobdoc,"RangerBob said: There are online calculators that estimate your monthly payment based on what you earn. It's hard to give a ballpack since they came out with a new income based plan (SAVE), which is now 10% of your monthly income minus a poverty level adjustment, etc. So your payments in residency are very manageable, and as an attending go quite a bit up. If you (and your spouse) make enough, you may be better off on the standard 10-year repayment plan or just paying it all off early. It's really all dependent on how much you owe, how much you make, and what your minimum monthly payment is. I would not borrow loans with the expectation they'll get paid off. If they do that's great. But if they don't you're in a heap of trouble if you were relying on it (be mindful not all jobs are eligible for PSLF). Most who are going for PSLF are advised to put aside a big chunk of money into a savings account/investment account/etc in the event they change jobs or are no longer eligible for PSLF for any reason. Click to expand... I see. I will be attending medical school and from what I know it is eligible for the PSLF which is nice. I will try to definitely target eligible hospitals for my residency but see what I can do when the time comes. I definitely want to take out minimal loans, but it definitely seems like something i might want to do. Thank you!",2024-05-31T14:03:51-0400,False,255,0.1307,0.378391,2026-03-23T22:44:46.176493
sdn,1496164,PSLF Question,https://forums.studentdoctor.net/threads/pslf-question.1496164,c97c053c8c96,7,RangerBob,"spongebobdoc said: I see. I will be attending medical school and from what I know it is eligible for the PSLF which is nice. I will try to definitely target eligible hospitals for my residency but see what I can do when the time comes. I definitely want to take out minimal loans, but it definitely seems like something i might want to do. Thank you! Click to expand... Your choice of medical school doesn't impact PSLF since you can't make payments while you're in medical school. Nor are you employed by the school. You do have to borrow direct loans, which I think are your only options for federal graduate loans these days. Most, but not all, residency programs are PSLF-eligible. Meaning that your employer is a non-profit/government agency. So that could be, UCSF or U Chicago for example. But be aware that many non-profit hospitals actually contract with for-profit physicians foundations/groups/etc, so it's not uncommon that a resident is eligible for PSLF while working at a particular site while their attending is not. However, some residency programs are at for-profit hospitals/systems, where the residents are not PSLF eligible. There's lots of good info of PSLF (and finance in general) on the WhiteCoatInvestor blog, as well as Student Loan Planner.",2024-06-01T01:06:28-0400,False,211,0.131481,0.460185,2026-03-23T22:44:46.179496
sdn,1496164,PSLF Question,https://forums.studentdoctor.net/threads/pslf-question.1496164,1a85e841291f,8,spongebobdoc,"I’m going to be taking a lot of loans out, and the PLSF looks like a very attractive forgiveness program to me. From my understanding: You need to pay the minimum of your loan for 10 years straight once a month. What do these minimums usually look like?For like a 300k loan coming out of med school, what’s the minimum payment on that? I’m asking this because I want to know if it’ll be worth it to carry this debt with me for years as an attending instead of just paying it off.",2024-05-23T17:51:29-0400,False,93,0.3125,0.4375,2026-03-23T22:44:48.434396
sdn,1496164,PSLF Question,https://forums.studentdoctor.net/threads/pslf-question.1496164,c45e8fe29dd1,9,RangerBob,"There are online calculators that estimate your monthly payment based on what you earn. It's hard to give a ballpack since they came out with a new income based plan (SAVE), which is now 10% of your monthly income minus a poverty level adjustment, etc. So your payments in residency are very manageable, and as an attending go quite a bit up. If you (and your spouse) make enough, you may be better off on the standard 10-year repayment plan or just paying it all off early. It's really all dependent on how much you owe, how much you make, and what your minimum monthly payment is. I would not borrow loans with the expectation they'll get paid off. If they do that's great. But if they don't you're in a heap of trouble if you were relying on it (be mindful not all jobs are eligible for PSLF). Most who are going for PSLF are advised to put aside a big chunk of money into a savings account/investment account/etc in the event they change jobs or are no longer eligible for PSLF for any reason.",2024-05-30T09:39:34-0400,False,186,0.149646,0.323081,2026-03-23T22:44:48.436394
sdn,1496164,PSLF Question,https://forums.studentdoctor.net/threads/pslf-question.1496164,3d9f623f6743,10,spongebobdoc,"RangerBob said: There are online calculators that estimate your monthly payment based on what you earn. It's hard to give a ballpack since they came out with a new income based plan (SAVE), which is now 10% of your monthly income minus a poverty level adjustment, etc. So your payments in residency are very manageable, and as an attending go quite a bit up. If you (and your spouse) make enough, you may be better off on the standard 10-year repayment plan or just paying it all off early. It's really all dependent on how much you owe, how much you make, and what your minimum monthly payment is. I would not borrow loans with the expectation they'll get paid off. If they do that's great. But if they don't you're in a heap of trouble if you were relying on it (be mindful not all jobs are eligible for PSLF). Most who are going for PSLF are advised to put aside a big chunk of money into a savings account/investment account/etc in the event they change jobs or are no longer eligible for PSLF for any reason. Click to expand... I see. I will be attending medical school and from what I know it is eligible for the PSLF which is nice. I will try to definitely target eligible hospitals for my residency but see what I can do when the time comes. I definitely want to take out minimal loans, but it definitely seems like something i might want to do. Thank you!",2024-05-31T14:03:51-0400,False,255,0.1307,0.378391,2026-03-23T22:44:48.438378
sdn,1496164,PSLF Question,https://forums.studentdoctor.net/threads/pslf-question.1496164,990ff9682955,11,RangerBob,"spongebobdoc said: I see. I will be attending medical school and from what I know it is eligible for the PSLF which is nice. I will try to definitely target eligible hospitals for my residency but see what I can do when the time comes. I definitely want to take out minimal loans, but it definitely seems like something i might want to do. Thank you! Click to expand... Your choice of medical school doesn't impact PSLF since you can't make payments while you're in medical school. Nor are you employed by the school. You do have to borrow direct loans, which I think are your only options for federal graduate loans these days. Most, but not all, residency programs are PSLF-eligible. Meaning that your employer is a non-profit/government agency. So that could be, UCSF or U Chicago for example. But be aware that many non-profit hospitals actually contract with for-profit physicians foundations/groups/etc, so it's not uncommon that a resident is eligible for PSLF while working at a particular site while their attending is not. However, some residency programs are at for-profit hospitals/systems, where the residents are not PSLF eligible. There's lots of good info of PSLF (and finance in general) on the WhiteCoatInvestor blog, as well as Student Loan Planner.",2024-06-01T01:06:28-0400,False,211,0.131481,0.460185,2026-03-23T22:44:48.439394
sdn,1496164,PSLF Question,https://forums.studentdoctor.net/threads/pslf-question.1496164,40d3146800c7,12,spongebobdoc,"I’m going to be taking a lot of loans out, and the PLSF looks like a very attractive forgiveness program to me. From my understanding: You need to pay the minimum of your loan for 10 years straight once a month. What do these minimums usually look like?For like a 300k loan coming out of med school, what’s the minimum payment on that? I’m asking this because I want to know if it’ll be worth it to carry this debt with me for years as an attending instead of just paying it off.",2024-05-23T17:51:29-0400,False,93,0.3125,0.4375,2026-03-23T22:44:50.732810
sdn,1496164,PSLF Question,https://forums.studentdoctor.net/threads/pslf-question.1496164,135de206f61b,13,RangerBob,"There are online calculators that estimate your monthly payment based on what you earn. It's hard to give a ballpack since they came out with a new income based plan (SAVE), which is now 10% of your monthly income minus a poverty level adjustment, etc. So your payments in residency are very manageable, and as an attending go quite a bit up. If you (and your spouse) make enough, you may be better off on the standard 10-year repayment plan or just paying it all off early. It's really all dependent on how much you owe, how much you make, and what your minimum monthly payment is. I would not borrow loans with the expectation they'll get paid off. If they do that's great. But if they don't you're in a heap of trouble if you were relying on it (be mindful not all jobs are eligible for PSLF). Most who are going for PSLF are advised to put aside a big chunk of money into a savings account/investment account/etc in the event they change jobs or are no longer eligible for PSLF for any reason.",2024-05-30T09:39:34-0400,False,186,0.149646,0.323081,2026-03-23T22:44:50.734840
sdn,1496164,PSLF Question,https://forums.studentdoctor.net/threads/pslf-question.1496164,06f28d4d8474,14,spongebobdoc,"RangerBob said: There are online calculators that estimate your monthly payment based on what you earn. It's hard to give a ballpack since they came out with a new income based plan (SAVE), which is now 10% of your monthly income minus a poverty level adjustment, etc. So your payments in residency are very manageable, and as an attending go quite a bit up. If you (and your spouse) make enough, you may be better off on the standard 10-year repayment plan or just paying it all off early. It's really all dependent on how much you owe, how much you make, and what your minimum monthly payment is. I would not borrow loans with the expectation they'll get paid off. If they do that's great. But if they don't you're in a heap of trouble if you were relying on it (be mindful not all jobs are eligible for PSLF). Most who are going for PSLF are advised to put aside a big chunk of money into a savings account/investment account/etc in the event they change jobs or are no longer eligible for PSLF for any reason. Click to expand... I see. I will be attending medical school and from what I know it is eligible for the PSLF which is nice. I will try to definitely target eligible hospitals for my residency but see what I can do when the time comes. I definitely want to take out minimal loans, but it definitely seems like something i might want to do. Thank you!",2024-05-31T14:03:51-0400,False,255,0.1307,0.378391,2026-03-23T22:44:50.736839
sdn,1496164,PSLF Question,https://forums.studentdoctor.net/threads/pslf-question.1496164,9449842dad04,15,RangerBob,"spongebobdoc said: I see. I will be attending medical school and from what I know it is eligible for the PSLF which is nice. I will try to definitely target eligible hospitals for my residency but see what I can do when the time comes. I definitely want to take out minimal loans, but it definitely seems like something i might want to do. Thank you! Click to expand... Your choice of medical school doesn't impact PSLF since you can't make payments while you're in medical school. Nor are you employed by the school. You do have to borrow direct loans, which I think are your only options for federal graduate loans these days. Most, but not all, residency programs are PSLF-eligible. Meaning that your employer is a non-profit/government agency. So that could be, UCSF or U Chicago for example. But be aware that many non-profit hospitals actually contract with for-profit physicians foundations/groups/etc, so it's not uncommon that a resident is eligible for PSLF while working at a particular site while their attending is not. However, some residency programs are at for-profit hospitals/systems, where the residents are not PSLF eligible. There's lots of good info of PSLF (and finance in general) on the WhiteCoatInvestor blog, as well as Student Loan Planner.",2024-06-01T01:06:28-0400,False,211,0.131481,0.460185,2026-03-23T22:44:50.739116
sdn,1496164,PSLF Question,https://forums.studentdoctor.net/threads/pslf-question.1496164,d7d5d8aa91dd,16,spongebobdoc,"I’m going to be taking a lot of loans out, and the PLSF looks like a very attractive forgiveness program to me. From my understanding: You need to pay the minimum of your loan for 10 years straight once a month. What do these minimums usually look like?For like a 300k loan coming out of med school, what’s the minimum payment on that? I’m asking this because I want to know if it’ll be worth it to carry this debt with me for years as an attending instead of just paying it off.",2024-05-23T17:51:29-0400,False,93,0.3125,0.4375,2026-03-23T22:44:52.999211
sdn,1496164,PSLF Question,https://forums.studentdoctor.net/threads/pslf-question.1496164,149de62e2a48,17,RangerBob,"There are online calculators that estimate your monthly payment based on what you earn. It's hard to give a ballpack since they came out with a new income based plan (SAVE), which is now 10% of your monthly income minus a poverty level adjustment, etc. So your payments in residency are very manageable, and as an attending go quite a bit up. If you (and your spouse) make enough, you may be better off on the standard 10-year repayment plan or just paying it all off early. It's really all dependent on how much you owe, how much you make, and what your minimum monthly payment is. I would not borrow loans with the expectation they'll get paid off. If they do that's great. But if they don't you're in a heap of trouble if you were relying on it (be mindful not all jobs are eligible for PSLF). Most who are going for PSLF are advised to put aside a big chunk of money into a savings account/investment account/etc in the event they change jobs or are no longer eligible for PSLF for any reason.",2024-05-30T09:39:34-0400,False,186,0.149646,0.323081,2026-03-23T22:44:53.001211
sdn,1496164,PSLF Question,https://forums.studentdoctor.net/threads/pslf-question.1496164,4cae13867992,18,spongebobdoc,"RangerBob said: There are online calculators that estimate your monthly payment based on what you earn. It's hard to give a ballpack since they came out with a new income based plan (SAVE), which is now 10% of your monthly income minus a poverty level adjustment, etc. So your payments in residency are very manageable, and as an attending go quite a bit up. If you (and your spouse) make enough, you may be better off on the standard 10-year repayment plan or just paying it all off early. It's really all dependent on how much you owe, how much you make, and what your minimum monthly payment is. I would not borrow loans with the expectation they'll get paid off. If they do that's great. But if they don't you're in a heap of trouble if you were relying on it (be mindful not all jobs are eligible for PSLF). Most who are going for PSLF are advised to put aside a big chunk of money into a savings account/investment account/etc in the event they change jobs or are no longer eligible for PSLF for any reason. Click to expand... I see. I will be attending medical school and from what I know it is eligible for the PSLF which is nice. I will try to definitely target eligible hospitals for my residency but see what I can do when the time comes. I definitely want to take out minimal loans, but it definitely seems like something i might want to do. Thank you!",2024-05-31T14:03:51-0400,False,255,0.1307,0.378391,2026-03-23T22:44:53.003419
sdn,1496164,PSLF Question,https://forums.studentdoctor.net/threads/pslf-question.1496164,3f4e4b8316e0,19,RangerBob,"spongebobdoc said: I see. I will be attending medical school and from what I know it is eligible for the PSLF which is nice. I will try to definitely target eligible hospitals for my residency but see what I can do when the time comes. I definitely want to take out minimal loans, but it definitely seems like something i might want to do. Thank you! Click to expand... Your choice of medical school doesn't impact PSLF since you can't make payments while you're in medical school. Nor are you employed by the school. You do have to borrow direct loans, which I think are your only options for federal graduate loans these days. Most, but not all, residency programs are PSLF-eligible. Meaning that your employer is a non-profit/government agency. So that could be, UCSF or U Chicago for example. But be aware that many non-profit hospitals actually contract with for-profit physicians foundations/groups/etc, so it's not uncommon that a resident is eligible for PSLF while working at a particular site while their attending is not. However, some residency programs are at for-profit hospitals/systems, where the residents are not PSLF eligible. There's lots of good info of PSLF (and finance in general) on the WhiteCoatInvestor blog, as well as Student Loan Planner.",2024-06-01T01:06:28-0400,False,211,0.131481,0.460185,2026-03-23T22:44:53.005418
sdn,1495711,2024 PSLF transition,https://forums.studentdoctor.net/threads/2024-pslf-transition.1495711,25e626cc2a1d,0,Mr.Smile12,"Changes to the PSLF Program Begin in May 2024 As we transition the PSLF Program from its current servicer, MOHELA, to ED via StudentAid.gov this spring, processing for all PSLF forms will temporarily be paused beginning in May 2024 through July 2024. https://mirror.mail.studentaid.gov/nl/jsp/m.jsp",2024-05-15T13:22:54-0400,True,43,0.0,0.4,2026-03-23T22:44:55.257158
sdn,1495711,2024 PSLF transition,https://forums.studentdoctor.net/threads/2024-pslf-transition.1495711,d2e5016c5971,1,Mr.Smile12,"Changes to the PSLF Program Begin in May 2024 As we transition the PSLF Program from its current servicer, MOHELA, to ED via StudentAid.gov this spring, processing for all PSLF forms will temporarily be paused beginning in May 2024 through July 2024. https://mirror.mail.studentaid.gov/nl/jsp/m.jsp",2024-05-15T13:22:54-0400,False,43,0.0,0.4,2026-03-23T22:44:57.520915
sdn,1495711,2024 PSLF transition,https://forums.studentdoctor.net/threads/2024-pslf-transition.1495711,0e03df18ff02,2,Mr.Smile12,"Changes to the PSLF Program Begin in May 2024 As we transition the PSLF Program from its current servicer, MOHELA, to ED via StudentAid.gov this spring, processing for all PSLF forms will temporarily be paused beginning in May 2024 through July 2024. https://mirror.mail.studentaid.gov/nl/jsp/m.jsp",2024-05-15T13:22:54-0400,False,43,0.0,0.4,2026-03-23T22:44:59.788369
sdn,1495711,2024 PSLF transition,https://forums.studentdoctor.net/threads/2024-pslf-transition.1495711,ad8f4e4bea0b,3,Mr.Smile12,"Changes to the PSLF Program Begin in May 2024 As we transition the PSLF Program from its current servicer, MOHELA, to ED via StudentAid.gov this spring, processing for all PSLF forms will temporarily be paused beginning in May 2024 through July 2024. https://mirror.mail.studentaid.gov/nl/jsp/m.jsp",2024-05-15T13:22:54-0400,False,43,0.0,0.4,2026-03-23T22:45:02.036353
sdn,1495711,2024 PSLF transition,https://forums.studentdoctor.net/threads/2024-pslf-transition.1495711,91d23986ee9b,4,Mr.Smile12,"Changes to the PSLF Program Begin in May 2024 As we transition the PSLF Program from its current servicer, MOHELA, to ED via StudentAid.gov this spring, processing for all PSLF forms will temporarily be paused beginning in May 2024 through July 2024. https://mirror.mail.studentaid.gov/nl/jsp/m.jsp",2024-05-15T13:22:54-0400,False,43,0.0,0.4,2026-03-23T22:45:04.284915
sdn,1487453,SDN Article: Public Service Loan Forgiveness Limited Waiver Opportunity,https://forums.studentdoctor.net/threads/sdn-article-public-service-loan-forgiveness-limited-waiver-opportunity.1487453,8f5240494547,0,SDN Staff,"The Student Doctor Network publishes articles weekly. Check out this article or other student loan articles at Student Doctor Network . Now, for a limited period of time, borrowers may receive credit for past payments made on loans that would otherwise not qualify for Public Service Loan Forgiveness. On Oct. 6, 2021, the U.S. Department of Education (ED) announced a change to PSLF program rules until October 2022 due to the COVID-19 national emergency. Throughout the pandemic, ED has provided a variety of benefits to borrowers. New Rules for Qualifying Payments​ Under the new rules, any prior payment made will count as a qualifying payment, regardless of loan type, repayment plan, or whether the payment was made in full or on time. All you need is qualifying employment. This change will apply to student loan borrowers with Direct Loans, those who have already consolidated into the Direct Loan Program, and those who consolidate into the Direct Loan Program by Oct. 31, 2022. Parent PLUS loans are not eligible under the limited PSLF waiver. There are two requirements to receive additional qualifying payments: Full-time employment. You must have worked full-time for a qualifying employer when prior payments were made. If you were employed in more than one qualifying part-time job at the same time, you will be considered full-time if you worked a combined average of at least 30 hours per week. You can receive credit only for payments made after Oct. 1, 2007, since that is when the PSLF Program began. If you haven’t already, you must file a Public Service Loan Forgiveness (PSLF) & Temporary Expanded PSLF (TEPSLF) Certification & Application (PSLF form) for any period for which you may receive additional qualifying payments. Loan consolidation. If you have Federal Family Education Loan (FFEL) Program loans, Federal Perkins Loans, or other types of federal student loans that are not Direct Loans, you must consolidate those loans into the Direct Loan program by Oct. 31, 2022. What PSLF requirements are waived?​ Here’s what’s changed and what’s unchanged as of Oct. 6, 2021. Previous Requirements Waived Changes Repay under an IDR plan Make 120 qualifying payments Past payments under any plan count Past ineligible loan payments may count toward 120 total payments Unchanged Requirements Employed by government (including military), 501(c)(3) not-for-profit, or other not-for-profit organization that provides a qualifying service Work full-time Have Direct Loans or consolidate into Direct Consolidation Loans How to Find Out If You Qualify for Additional Payments​ The action you take will depend on the types of loans that you have outstanding. Find out what type of loans you have, then read the next steps for that type below. Here’s how to see what loans you have: Visit Aid Summary You’ll be asked to log in to your account in order to view the page Scroll down to the Loan Breakdown section In the Loan Breakdown section, you’ll see a list of each loan you have taken out, even if you have paid the loan off or consolidated it into a new loan View Loan Details If you expand View Loans, then click the View Loan Details arrow next to a loan, you’ll see a more detailed name for that loan. Direct Loans begin with the word “Direct.” Federal Family Education Loan Program loans start with “FFEL,” and Perkins Loans include the word “Perkins” in the name. Parent PLUS loans are not eligible under the limited PSLF waiver. Now that you know what types of loans you have, read on to see what actions you may need to take to receive additional qualifying payments. Next Steps Based on Your Loan Types​ Borrowers With At Least One FFEL Program Loan, Federal Perkins Loan, or Certain Other Federal Student Loan​ Who’s in This Group You are part of this group if you have outstanding FFEL and/or Perkins loans, even if you also have outstanding Direct Loans. How to Qualify Consolidate your FFEL Program loans and Perkins Loans into a Direct Consolidation Loan by Oct. 31, 2022. This is important because you cannot receive credit for payments under this limited-time period if you consolidate after that date. After the consolidation is complete, you must then submit a PSLF form to your loan servicer. Next Steps Verify your loan types in your Aid Summary . Verify eligible employment by completing Step 1 of the PSLF Help Tool. If an employer is eligible and you have at least one loan that is not a Direct Loan, request a Direct Consolidation Loan by Oct. 31, 2022. Submit a PSLF form with the PSLF Help Tool by Oct. 31, 2022. Direct Loan Borrowers Who Have Not Submitted an Employment Certification Form (ECF) or PSLF Form​ Who’s in This Group You are a part of this group if you have only Direct Loans but are not assigned to FedLoan Servicing, or if you are assigned to FedLoan Servicing and have never submitted a form for the PSLF Program. How to Qualify If you have not yet indicated that you are pursuing PSLF, now is the time to apply, because you can’t receive credit under these flexible rules unless you file a PSLF form by October 31, 2022. Next Steps Verify your loan types in your Aid Summary . Verify eligible employment and if eligible, submit a PSLF form with the PSLF Help Tool by Oct. 31, 2022. Direct Loan Borrowers Who Have Already Submitted an ECF or PSLF Form​ Who’s in This Group You are a part of this group if you have only Direct Loans and all of those loans are assigned to FedLoan Servicing. How to Qualify If you took out only Direct Loans or consolidated other federal loans into a Direct Loan, and you’ve previously submitted an ECF or PSLF form , you may automatically receive credit for prior payments under these conditions: The form you submitted was determined to be a qualifying employer, but you originally did not receive credit because you didn’t have the right kind of loan, weren’t in the right repayment plan, made the payment late, or did not pay the full amount due. If you’re in this group, the only reason to submit a PSLF form is if you haven’t previously had your employment certified. For example: If you worked full-time for a qualifying employer from 2008–2010 but did not submit a form for that period because you did not yet consolidate your loans, you’ll still need to submit a PSLF form to get credit for those payments. The form must be submitted by Oct. 31, 2022. However, if you were in the same situation but submitted a form that was denied because you had the wrong type of loan, those payments will automatically be counted as qualifying payments in the coming months. Next Steps Verify your loan types in your Aid Summary . If you have unverified employment periods, verify eligible employment and if eligible, submit a PSLF form with the PSLF Help Tool by Oct. 31, 2022 More Student Loan Information on Student Doctor Network​ Can You Get Public Service Loan Forgiveness? Click to expand... Student Loan Forgiveness Programs For Healthcare Professionals Click to expand... Reducing Student Loan Payments: Simple Strategies Click to expand... The post Public Service Loan Forgiveness Limited Waiver Opportunity appeared first on Student Doctor Network . Continue reading...",2023-10-18T22:05:10-0400,True,1217,0.044269,0.38267,2026-03-23T22:45:06.632719
sdn,1487453,SDN Article: Public Service Loan Forgiveness Limited Waiver Opportunity,https://forums.studentdoctor.net/threads/sdn-article-public-service-loan-forgiveness-limited-waiver-opportunity.1487453,0b6189d84229,1,SDN Staff,"The Student Doctor Network publishes articles weekly. Check out this article or other student loan articles at Student Doctor Network . Now, for a limited period of time, borrowers may receive credit for past payments made on loans that would otherwise not qualify for Public Service Loan Forgiveness. On Oct. 6, 2021, the U.S. Department of Education (ED) announced a change to PSLF program rules until October 2022 due to the COVID-19 national emergency. Throughout the pandemic, ED has provided a variety of benefits to borrowers. New Rules for Qualifying Payments​ Under the new rules, any prior payment made will count as a qualifying payment, regardless of loan type, repayment plan, or whether the payment was made in full or on time. All you need is qualifying employment. This change will apply to student loan borrowers with Direct Loans, those who have already consolidated into the Direct Loan Program, and those who consolidate into the Direct Loan Program by Oct. 31, 2022. Parent PLUS loans are not eligible under the limited PSLF waiver. There are two requirements to receive additional qualifying payments: Full-time employment. You must have worked full-time for a qualifying employer when prior payments were made. If you were employed in more than one qualifying part-time job at the same time, you will be considered full-time if you worked a combined average of at least 30 hours per week. You can receive credit only for payments made after Oct. 1, 2007, since that is when the PSLF Program began. If you haven’t already, you must file a Public Service Loan Forgiveness (PSLF) & Temporary Expanded PSLF (TEPSLF) Certification & Application (PSLF form) for any period for which you may receive additional qualifying payments. Loan consolidation. If you have Federal Family Education Loan (FFEL) Program loans, Federal Perkins Loans, or other types of federal student loans that are not Direct Loans, you must consolidate those loans into the Direct Loan program by Oct. 31, 2022. What PSLF requirements are waived?​ Here’s what’s changed and what’s unchanged as of Oct. 6, 2021. Previous Requirements Waived Changes Repay under an IDR plan Make 120 qualifying payments Past payments under any plan count Past ineligible loan payments may count toward 120 total payments Unchanged Requirements Employed by government (including military), 501(c)(3) not-for-profit, or other not-for-profit organization that provides a qualifying service Work full-time Have Direct Loans or consolidate into Direct Consolidation Loans How to Find Out If You Qualify for Additional Payments​ The action you take will depend on the types of loans that you have outstanding. Find out what type of loans you have, then read the next steps for that type below. Here’s how to see what loans you have: Visit Aid Summary You’ll be asked to log in to your account in order to view the page Scroll down to the Loan Breakdown section In the Loan Breakdown section, you’ll see a list of each loan you have taken out, even if you have paid the loan off or consolidated it into a new loan View Loan Details If you expand View Loans, then click the View Loan Details arrow next to a loan, you’ll see a more detailed name for that loan. Direct Loans begin with the word “Direct.” Federal Family Education Loan Program loans start with “FFEL,” and Perkins Loans include the word “Perkins” in the name. Parent PLUS loans are not eligible under the limited PSLF waiver. Now that you know what types of loans you have, read on to see what actions you may need to take to receive additional qualifying payments. Next Steps Based on Your Loan Types​ Borrowers With At Least One FFEL Program Loan, Federal Perkins Loan, or Certain Other Federal Student Loan​ Who’s in This Group You are part of this group if you have outstanding FFEL and/or Perkins loans, even if you also have outstanding Direct Loans. How to Qualify Consolidate your FFEL Program loans and Perkins Loans into a Direct Consolidation Loan by Oct. 31, 2022. This is important because you cannot receive credit for payments under this limited-time period if you consolidate after that date. After the consolidation is complete, you must then submit a PSLF form to your loan servicer. Next Steps Verify your loan types in your Aid Summary . Verify eligible employment by completing Step 1 of the PSLF Help Tool. If an employer is eligible and you have at least one loan that is not a Direct Loan, request a Direct Consolidation Loan by Oct. 31, 2022. Submit a PSLF form with the PSLF Help Tool by Oct. 31, 2022. Direct Loan Borrowers Who Have Not Submitted an Employment Certification Form (ECF) or PSLF Form​ Who’s in This Group You are a part of this group if you have only Direct Loans but are not assigned to FedLoan Servicing, or if you are assigned to FedLoan Servicing and have never submitted a form for the PSLF Program. How to Qualify If you have not yet indicated that you are pursuing PSLF, now is the time to apply, because you can’t receive credit under these flexible rules unless you file a PSLF form by October 31, 2022. Next Steps Verify your loan types in your Aid Summary . Verify eligible employment and if eligible, submit a PSLF form with the PSLF Help Tool by Oct. 31, 2022. Direct Loan Borrowers Who Have Already Submitted an ECF or PSLF Form​ Who’s in This Group You are a part of this group if you have only Direct Loans and all of those loans are assigned to FedLoan Servicing. How to Qualify If you took out only Direct Loans or consolidated other federal loans into a Direct Loan, and you’ve previously submitted an ECF or PSLF form , you may automatically receive credit for prior payments under these conditions: The form you submitted was determined to be a qualifying employer, but you originally did not receive credit because you didn’t have the right kind of loan, weren’t in the right repayment plan, made the payment late, or did not pay the full amount due. If you’re in this group, the only reason to submit a PSLF form is if you haven’t previously had your employment certified. For example: If you worked full-time for a qualifying employer from 2008–2010 but did not submit a form for that period because you did not yet consolidate your loans, you’ll still need to submit a PSLF form to get credit for those payments. The form must be submitted by Oct. 31, 2022. However, if you were in the same situation but submitted a form that was denied because you had the wrong type of loan, those payments will automatically be counted as qualifying payments in the coming months. Next Steps Verify your loan types in your Aid Summary . If you have unverified employment periods, verify eligible employment and if eligible, submit a PSLF form with the PSLF Help Tool by Oct. 31, 2022 More Student Loan Information on Student Doctor Network​ Can You Get Public Service Loan Forgiveness? Click to expand... Student Loan Forgiveness Programs For Healthcare Professionals Click to expand... Reducing Student Loan Payments: Simple Strategies Click to expand... The post Public Service Loan Forgiveness Limited Waiver Opportunity appeared first on Student Doctor Network . Continue reading...",2023-10-18T22:05:10-0400,False,1217,0.044269,0.38267,2026-03-23T22:45:08.918225
sdn,1487453,SDN Article: Public Service Loan Forgiveness Limited Waiver Opportunity,https://forums.studentdoctor.net/threads/sdn-article-public-service-loan-forgiveness-limited-waiver-opportunity.1487453,207d173429c5,2,SDN Staff,"The Student Doctor Network publishes articles weekly. Check out this article or other student loan articles at Student Doctor Network . Now, for a limited period of time, borrowers may receive credit for past payments made on loans that would otherwise not qualify for Public Service Loan Forgiveness. On Oct. 6, 2021, the U.S. Department of Education (ED) announced a change to PSLF program rules until October 2022 due to the COVID-19 national emergency. Throughout the pandemic, ED has provided a variety of benefits to borrowers. New Rules for Qualifying Payments​ Under the new rules, any prior payment made will count as a qualifying payment, regardless of loan type, repayment plan, or whether the payment was made in full or on time. All you need is qualifying employment. This change will apply to student loan borrowers with Direct Loans, those who have already consolidated into the Direct Loan Program, and those who consolidate into the Direct Loan Program by Oct. 31, 2022. Parent PLUS loans are not eligible under the limited PSLF waiver. There are two requirements to receive additional qualifying payments: Full-time employment. You must have worked full-time for a qualifying employer when prior payments were made. If you were employed in more than one qualifying part-time job at the same time, you will be considered full-time if you worked a combined average of at least 30 hours per week. You can receive credit only for payments made after Oct. 1, 2007, since that is when the PSLF Program began. If you haven’t already, you must file a Public Service Loan Forgiveness (PSLF) & Temporary Expanded PSLF (TEPSLF) Certification & Application (PSLF form) for any period for which you may receive additional qualifying payments. Loan consolidation. If you have Federal Family Education Loan (FFEL) Program loans, Federal Perkins Loans, or other types of federal student loans that are not Direct Loans, you must consolidate those loans into the Direct Loan program by Oct. 31, 2022. What PSLF requirements are waived?​ Here’s what’s changed and what’s unchanged as of Oct. 6, 2021. Previous Requirements Waived Changes Repay under an IDR plan Make 120 qualifying payments Past payments under any plan count Past ineligible loan payments may count toward 120 total payments Unchanged Requirements Employed by government (including military), 501(c)(3) not-for-profit, or other not-for-profit organization that provides a qualifying service Work full-time Have Direct Loans or consolidate into Direct Consolidation Loans How to Find Out If You Qualify for Additional Payments​ The action you take will depend on the types of loans that you have outstanding. Find out what type of loans you have, then read the next steps for that type below. Here’s how to see what loans you have: Visit Aid Summary You’ll be asked to log in to your account in order to view the page Scroll down to the Loan Breakdown section In the Loan Breakdown section, you’ll see a list of each loan you have taken out, even if you have paid the loan off or consolidated it into a new loan View Loan Details If you expand View Loans, then click the View Loan Details arrow next to a loan, you’ll see a more detailed name for that loan. Direct Loans begin with the word “Direct.” Federal Family Education Loan Program loans start with “FFEL,” and Perkins Loans include the word “Perkins” in the name. Parent PLUS loans are not eligible under the limited PSLF waiver. Now that you know what types of loans you have, read on to see what actions you may need to take to receive additional qualifying payments. Next Steps Based on Your Loan Types​ Borrowers With At Least One FFEL Program Loan, Federal Perkins Loan, or Certain Other Federal Student Loan​ Who’s in This Group You are part of this group if you have outstanding FFEL and/or Perkins loans, even if you also have outstanding Direct Loans. How to Qualify Consolidate your FFEL Program loans and Perkins Loans into a Direct Consolidation Loan by Oct. 31, 2022. This is important because you cannot receive credit for payments under this limited-time period if you consolidate after that date. After the consolidation is complete, you must then submit a PSLF form to your loan servicer. Next Steps Verify your loan types in your Aid Summary . Verify eligible employment by completing Step 1 of the PSLF Help Tool. If an employer is eligible and you have at least one loan that is not a Direct Loan, request a Direct Consolidation Loan by Oct. 31, 2022. Submit a PSLF form with the PSLF Help Tool by Oct. 31, 2022. Direct Loan Borrowers Who Have Not Submitted an Employment Certification Form (ECF) or PSLF Form​ Who’s in This Group You are a part of this group if you have only Direct Loans but are not assigned to FedLoan Servicing, or if you are assigned to FedLoan Servicing and have never submitted a form for the PSLF Program. How to Qualify If you have not yet indicated that you are pursuing PSLF, now is the time to apply, because you can’t receive credit under these flexible rules unless you file a PSLF form by October 31, 2022. Next Steps Verify your loan types in your Aid Summary . Verify eligible employment and if eligible, submit a PSLF form with the PSLF Help Tool by Oct. 31, 2022. Direct Loan Borrowers Who Have Already Submitted an ECF or PSLF Form​ Who’s in This Group You are a part of this group if you have only Direct Loans and all of those loans are assigned to FedLoan Servicing. How to Qualify If you took out only Direct Loans or consolidated other federal loans into a Direct Loan, and you’ve previously submitted an ECF or PSLF form , you may automatically receive credit for prior payments under these conditions: The form you submitted was determined to be a qualifying employer, but you originally did not receive credit because you didn’t have the right kind of loan, weren’t in the right repayment plan, made the payment late, or did not pay the full amount due. If you’re in this group, the only reason to submit a PSLF form is if you haven’t previously had your employment certified. For example: If you worked full-time for a qualifying employer from 2008–2010 but did not submit a form for that period because you did not yet consolidate your loans, you’ll still need to submit a PSLF form to get credit for those payments. The form must be submitted by Oct. 31, 2022. However, if you were in the same situation but submitted a form that was denied because you had the wrong type of loan, those payments will automatically be counted as qualifying payments in the coming months. Next Steps Verify your loan types in your Aid Summary . If you have unverified employment periods, verify eligible employment and if eligible, submit a PSLF form with the PSLF Help Tool by Oct. 31, 2022 More Student Loan Information on Student Doctor Network​ Can You Get Public Service Loan Forgiveness? Click to expand... Student Loan Forgiveness Programs For Healthcare Professionals Click to expand... Reducing Student Loan Payments: Simple Strategies Click to expand... The post Public Service Loan Forgiveness Limited Waiver Opportunity appeared first on Student Doctor Network . Continue reading...",2023-10-18T22:05:10-0400,False,1217,0.044269,0.38267,2026-03-23T22:45:11.229865
sdn,1487453,SDN Article: Public Service Loan Forgiveness Limited Waiver Opportunity,https://forums.studentdoctor.net/threads/sdn-article-public-service-loan-forgiveness-limited-waiver-opportunity.1487453,2f6b7157de6f,3,SDN Staff,"The Student Doctor Network publishes articles weekly. Check out this article or other student loan articles at Student Doctor Network . Now, for a limited period of time, borrowers may receive credit for past payments made on loans that would otherwise not qualify for Public Service Loan Forgiveness. On Oct. 6, 2021, the U.S. Department of Education (ED) announced a change to PSLF program rules until October 2022 due to the COVID-19 national emergency. Throughout the pandemic, ED has provided a variety of benefits to borrowers. New Rules for Qualifying Payments​ Under the new rules, any prior payment made will count as a qualifying payment, regardless of loan type, repayment plan, or whether the payment was made in full or on time. All you need is qualifying employment. This change will apply to student loan borrowers with Direct Loans, those who have already consolidated into the Direct Loan Program, and those who consolidate into the Direct Loan Program by Oct. 31, 2022. Parent PLUS loans are not eligible under the limited PSLF waiver. There are two requirements to receive additional qualifying payments: Full-time employment. You must have worked full-time for a qualifying employer when prior payments were made. If you were employed in more than one qualifying part-time job at the same time, you will be considered full-time if you worked a combined average of at least 30 hours per week. You can receive credit only for payments made after Oct. 1, 2007, since that is when the PSLF Program began. If you haven’t already, you must file a Public Service Loan Forgiveness (PSLF) & Temporary Expanded PSLF (TEPSLF) Certification & Application (PSLF form) for any period for which you may receive additional qualifying payments. Loan consolidation. If you have Federal Family Education Loan (FFEL) Program loans, Federal Perkins Loans, or other types of federal student loans that are not Direct Loans, you must consolidate those loans into the Direct Loan program by Oct. 31, 2022. What PSLF requirements are waived?​ Here’s what’s changed and what’s unchanged as of Oct. 6, 2021. Previous Requirements Waived Changes Repay under an IDR plan Make 120 qualifying payments Past payments under any plan count Past ineligible loan payments may count toward 120 total payments Unchanged Requirements Employed by government (including military), 501(c)(3) not-for-profit, or other not-for-profit organization that provides a qualifying service Work full-time Have Direct Loans or consolidate into Direct Consolidation Loans How to Find Out If You Qualify for Additional Payments​ The action you take will depend on the types of loans that you have outstanding. Find out what type of loans you have, then read the next steps for that type below. Here’s how to see what loans you have: Visit Aid Summary You’ll be asked to log in to your account in order to view the page Scroll down to the Loan Breakdown section In the Loan Breakdown section, you’ll see a list of each loan you have taken out, even if you have paid the loan off or consolidated it into a new loan View Loan Details If you expand View Loans, then click the View Loan Details arrow next to a loan, you’ll see a more detailed name for that loan. Direct Loans begin with the word “Direct.” Federal Family Education Loan Program loans start with “FFEL,” and Perkins Loans include the word “Perkins” in the name. Parent PLUS loans are not eligible under the limited PSLF waiver. Now that you know what types of loans you have, read on to see what actions you may need to take to receive additional qualifying payments. Next Steps Based on Your Loan Types​ Borrowers With At Least One FFEL Program Loan, Federal Perkins Loan, or Certain Other Federal Student Loan​ Who’s in This Group You are part of this group if you have outstanding FFEL and/or Perkins loans, even if you also have outstanding Direct Loans. How to Qualify Consolidate your FFEL Program loans and Perkins Loans into a Direct Consolidation Loan by Oct. 31, 2022. This is important because you cannot receive credit for payments under this limited-time period if you consolidate after that date. After the consolidation is complete, you must then submit a PSLF form to your loan servicer. Next Steps Verify your loan types in your Aid Summary . Verify eligible employment by completing Step 1 of the PSLF Help Tool. If an employer is eligible and you have at least one loan that is not a Direct Loan, request a Direct Consolidation Loan by Oct. 31, 2022. Submit a PSLF form with the PSLF Help Tool by Oct. 31, 2022. Direct Loan Borrowers Who Have Not Submitted an Employment Certification Form (ECF) or PSLF Form​ Who’s in This Group You are a part of this group if you have only Direct Loans but are not assigned to FedLoan Servicing, or if you are assigned to FedLoan Servicing and have never submitted a form for the PSLF Program. How to Qualify If you have not yet indicated that you are pursuing PSLF, now is the time to apply, because you can’t receive credit under these flexible rules unless you file a PSLF form by October 31, 2022. Next Steps Verify your loan types in your Aid Summary . Verify eligible employment and if eligible, submit a PSLF form with the PSLF Help Tool by Oct. 31, 2022. Direct Loan Borrowers Who Have Already Submitted an ECF or PSLF Form​ Who’s in This Group You are a part of this group if you have only Direct Loans and all of those loans are assigned to FedLoan Servicing. How to Qualify If you took out only Direct Loans or consolidated other federal loans into a Direct Loan, and you’ve previously submitted an ECF or PSLF form , you may automatically receive credit for prior payments under these conditions: The form you submitted was determined to be a qualifying employer, but you originally did not receive credit because you didn’t have the right kind of loan, weren’t in the right repayment plan, made the payment late, or did not pay the full amount due. If you’re in this group, the only reason to submit a PSLF form is if you haven’t previously had your employment certified. For example: If you worked full-time for a qualifying employer from 2008–2010 but did not submit a form for that period because you did not yet consolidate your loans, you’ll still need to submit a PSLF form to get credit for those payments. The form must be submitted by Oct. 31, 2022. However, if you were in the same situation but submitted a form that was denied because you had the wrong type of loan, those payments will automatically be counted as qualifying payments in the coming months. Next Steps Verify your loan types in your Aid Summary . If you have unverified employment periods, verify eligible employment and if eligible, submit a PSLF form with the PSLF Help Tool by Oct. 31, 2022 More Student Loan Information on Student Doctor Network​ Can You Get Public Service Loan Forgiveness? Click to expand... Student Loan Forgiveness Programs For Healthcare Professionals Click to expand... Reducing Student Loan Payments: Simple Strategies Click to expand... The post Public Service Loan Forgiveness Limited Waiver Opportunity appeared first on Student Doctor Network . Continue reading...",2023-10-18T22:05:10-0400,False,1217,0.044269,0.38267,2026-03-23T22:45:13.521153
sdn,1487453,SDN Article: Public Service Loan Forgiveness Limited Waiver Opportunity,https://forums.studentdoctor.net/threads/sdn-article-public-service-loan-forgiveness-limited-waiver-opportunity.1487453,571264cb967b,4,SDN Staff,"The Student Doctor Network publishes articles weekly. Check out this article or other student loan articles at Student Doctor Network . Now, for a limited period of time, borrowers may receive credit for past payments made on loans that would otherwise not qualify for Public Service Loan Forgiveness. On Oct. 6, 2021, the U.S. Department of Education (ED) announced a change to PSLF program rules until October 2022 due to the COVID-19 national emergency. Throughout the pandemic, ED has provided a variety of benefits to borrowers. New Rules for Qualifying Payments​ Under the new rules, any prior payment made will count as a qualifying payment, regardless of loan type, repayment plan, or whether the payment was made in full or on time. All you need is qualifying employment. This change will apply to student loan borrowers with Direct Loans, those who have already consolidated into the Direct Loan Program, and those who consolidate into the Direct Loan Program by Oct. 31, 2022. Parent PLUS loans are not eligible under the limited PSLF waiver. There are two requirements to receive additional qualifying payments: Full-time employment. You must have worked full-time for a qualifying employer when prior payments were made. If you were employed in more than one qualifying part-time job at the same time, you will be considered full-time if you worked a combined average of at least 30 hours per week. You can receive credit only for payments made after Oct. 1, 2007, since that is when the PSLF Program began. If you haven’t already, you must file a Public Service Loan Forgiveness (PSLF) & Temporary Expanded PSLF (TEPSLF) Certification & Application (PSLF form) for any period for which you may receive additional qualifying payments. Loan consolidation. If you have Federal Family Education Loan (FFEL) Program loans, Federal Perkins Loans, or other types of federal student loans that are not Direct Loans, you must consolidate those loans into the Direct Loan program by Oct. 31, 2022. What PSLF requirements are waived?​ Here’s what’s changed and what’s unchanged as of Oct. 6, 2021. Previous Requirements Waived Changes Repay under an IDR plan Make 120 qualifying payments Past payments under any plan count Past ineligible loan payments may count toward 120 total payments Unchanged Requirements Employed by government (including military), 501(c)(3) not-for-profit, or other not-for-profit organization that provides a qualifying service Work full-time Have Direct Loans or consolidate into Direct Consolidation Loans How to Find Out If You Qualify for Additional Payments​ The action you take will depend on the types of loans that you have outstanding. Find out what type of loans you have, then read the next steps for that type below. Here’s how to see what loans you have: Visit Aid Summary You’ll be asked to log in to your account in order to view the page Scroll down to the Loan Breakdown section In the Loan Breakdown section, you’ll see a list of each loan you have taken out, even if you have paid the loan off or consolidated it into a new loan View Loan Details If you expand View Loans, then click the View Loan Details arrow next to a loan, you’ll see a more detailed name for that loan. Direct Loans begin with the word “Direct.” Federal Family Education Loan Program loans start with “FFEL,” and Perkins Loans include the word “Perkins” in the name. Parent PLUS loans are not eligible under the limited PSLF waiver. Now that you know what types of loans you have, read on to see what actions you may need to take to receive additional qualifying payments. Next Steps Based on Your Loan Types​ Borrowers With At Least One FFEL Program Loan, Federal Perkins Loan, or Certain Other Federal Student Loan​ Who’s in This Group You are part of this group if you have outstanding FFEL and/or Perkins loans, even if you also have outstanding Direct Loans. How to Qualify Consolidate your FFEL Program loans and Perkins Loans into a Direct Consolidation Loan by Oct. 31, 2022. This is important because you cannot receive credit for payments under this limited-time period if you consolidate after that date. After the consolidation is complete, you must then submit a PSLF form to your loan servicer. Next Steps Verify your loan types in your Aid Summary . Verify eligible employment by completing Step 1 of the PSLF Help Tool. If an employer is eligible and you have at least one loan that is not a Direct Loan, request a Direct Consolidation Loan by Oct. 31, 2022. Submit a PSLF form with the PSLF Help Tool by Oct. 31, 2022. Direct Loan Borrowers Who Have Not Submitted an Employment Certification Form (ECF) or PSLF Form​ Who’s in This Group You are a part of this group if you have only Direct Loans but are not assigned to FedLoan Servicing, or if you are assigned to FedLoan Servicing and have never submitted a form for the PSLF Program. How to Qualify If you have not yet indicated that you are pursuing PSLF, now is the time to apply, because you can’t receive credit under these flexible rules unless you file a PSLF form by October 31, 2022. Next Steps Verify your loan types in your Aid Summary . Verify eligible employment and if eligible, submit a PSLF form with the PSLF Help Tool by Oct. 31, 2022. Direct Loan Borrowers Who Have Already Submitted an ECF or PSLF Form​ Who’s in This Group You are a part of this group if you have only Direct Loans and all of those loans are assigned to FedLoan Servicing. How to Qualify If you took out only Direct Loans or consolidated other federal loans into a Direct Loan, and you’ve previously submitted an ECF or PSLF form , you may automatically receive credit for prior payments under these conditions: The form you submitted was determined to be a qualifying employer, but you originally did not receive credit because you didn’t have the right kind of loan, weren’t in the right repayment plan, made the payment late, or did not pay the full amount due. If you’re in this group, the only reason to submit a PSLF form is if you haven’t previously had your employment certified. For example: If you worked full-time for a qualifying employer from 2008–2010 but did not submit a form for that period because you did not yet consolidate your loans, you’ll still need to submit a PSLF form to get credit for those payments. The form must be submitted by Oct. 31, 2022. However, if you were in the same situation but submitted a form that was denied because you had the wrong type of loan, those payments will automatically be counted as qualifying payments in the coming months. Next Steps Verify your loan types in your Aid Summary . If you have unverified employment periods, verify eligible employment and if eligible, submit a PSLF form with the PSLF Help Tool by Oct. 31, 2022 More Student Loan Information on Student Doctor Network​ Can You Get Public Service Loan Forgiveness? Click to expand... Student Loan Forgiveness Programs For Healthcare Professionals Click to expand... Reducing Student Loan Payments: Simple Strategies Click to expand... The post Public Service Loan Forgiveness Limited Waiver Opportunity appeared first on Student Doctor Network . Continue reading...",2023-10-18T22:05:10-0400,False,1217,0.044269,0.38267,2026-03-23T22:45:15.773527
sdn,1496450,Article repost: Student Loan Forgiveness Programs,https://forums.studentdoctor.net/threads/article-repost-student-loan-forgiveness-programs.1496450,8a4ffaf5c821,0,Mr.Smile12,Student Loan Forgiveness Programs For Healthcare Professionals | Student Doctor Network | SDN We never fully understood the effort healthcare professionals put into their services before the COVID-19. These challenging times in the pandemic www.studentdoctor.net https://studentaid.gov/manage-loans/forgiveness-cancellation/public-service/questions,2024-05-30T11:07:42-0400,True,36,0.5,1.0,2026-03-23T22:45:18.036943
sdn,1496450,Article repost: Student Loan Forgiveness Programs,https://forums.studentdoctor.net/threads/article-repost-student-loan-forgiveness-programs.1496450,90537e7be1ca,1,Mr.Smile12,Student Loan Forgiveness Programs For Healthcare Professionals | Student Doctor Network | SDN We never fully understood the effort healthcare professionals put into their services before the COVID-19. These challenging times in the pandemic www.studentdoctor.net https://studentaid.gov/manage-loans/forgiveness-cancellation/public-service/questions,2024-05-30T11:07:42-0400,False,36,0.5,1.0,2026-03-23T22:45:20.306583
sdn,1496450,Article repost: Student Loan Forgiveness Programs,https://forums.studentdoctor.net/threads/article-repost-student-loan-forgiveness-programs.1496450,745222ded6b5,2,Mr.Smile12,Student Loan Forgiveness Programs For Healthcare Professionals | Student Doctor Network | SDN We never fully understood the effort healthcare professionals put into their services before the COVID-19. These challenging times in the pandemic www.studentdoctor.net https://studentaid.gov/manage-loans/forgiveness-cancellation/public-service/questions,2024-05-30T11:07:42-0400,False,36,0.5,1.0,2026-03-23T22:45:22.555938
sdn,1496450,Article repost: Student Loan Forgiveness Programs,https://forums.studentdoctor.net/threads/article-repost-student-loan-forgiveness-programs.1496450,1b6fd46f4e51,3,Mr.Smile12,Student Loan Forgiveness Programs For Healthcare Professionals | Student Doctor Network | SDN We never fully understood the effort healthcare professionals put into their services before the COVID-19. These challenging times in the pandemic www.studentdoctor.net https://studentaid.gov/manage-loans/forgiveness-cancellation/public-service/questions,2024-05-30T11:07:42-0400,False,36,0.5,1.0,2026-03-23T22:45:24.807819
sdn,1496450,Article repost: Student Loan Forgiveness Programs,https://forums.studentdoctor.net/threads/article-repost-student-loan-forgiveness-programs.1496450,524f1b93ec46,4,Mr.Smile12,Student Loan Forgiveness Programs For Healthcare Professionals | Student Doctor Network | SDN We never fully understood the effort healthcare professionals put into their services before the COVID-19. These challenging times in the pandemic www.studentdoctor.net https://studentaid.gov/manage-loans/forgiveness-cancellation/public-service/questions,2024-05-30T11:07:42-0400,False,36,0.5,1.0,2026-03-23T22:45:27.069557
sdn,1487452,SDN Article: Student Loan Forgiveness Programs For Healthcare Professionals,https://forums.studentdoctor.net/threads/sdn-article-student-loan-forgiveness-programs-for-healthcare-professionals.1487452,d9076e8d5450,0,Samira Valiyeva,"The Student Doctor Network publishes articles weekly. Check out this article or other student loan articles at Student Doctor Network . We never fully understood the effort healthcare professionals put into their services before the COVID-19. These challenging times in the pandemic showcased to us how healthcare professionals make sacrifices – by risking their lives and their loved ones’ lives – to deliver health and safety to a greater number of individuals. In return for their dedicated service, these professionals deserve all types of federal aid programs, including the ones designed for their student debt and student loan forgiveness. Luckily, the government provides multiple options for healthcare professionals to get rid of their student loan burden. Here are seven great student loan forgiveness programs for healthcare professionals: Public Service Loan Forgiveness Nurse Corps Loan Repayment NHSC Loan Repayment Navy Health Professions Loan Repayment Florida Nursing Loan Forgiveness National Institute of Health Loan Repayment Programs NHSC Substance Use Disorder Workforce Loan Repayment Program We’ll go through every one of them, discuss their benefits as well as eligibility requirements in detail. Public Service Loan Forgiveness​ Benefit​ Public Service Loan Forgiveness is one of the federal student aid programs. The borrowers can get rid of 100% of their student loans once they satisfy the eligibility conditions . Eligibility​ Healthcare officials become eligible for forgiveness if they make 120 qualifying payments. These payments should be made on time and in full amount required by Income-Driven Repayment plans. There also exist eligibility conditions such as working at a qualifying workplace. Not all healthcare facilities qualify for this forgiveness program. Additionally, healthcare professionals should work a minimum of 30 hours per week, either full-time or part-time. Lastly, only direct student loans are eligible for debt cancellation. Healthcare professionals with FFEL or Perkins loans should look for alternative options. Application​ Healthcare professionals should fill PSLF form online or on paper and send the form to FedLoan Servicing by mail. Nurse Corps Loan Repayment​ Benefit​ This student loan forgiveness program for healthcare professionals is available to nurses with up to 85% cancellation of the remaining student loan balance. In the first two-year service period, the applicants get rid of 60% of their outstanding debt. If they agree to a third-year service in an eligible facility, they get additional 25% debt forgiveness. Eligibility​ If you are a Registered Nurse, Advanced Practice Registered Nurse, or Nurse Faculty member, you might be eligible for this repayment program. Your service should be full-time, and you should have a degree from an accredited school. In return for the repayment, the applicants need to agree to serve in a Critical Shortage Facility (CSR) or in a nursing school for two years. Application​ Applications to this forgiveness program are possible through a digital platform called Customer Service Portal in the HRSA Bureau of Health Workforce website. You will need to submit supporting and additional documents to the online application . The application form involves information regarding employment, education, loan amount, etc. NHSC Loan Repayment​ Benefit​ Healthcare professionals can also receive funds to pay their open student loan balances through the NHSC Loan Repayment program. This student aid program is available in return for a service agreement. If the applicants agree to serve full-time for 2-years, they will get $50,000 forgiveness. Meanwhile, part-time healthcare professionals can only get $25,000 in exchange for a 2-year service. Eligibility​ Healthcare professionals in areas like medical, dental , and mental/behavioral can qualify for this benefit if they are trained and licensed. They should be U.S citizens or nationals as a provider in the following: Medicare Medicaid State Children’s Health Insurance program In return for the benefit, the applicants should provide two-year service either full or part-time. Only the service in NHSC eligible facilities will qualify. Application​ It is possible to apply online for NHSC Loan Repayment on the official website. Online application involves details like employment, loan information, etc. Supporting and additional documents should be attached to the application. Navy Health Professions Loan Repayment​ Benefit​ This student loan forgiveness program covers new accession to Navy or active duty healthcare personnel in the Navy. It is possible to receive up to $40,000 debt forgiveness per year through this program. Keep in mind that the benefit amount of $40,000 will be subject to 25% income tax. Eligibility​ The applicants should have a written agreement to serve active duty and be enrolled as a student in the final year to get a degree in the health profession or in the final year of the residency program for allopathic, osteopathic, and dental programs. You can check the official website for more detailed information. Application​ The application conditions change depending on whether you are a new accession of the Navy or an active duty medical personnel. In case of new accession, an award letter, lender release form, loan statement, contract, and obligated service matrix are required for application. For active-duty medical personnel, intent email, motivation and loan statements, copies of licensure and fitness reports, etc., should be provided Florida Nursing Loan Forgiveness​ Benefit​ States also have programs to help healthcare professionals. Florida is one of those states as it grants $4,000 loan repayment per service year. It is possible to apply for the loan repayment four times, which means the maximum benefit amount is $16,000. Eligibility​ If you are a Licensed Practical Nurse, Registered Nurse, or Advanced Registered Nurse Practitioner, you can qualify for this student loan forgiveness program. In return for the benefit, the borrowers should serve full time in qualifying facilities. Only the loans incurred to get a nursing education are covered through this state program. Application​ Applicants should fill the application form and send it to the State Education Department by the deadlines. Check the Florida Student Financial Aid website for more information on deadlines. National Institute of Health Loan Repayment Programs​ Benefit​ National Institute of Health (NIH ) provides multiple loan repayment programs to support health professionals in biomedical and biobehavioral research. It is possible to get up to $50,000 loan forgiveness per year, depending on the chosen program. Eligibility​ The eligibility conditions change depending on which program you want to apply to. There are programs called Extramural -research work outside the National Institute of Health, and Intramural- research within the NIH. The applicant’s educational debt should be equal to or more than 20% of the base salary. Application​ You will need an LRP login account to access the portal for NIH forgiveness. You can only apply for the programs when the registration for them is open. NHSC Substance Use Disorder Workforce Loan Repayment Program​ Benefit​ If you are eligible for NHSC Substance Use Disorder (SUB) Workforce Loan Repayment Program (LRP), you can get rid of $75,000 worth of student loans in only three years. In return for the benefit, you have to provide three-year part-time or full-time service. Eligibility​ The eligibility conditions for this program are similar to what we described in the NHSC Loan Repayment program. However, as its name suggests, this program benefits the workforce in Substance Use Disorder Treatment. The qualifying applicants work in facilities with low HPSA scores that otherwise do not qualify for NHSC funding. Application​ In general, it takes around three weeks to collect all necessary documents and complete the application. It is possible to apply and view the status of the application online in the BHW Customer Service Portal. This article was kindly contributed by Student Loans Resolved . They specialize in tackling federal or private student loan debt and assisting graduates from all across the US in reducing their financial burdens. The post Student Loan Forgiveness Programs For Healthcare Professionals appeared first on Student Doctor Network . Continue reading...",2023-10-18T22:05:10-0400,True,1277,0.148983,0.551435,2026-03-23T22:45:29.391170
sdn,1487452,SDN Article: Student Loan Forgiveness Programs For Healthcare Professionals,https://forums.studentdoctor.net/threads/sdn-article-student-loan-forgiveness-programs-for-healthcare-professionals.1487452,44f0b49142af,1,Samira Valiyeva,"The Student Doctor Network publishes articles weekly. Check out this article or other student loan articles at Student Doctor Network . We never fully understood the effort healthcare professionals put into their services before the COVID-19. These challenging times in the pandemic showcased to us how healthcare professionals make sacrifices – by risking their lives and their loved ones’ lives – to deliver health and safety to a greater number of individuals. In return for their dedicated service, these professionals deserve all types of federal aid programs, including the ones designed for their student debt and student loan forgiveness. Luckily, the government provides multiple options for healthcare professionals to get rid of their student loan burden. Here are seven great student loan forgiveness programs for healthcare professionals: Public Service Loan Forgiveness Nurse Corps Loan Repayment NHSC Loan Repayment Navy Health Professions Loan Repayment Florida Nursing Loan Forgiveness National Institute of Health Loan Repayment Programs NHSC Substance Use Disorder Workforce Loan Repayment Program We’ll go through every one of them, discuss their benefits as well as eligibility requirements in detail. Public Service Loan Forgiveness​ Benefit​ Public Service Loan Forgiveness is one of the federal student aid programs. The borrowers can get rid of 100% of their student loans once they satisfy the eligibility conditions . Eligibility​ Healthcare officials become eligible for forgiveness if they make 120 qualifying payments. These payments should be made on time and in full amount required by Income-Driven Repayment plans. There also exist eligibility conditions such as working at a qualifying workplace. Not all healthcare facilities qualify for this forgiveness program. Additionally, healthcare professionals should work a minimum of 30 hours per week, either full-time or part-time. Lastly, only direct student loans are eligible for debt cancellation. Healthcare professionals with FFEL or Perkins loans should look for alternative options. Application​ Healthcare professionals should fill PSLF form online or on paper and send the form to FedLoan Servicing by mail. Nurse Corps Loan Repayment​ Benefit​ This student loan forgiveness program for healthcare professionals is available to nurses with up to 85% cancellation of the remaining student loan balance. In the first two-year service period, the applicants get rid of 60% of their outstanding debt. If they agree to a third-year service in an eligible facility, they get additional 25% debt forgiveness. Eligibility​ If you are a Registered Nurse, Advanced Practice Registered Nurse, or Nurse Faculty member, you might be eligible for this repayment program. Your service should be full-time, and you should have a degree from an accredited school. In return for the repayment, the applicants need to agree to serve in a Critical Shortage Facility (CSR) or in a nursing school for two years. Application​ Applications to this forgiveness program are possible through a digital platform called Customer Service Portal in the HRSA Bureau of Health Workforce website. You will need to submit supporting and additional documents to the online application . The application form involves information regarding employment, education, loan amount, etc. NHSC Loan Repayment​ Benefit​ Healthcare professionals can also receive funds to pay their open student loan balances through the NHSC Loan Repayment program. This student aid program is available in return for a service agreement. If the applicants agree to serve full-time for 2-years, they will get $50,000 forgiveness. Meanwhile, part-time healthcare professionals can only get $25,000 in exchange for a 2-year service. Eligibility​ Healthcare professionals in areas like medical, dental , and mental/behavioral can qualify for this benefit if they are trained and licensed. They should be U.S citizens or nationals as a provider in the following: Medicare Medicaid State Children’s Health Insurance program In return for the benefit, the applicants should provide two-year service either full or part-time. Only the service in NHSC eligible facilities will qualify. Application​ It is possible to apply online for NHSC Loan Repayment on the official website. Online application involves details like employment, loan information, etc. Supporting and additional documents should be attached to the application. Navy Health Professions Loan Repayment​ Benefit​ This student loan forgiveness program covers new accession to Navy or active duty healthcare personnel in the Navy. It is possible to receive up to $40,000 debt forgiveness per year through this program. Keep in mind that the benefit amount of $40,000 will be subject to 25% income tax. Eligibility​ The applicants should have a written agreement to serve active duty and be enrolled as a student in the final year to get a degree in the health profession or in the final year of the residency program for allopathic, osteopathic, and dental programs. You can check the official website for more detailed information. Application​ The application conditions change depending on whether you are a new accession of the Navy or an active duty medical personnel. In case of new accession, an award letter, lender release form, loan statement, contract, and obligated service matrix are required for application. For active-duty medical personnel, intent email, motivation and loan statements, copies of licensure and fitness reports, etc., should be provided Florida Nursing Loan Forgiveness​ Benefit​ States also have programs to help healthcare professionals. Florida is one of those states as it grants $4,000 loan repayment per service year. It is possible to apply for the loan repayment four times, which means the maximum benefit amount is $16,000. Eligibility​ If you are a Licensed Practical Nurse, Registered Nurse, or Advanced Registered Nurse Practitioner, you can qualify for this student loan forgiveness program. In return for the benefit, the borrowers should serve full time in qualifying facilities. Only the loans incurred to get a nursing education are covered through this state program. Application​ Applicants should fill the application form and send it to the State Education Department by the deadlines. Check the Florida Student Financial Aid website for more information on deadlines. National Institute of Health Loan Repayment Programs​ Benefit​ National Institute of Health (NIH ) provides multiple loan repayment programs to support health professionals in biomedical and biobehavioral research. It is possible to get up to $50,000 loan forgiveness per year, depending on the chosen program. Eligibility​ The eligibility conditions change depending on which program you want to apply to. There are programs called Extramural -research work outside the National Institute of Health, and Intramural- research within the NIH. The applicant’s educational debt should be equal to or more than 20% of the base salary. Application​ You will need an LRP login account to access the portal for NIH forgiveness. You can only apply for the programs when the registration for them is open. NHSC Substance Use Disorder Workforce Loan Repayment Program​ Benefit​ If you are eligible for NHSC Substance Use Disorder (SUB) Workforce Loan Repayment Program (LRP), you can get rid of $75,000 worth of student loans in only three years. In return for the benefit, you have to provide three-year part-time or full-time service. Eligibility​ The eligibility conditions for this program are similar to what we described in the NHSC Loan Repayment program. However, as its name suggests, this program benefits the workforce in Substance Use Disorder Treatment. The qualifying applicants work in facilities with low HPSA scores that otherwise do not qualify for NHSC funding. Application​ In general, it takes around three weeks to collect all necessary documents and complete the application. It is possible to apply and view the status of the application online in the BHW Customer Service Portal. This article was kindly contributed by Student Loans Resolved . They specialize in tackling federal or private student loan debt and assisting graduates from all across the US in reducing their financial burdens. The post Student Loan Forgiveness Programs For Healthcare Professionals appeared first on Student Doctor Network . Continue reading...",2023-10-18T22:05:10-0400,False,1277,0.148983,0.551435,2026-03-23T22:45:31.649731
sdn,1487452,SDN Article: Student Loan Forgiveness Programs For Healthcare Professionals,https://forums.studentdoctor.net/threads/sdn-article-student-loan-forgiveness-programs-for-healthcare-professionals.1487452,d9fb4fc5b89c,2,Samira Valiyeva,"The Student Doctor Network publishes articles weekly. Check out this article or other student loan articles at Student Doctor Network . We never fully understood the effort healthcare professionals put into their services before the COVID-19. These challenging times in the pandemic showcased to us how healthcare professionals make sacrifices – by risking their lives and their loved ones’ lives – to deliver health and safety to a greater number of individuals. In return for their dedicated service, these professionals deserve all types of federal aid programs, including the ones designed for their student debt and student loan forgiveness. Luckily, the government provides multiple options for healthcare professionals to get rid of their student loan burden. Here are seven great student loan forgiveness programs for healthcare professionals: Public Service Loan Forgiveness Nurse Corps Loan Repayment NHSC Loan Repayment Navy Health Professions Loan Repayment Florida Nursing Loan Forgiveness National Institute of Health Loan Repayment Programs NHSC Substance Use Disorder Workforce Loan Repayment Program We’ll go through every one of them, discuss their benefits as well as eligibility requirements in detail. Public Service Loan Forgiveness​ Benefit​ Public Service Loan Forgiveness is one of the federal student aid programs. The borrowers can get rid of 100% of their student loans once they satisfy the eligibility conditions . Eligibility​ Healthcare officials become eligible for forgiveness if they make 120 qualifying payments. These payments should be made on time and in full amount required by Income-Driven Repayment plans. There also exist eligibility conditions such as working at a qualifying workplace. Not all healthcare facilities qualify for this forgiveness program. Additionally, healthcare professionals should work a minimum of 30 hours per week, either full-time or part-time. Lastly, only direct student loans are eligible for debt cancellation. Healthcare professionals with FFEL or Perkins loans should look for alternative options. Application​ Healthcare professionals should fill PSLF form online or on paper and send the form to FedLoan Servicing by mail. Nurse Corps Loan Repayment​ Benefit​ This student loan forgiveness program for healthcare professionals is available to nurses with up to 85% cancellation of the remaining student loan balance. In the first two-year service period, the applicants get rid of 60% of their outstanding debt. If they agree to a third-year service in an eligible facility, they get additional 25% debt forgiveness. Eligibility​ If you are a Registered Nurse, Advanced Practice Registered Nurse, or Nurse Faculty member, you might be eligible for this repayment program. Your service should be full-time, and you should have a degree from an accredited school. In return for the repayment, the applicants need to agree to serve in a Critical Shortage Facility (CSR) or in a nursing school for two years. Application​ Applications to this forgiveness program are possible through a digital platform called Customer Service Portal in the HRSA Bureau of Health Workforce website. You will need to submit supporting and additional documents to the online application . The application form involves information regarding employment, education, loan amount, etc. NHSC Loan Repayment​ Benefit​ Healthcare professionals can also receive funds to pay their open student loan balances through the NHSC Loan Repayment program. This student aid program is available in return for a service agreement. If the applicants agree to serve full-time for 2-years, they will get $50,000 forgiveness. Meanwhile, part-time healthcare professionals can only get $25,000 in exchange for a 2-year service. Eligibility​ Healthcare professionals in areas like medical, dental , and mental/behavioral can qualify for this benefit if they are trained and licensed. They should be U.S citizens or nationals as a provider in the following: Medicare Medicaid State Children’s Health Insurance program In return for the benefit, the applicants should provide two-year service either full or part-time. Only the service in NHSC eligible facilities will qualify. Application​ It is possible to apply online for NHSC Loan Repayment on the official website. Online application involves details like employment, loan information, etc. Supporting and additional documents should be attached to the application. Navy Health Professions Loan Repayment​ Benefit​ This student loan forgiveness program covers new accession to Navy or active duty healthcare personnel in the Navy. It is possible to receive up to $40,000 debt forgiveness per year through this program. Keep in mind that the benefit amount of $40,000 will be subject to 25% income tax. Eligibility​ The applicants should have a written agreement to serve active duty and be enrolled as a student in the final year to get a degree in the health profession or in the final year of the residency program for allopathic, osteopathic, and dental programs. You can check the official website for more detailed information. Application​ The application conditions change depending on whether you are a new accession of the Navy or an active duty medical personnel. In case of new accession, an award letter, lender release form, loan statement, contract, and obligated service matrix are required for application. For active-duty medical personnel, intent email, motivation and loan statements, copies of licensure and fitness reports, etc., should be provided Florida Nursing Loan Forgiveness​ Benefit​ States also have programs to help healthcare professionals. Florida is one of those states as it grants $4,000 loan repayment per service year. It is possible to apply for the loan repayment four times, which means the maximum benefit amount is $16,000. Eligibility​ If you are a Licensed Practical Nurse, Registered Nurse, or Advanced Registered Nurse Practitioner, you can qualify for this student loan forgiveness program. In return for the benefit, the borrowers should serve full time in qualifying facilities. Only the loans incurred to get a nursing education are covered through this state program. Application​ Applicants should fill the application form and send it to the State Education Department by the deadlines. Check the Florida Student Financial Aid website for more information on deadlines. National Institute of Health Loan Repayment Programs​ Benefit​ National Institute of Health (NIH ) provides multiple loan repayment programs to support health professionals in biomedical and biobehavioral research. It is possible to get up to $50,000 loan forgiveness per year, depending on the chosen program. Eligibility​ The eligibility conditions change depending on which program you want to apply to. There are programs called Extramural -research work outside the National Institute of Health, and Intramural- research within the NIH. The applicant’s educational debt should be equal to or more than 20% of the base salary. Application​ You will need an LRP login account to access the portal for NIH forgiveness. You can only apply for the programs when the registration for them is open. NHSC Substance Use Disorder Workforce Loan Repayment Program​ Benefit​ If you are eligible for NHSC Substance Use Disorder (SUB) Workforce Loan Repayment Program (LRP), you can get rid of $75,000 worth of student loans in only three years. In return for the benefit, you have to provide three-year part-time or full-time service. Eligibility​ The eligibility conditions for this program are similar to what we described in the NHSC Loan Repayment program. However, as its name suggests, this program benefits the workforce in Substance Use Disorder Treatment. The qualifying applicants work in facilities with low HPSA scores that otherwise do not qualify for NHSC funding. Application​ In general, it takes around three weeks to collect all necessary documents and complete the application. It is possible to apply and view the status of the application online in the BHW Customer Service Portal. This article was kindly contributed by Student Loans Resolved . They specialize in tackling federal or private student loan debt and assisting graduates from all across the US in reducing their financial burdens. The post Student Loan Forgiveness Programs For Healthcare Professionals appeared first on Student Doctor Network . Continue reading...",2023-10-18T22:05:10-0400,False,1277,0.148983,0.551435,2026-03-23T22:45:33.914754
sdn,1487452,SDN Article: Student Loan Forgiveness Programs For Healthcare Professionals,https://forums.studentdoctor.net/threads/sdn-article-student-loan-forgiveness-programs-for-healthcare-professionals.1487452,27f5b45e3c40,3,Samira Valiyeva,"The Student Doctor Network publishes articles weekly. Check out this article or other student loan articles at Student Doctor Network . We never fully understood the effort healthcare professionals put into their services before the COVID-19. These challenging times in the pandemic showcased to us how healthcare professionals make sacrifices – by risking their lives and their loved ones’ lives – to deliver health and safety to a greater number of individuals. In return for their dedicated service, these professionals deserve all types of federal aid programs, including the ones designed for their student debt and student loan forgiveness. Luckily, the government provides multiple options for healthcare professionals to get rid of their student loan burden. Here are seven great student loan forgiveness programs for healthcare professionals: Public Service Loan Forgiveness Nurse Corps Loan Repayment NHSC Loan Repayment Navy Health Professions Loan Repayment Florida Nursing Loan Forgiveness National Institute of Health Loan Repayment Programs NHSC Substance Use Disorder Workforce Loan Repayment Program We’ll go through every one of them, discuss their benefits as well as eligibility requirements in detail. Public Service Loan Forgiveness​ Benefit​ Public Service Loan Forgiveness is one of the federal student aid programs. The borrowers can get rid of 100% of their student loans once they satisfy the eligibility conditions . Eligibility​ Healthcare officials become eligible for forgiveness if they make 120 qualifying payments. These payments should be made on time and in full amount required by Income-Driven Repayment plans. There also exist eligibility conditions such as working at a qualifying workplace. Not all healthcare facilities qualify for this forgiveness program. Additionally, healthcare professionals should work a minimum of 30 hours per week, either full-time or part-time. Lastly, only direct student loans are eligible for debt cancellation. Healthcare professionals with FFEL or Perkins loans should look for alternative options. Application​ Healthcare professionals should fill PSLF form online or on paper and send the form to FedLoan Servicing by mail. Nurse Corps Loan Repayment​ Benefit​ This student loan forgiveness program for healthcare professionals is available to nurses with up to 85% cancellation of the remaining student loan balance. In the first two-year service period, the applicants get rid of 60% of their outstanding debt. If they agree to a third-year service in an eligible facility, they get additional 25% debt forgiveness. Eligibility​ If you are a Registered Nurse, Advanced Practice Registered Nurse, or Nurse Faculty member, you might be eligible for this repayment program. Your service should be full-time, and you should have a degree from an accredited school. In return for the repayment, the applicants need to agree to serve in a Critical Shortage Facility (CSR) or in a nursing school for two years. Application​ Applications to this forgiveness program are possible through a digital platform called Customer Service Portal in the HRSA Bureau of Health Workforce website. You will need to submit supporting and additional documents to the online application . The application form involves information regarding employment, education, loan amount, etc. NHSC Loan Repayment​ Benefit​ Healthcare professionals can also receive funds to pay their open student loan balances through the NHSC Loan Repayment program. This student aid program is available in return for a service agreement. If the applicants agree to serve full-time for 2-years, they will get $50,000 forgiveness. Meanwhile, part-time healthcare professionals can only get $25,000 in exchange for a 2-year service. Eligibility​ Healthcare professionals in areas like medical, dental , and mental/behavioral can qualify for this benefit if they are trained and licensed. They should be U.S citizens or nationals as a provider in the following: Medicare Medicaid State Children’s Health Insurance program In return for the benefit, the applicants should provide two-year service either full or part-time. Only the service in NHSC eligible facilities will qualify. Application​ It is possible to apply online for NHSC Loan Repayment on the official website. Online application involves details like employment, loan information, etc. Supporting and additional documents should be attached to the application. Navy Health Professions Loan Repayment​ Benefit​ This student loan forgiveness program covers new accession to Navy or active duty healthcare personnel in the Navy. It is possible to receive up to $40,000 debt forgiveness per year through this program. Keep in mind that the benefit amount of $40,000 will be subject to 25% income tax. Eligibility​ The applicants should have a written agreement to serve active duty and be enrolled as a student in the final year to get a degree in the health profession or in the final year of the residency program for allopathic, osteopathic, and dental programs. You can check the official website for more detailed information. Application​ The application conditions change depending on whether you are a new accession of the Navy or an active duty medical personnel. In case of new accession, an award letter, lender release form, loan statement, contract, and obligated service matrix are required for application. For active-duty medical personnel, intent email, motivation and loan statements, copies of licensure and fitness reports, etc., should be provided Florida Nursing Loan Forgiveness​ Benefit​ States also have programs to help healthcare professionals. Florida is one of those states as it grants $4,000 loan repayment per service year. It is possible to apply for the loan repayment four times, which means the maximum benefit amount is $16,000. Eligibility​ If you are a Licensed Practical Nurse, Registered Nurse, or Advanced Registered Nurse Practitioner, you can qualify for this student loan forgiveness program. In return for the benefit, the borrowers should serve full time in qualifying facilities. Only the loans incurred to get a nursing education are covered through this state program. Application​ Applicants should fill the application form and send it to the State Education Department by the deadlines. Check the Florida Student Financial Aid website for more information on deadlines. National Institute of Health Loan Repayment Programs​ Benefit​ National Institute of Health (NIH ) provides multiple loan repayment programs to support health professionals in biomedical and biobehavioral research. It is possible to get up to $50,000 loan forgiveness per year, depending on the chosen program. Eligibility​ The eligibility conditions change depending on which program you want to apply to. There are programs called Extramural -research work outside the National Institute of Health, and Intramural- research within the NIH. The applicant’s educational debt should be equal to or more than 20% of the base salary. Application​ You will need an LRP login account to access the portal for NIH forgiveness. You can only apply for the programs when the registration for them is open. NHSC Substance Use Disorder Workforce Loan Repayment Program​ Benefit​ If you are eligible for NHSC Substance Use Disorder (SUB) Workforce Loan Repayment Program (LRP), you can get rid of $75,000 worth of student loans in only three years. In return for the benefit, you have to provide three-year part-time or full-time service. Eligibility​ The eligibility conditions for this program are similar to what we described in the NHSC Loan Repayment program. However, as its name suggests, this program benefits the workforce in Substance Use Disorder Treatment. The qualifying applicants work in facilities with low HPSA scores that otherwise do not qualify for NHSC funding. Application​ In general, it takes around three weeks to collect all necessary documents and complete the application. It is possible to apply and view the status of the application online in the BHW Customer Service Portal. This article was kindly contributed by Student Loans Resolved . They specialize in tackling federal or private student loan debt and assisting graduates from all across the US in reducing their financial burdens. The post Student Loan Forgiveness Programs For Healthcare Professionals appeared first on Student Doctor Network . Continue reading...",2023-10-18T22:05:10-0400,False,1277,0.148983,0.551435,2026-03-23T22:45:36.163337
sdn,1487452,SDN Article: Student Loan Forgiveness Programs For Healthcare Professionals,https://forums.studentdoctor.net/threads/sdn-article-student-loan-forgiveness-programs-for-healthcare-professionals.1487452,3e2d354bb3ff,4,Samira Valiyeva,"The Student Doctor Network publishes articles weekly. Check out this article or other student loan articles at Student Doctor Network . We never fully understood the effort healthcare professionals put into their services before the COVID-19. These challenging times in the pandemic showcased to us how healthcare professionals make sacrifices – by risking their lives and their loved ones’ lives – to deliver health and safety to a greater number of individuals. In return for their dedicated service, these professionals deserve all types of federal aid programs, including the ones designed for their student debt and student loan forgiveness. Luckily, the government provides multiple options for healthcare professionals to get rid of their student loan burden. Here are seven great student loan forgiveness programs for healthcare professionals: Public Service Loan Forgiveness Nurse Corps Loan Repayment NHSC Loan Repayment Navy Health Professions Loan Repayment Florida Nursing Loan Forgiveness National Institute of Health Loan Repayment Programs NHSC Substance Use Disorder Workforce Loan Repayment Program We’ll go through every one of them, discuss their benefits as well as eligibility requirements in detail. Public Service Loan Forgiveness​ Benefit​ Public Service Loan Forgiveness is one of the federal student aid programs. The borrowers can get rid of 100% of their student loans once they satisfy the eligibility conditions . Eligibility​ Healthcare officials become eligible for forgiveness if they make 120 qualifying payments. These payments should be made on time and in full amount required by Income-Driven Repayment plans. There also exist eligibility conditions such as working at a qualifying workplace. Not all healthcare facilities qualify for this forgiveness program. Additionally, healthcare professionals should work a minimum of 30 hours per week, either full-time or part-time. Lastly, only direct student loans are eligible for debt cancellation. Healthcare professionals with FFEL or Perkins loans should look for alternative options. Application​ Healthcare professionals should fill PSLF form online or on paper and send the form to FedLoan Servicing by mail. Nurse Corps Loan Repayment​ Benefit​ This student loan forgiveness program for healthcare professionals is available to nurses with up to 85% cancellation of the remaining student loan balance. In the first two-year service period, the applicants get rid of 60% of their outstanding debt. If they agree to a third-year service in an eligible facility, they get additional 25% debt forgiveness. Eligibility​ If you are a Registered Nurse, Advanced Practice Registered Nurse, or Nurse Faculty member, you might be eligible for this repayment program. Your service should be full-time, and you should have a degree from an accredited school. In return for the repayment, the applicants need to agree to serve in a Critical Shortage Facility (CSR) or in a nursing school for two years. Application​ Applications to this forgiveness program are possible through a digital platform called Customer Service Portal in the HRSA Bureau of Health Workforce website. You will need to submit supporting and additional documents to the online application . The application form involves information regarding employment, education, loan amount, etc. NHSC Loan Repayment​ Benefit​ Healthcare professionals can also receive funds to pay their open student loan balances through the NHSC Loan Repayment program. This student aid program is available in return for a service agreement. If the applicants agree to serve full-time for 2-years, they will get $50,000 forgiveness. Meanwhile, part-time healthcare professionals can only get $25,000 in exchange for a 2-year service. Eligibility​ Healthcare professionals in areas like medical, dental , and mental/behavioral can qualify for this benefit if they are trained and licensed. They should be U.S citizens or nationals as a provider in the following: Medicare Medicaid State Children’s Health Insurance program In return for the benefit, the applicants should provide two-year service either full or part-time. Only the service in NHSC eligible facilities will qualify. Application​ It is possible to apply online for NHSC Loan Repayment on the official website. Online application involves details like employment, loan information, etc. Supporting and additional documents should be attached to the application. Navy Health Professions Loan Repayment​ Benefit​ This student loan forgiveness program covers new accession to Navy or active duty healthcare personnel in the Navy. It is possible to receive up to $40,000 debt forgiveness per year through this program. Keep in mind that the benefit amount of $40,000 will be subject to 25% income tax. Eligibility​ The applicants should have a written agreement to serve active duty and be enrolled as a student in the final year to get a degree in the health profession or in the final year of the residency program for allopathic, osteopathic, and dental programs. You can check the official website for more detailed information. Application​ The application conditions change depending on whether you are a new accession of the Navy or an active duty medical personnel. In case of new accession, an award letter, lender release form, loan statement, contract, and obligated service matrix are required for application. For active-duty medical personnel, intent email, motivation and loan statements, copies of licensure and fitness reports, etc., should be provided Florida Nursing Loan Forgiveness​ Benefit​ States also have programs to help healthcare professionals. Florida is one of those states as it grants $4,000 loan repayment per service year. It is possible to apply for the loan repayment four times, which means the maximum benefit amount is $16,000. Eligibility​ If you are a Licensed Practical Nurse, Registered Nurse, or Advanced Registered Nurse Practitioner, you can qualify for this student loan forgiveness program. In return for the benefit, the borrowers should serve full time in qualifying facilities. Only the loans incurred to get a nursing education are covered through this state program. Application​ Applicants should fill the application form and send it to the State Education Department by the deadlines. Check the Florida Student Financial Aid website for more information on deadlines. National Institute of Health Loan Repayment Programs​ Benefit​ National Institute of Health (NIH ) provides multiple loan repayment programs to support health professionals in biomedical and biobehavioral research. It is possible to get up to $50,000 loan forgiveness per year, depending on the chosen program. Eligibility​ The eligibility conditions change depending on which program you want to apply to. There are programs called Extramural -research work outside the National Institute of Health, and Intramural- research within the NIH. The applicant’s educational debt should be equal to or more than 20% of the base salary. Application​ You will need an LRP login account to access the portal for NIH forgiveness. You can only apply for the programs when the registration for them is open. NHSC Substance Use Disorder Workforce Loan Repayment Program​ Benefit​ If you are eligible for NHSC Substance Use Disorder (SUB) Workforce Loan Repayment Program (LRP), you can get rid of $75,000 worth of student loans in only three years. In return for the benefit, you have to provide three-year part-time or full-time service. Eligibility​ The eligibility conditions for this program are similar to what we described in the NHSC Loan Repayment program. However, as its name suggests, this program benefits the workforce in Substance Use Disorder Treatment. The qualifying applicants work in facilities with low HPSA scores that otherwise do not qualify for NHSC funding. Application​ In general, it takes around three weeks to collect all necessary documents and complete the application. It is possible to apply and view the status of the application online in the BHW Customer Service Portal. This article was kindly contributed by Student Loans Resolved . They specialize in tackling federal or private student loan debt and assisting graduates from all across the US in reducing their financial burdens. The post Student Loan Forgiveness Programs For Healthcare Professionals appeared first on Student Doctor Network . Continue reading...",2023-10-18T22:05:10-0400,False,1277,0.148983,0.551435,2026-03-23T22:45:38.422380
sdn,1483286,SAVE - A New Income Driven Repayment (IDR) Plan,https://forums.studentdoctor.net/threads/save-a-new-income-driven-repayment-idr-plan.1483286,ebc31c8c224e,0,SigmaFS,"SAVE - Saving on a Valuable Education A new Income Driven Repayment (IDR) plan will become available - SAVE (Saving on A Valuable Education) which is replacing REPAYE. There are couple of significant benefits to the SAVE plan: A) 100% interest subsidy on any interest accrual (ie, if your payments are not sufficient to cover the interest, you will NOT be responsible for any interest accrual). B) You can exclude spouse's income, if married, by filing separately. C) The income exclusion for payment calculation is increasing from 150% to 225% of the poverty income level. Please note that if you're currently in REPAYE the transition to SAVE should be automatic. For addition information, visit idrfactsheetfinal.pdf (ed.gov)",2023-07-04T09:42:27-0400,True,116,0.226894,0.488258,2026-03-23T22:45:40.686643
sdn,1483286,SAVE - A New Income Driven Repayment (IDR) Plan,https://forums.studentdoctor.net/threads/save-a-new-income-driven-repayment-idr-plan.1483286,c5350746ffa2,1,SigmaFS,"SAVE - Saving on a Valuable Education A new Income Driven Repayment (IDR) plan will become available - SAVE (Saving on A Valuable Education) which is replacing REPAYE. There are couple of significant benefits to the SAVE plan: A) 100% interest subsidy on any interest accrual (ie, if your payments are not sufficient to cover the interest, you will NOT be responsible for any interest accrual). B) You can exclude spouse's income, if married, by filing separately. C) The income exclusion for payment calculation is increasing from 150% to 225% of the poverty income level. Please note that if you're currently in REPAYE the transition to SAVE should be automatic. For addition information, visit idrfactsheetfinal.pdf (ed.gov)",2023-07-04T09:42:27-0400,False,116,0.226894,0.488258,2026-03-23T22:45:42.931026
sdn,1483286,SAVE - A New Income Driven Repayment (IDR) Plan,https://forums.studentdoctor.net/threads/save-a-new-income-driven-repayment-idr-plan.1483286,7aea49aa625f,2,SigmaFS,"SAVE - Saving on a Valuable Education A new Income Driven Repayment (IDR) plan will become available - SAVE (Saving on A Valuable Education) which is replacing REPAYE. There are couple of significant benefits to the SAVE plan: A) 100% interest subsidy on any interest accrual (ie, if your payments are not sufficient to cover the interest, you will NOT be responsible for any interest accrual). B) You can exclude spouse's income, if married, by filing separately. C) The income exclusion for payment calculation is increasing from 150% to 225% of the poverty income level. Please note that if you're currently in REPAYE the transition to SAVE should be automatic. For addition information, visit idrfactsheetfinal.pdf (ed.gov)",2023-07-04T09:42:27-0400,False,116,0.226894,0.488258,2026-03-23T22:45:45.177880
sdn,1483286,SAVE - A New Income Driven Repayment (IDR) Plan,https://forums.studentdoctor.net/threads/save-a-new-income-driven-repayment-idr-plan.1483286,eb74129a8ff5,3,SigmaFS,"SAVE - Saving on a Valuable Education A new Income Driven Repayment (IDR) plan will become available - SAVE (Saving on A Valuable Education) which is replacing REPAYE. There are couple of significant benefits to the SAVE plan: A) 100% interest subsidy on any interest accrual (ie, if your payments are not sufficient to cover the interest, you will NOT be responsible for any interest accrual). B) You can exclude spouse's income, if married, by filing separately. C) The income exclusion for payment calculation is increasing from 150% to 225% of the poverty income level. Please note that if you're currently in REPAYE the transition to SAVE should be automatic. For addition information, visit idrfactsheetfinal.pdf (ed.gov)",2023-07-04T09:42:27-0400,False,116,0.226894,0.488258,2026-03-23T22:45:47.433515
sdn,1483286,SAVE - A New Income Driven Repayment (IDR) Plan,https://forums.studentdoctor.net/threads/save-a-new-income-driven-repayment-idr-plan.1483286,381998c1fc33,4,SigmaFS,"SAVE - Saving on a Valuable Education A new Income Driven Repayment (IDR) plan will become available - SAVE (Saving on A Valuable Education) which is replacing REPAYE. There are couple of significant benefits to the SAVE plan: A) 100% interest subsidy on any interest accrual (ie, if your payments are not sufficient to cover the interest, you will NOT be responsible for any interest accrual). B) You can exclude spouse's income, if married, by filing separately. C) The income exclusion for payment calculation is increasing from 150% to 225% of the poverty income level. Please note that if you're currently in REPAYE the transition to SAVE should be automatic. For addition information, visit idrfactsheetfinal.pdf (ed.gov)",2023-07-04T09:42:27-0400,False,116,0.226894,0.488258,2026-03-23T22:45:49.895158
