subreddit,id,title,selftext,created_utc,permalink,author,url,score,profession,combined_text,polarity,subjectivity,sentiment,processed_text,dominant_topic,topic_strength
PSLF,1o1k1nn,"Mohela, StudentAid, Nelnet","Any difference between Nelnet, StudentAid, and Mohela when submitting a buyback request? I was told to change out of Mohela a while ago but people still mention them on here. How long has it taken for requesting a buyback while in the SAVE plan to be approved ?",1759950939.0,/r/PSLF/comments/1o1k1nn/mohela_studentaid_nelnet/,RidingtheWave07,https://www.reddit.com/r/PSLF/comments/1o1k1nn/mohela_studentaid_nelnet/,1,medical,"Mohela, StudentAid, Nelnet Any difference between Nelnet, StudentAid, and Mohela when submitting a buyback request? I was told to change out of Mohela a while ago but people still mention them on here. How long has it taken for requesting a buyback while in the SAVE plan to be approved ?",-0.05,0.4,neutral,mohela studentaid nelnet difference nelnet studentaid mohela submitting buyback request told change mohela ago people still mention long taken requesting buyback save plan approved,1,0.9318980710053304
PSLF,1o1jy0m,FSA Balance 0 now - PSLF Complete,"Green banners 08/21

Golden Letter 09/24

DOn't know when, but today my FSA Balance is 0.

Waiting for credit report update.",1759950715.0,/r/PSLF/comments/1o1jy0m/fsa_balance_0_now_pslf_complete/,chappan-tikli,https://www.reddit.com/r/PSLF/comments/1o1jy0m/fsa_balance_0_now_pslf_complete/,2,medical,"FSA Balance 0 now - PSLF Complete Green banners 08/21

Golden Letter 09/24

DOn't know when, but today my FSA Balance is 0.

Waiting for credit report update.",0.0666666666666666,0.3999999999999999,neutral,fsa balance complete green banner golden letter today fsa balance waiting credit report update,2,0.864933245783525
PSLF,1o1jfde,WTF is going on with FSA PSLF payment counts???,"I am missing June 2025. I didn’t make a payment that month because I was in SAVE forbearance, but the month doesn’t show up as “Ineligible,” it’s just completely missing. I know a lot of people have had this problem.

I got out of forbearance and made my first payment in August, which shows up in the payment history, no problem. 

Now, my September 2025 payment is not there. I made it more than 10 days ago. Does it usually take that long to post to FSA? It shows up on Mohela’s count. Am I missing something?",1759949592.0,/r/PSLF/comments/1o1jfde/wtf_is_going_on_with_fsa_pslf_payment_counts/,Infamous_Pudding5165,https://www.reddit.com/r/PSLF/comments/1o1jfde/wtf_is_going_on_with_fsa_pslf_payment_counts/,1,medical,"WTF is going on with FSA PSLF payment counts??? I am missing June 2025. I didn’t make a payment that month because I was in SAVE forbearance, but the month doesn’t show up as “Ineligible,” it’s just completely missing. I know a lot of people have had this problem.

I got out of forbearance and made my first payment in August, which shows up in the payment history, no problem. 

Now, my September 2025 payment is not there. I made it more than 10 days ago. Does it usually take that long to post to FSA? It shows up on Mohela’s count. Am I missing something?",-0.0812499999999999,0.3291666666666666,neutral,wtf fsa count missing june didnt make month save forbearance month doesnt show ineligible completely missing lot people problem got forbearance made first august show history problem september made day ago usually take long fsa show mohelas count missing something,2,0.9660850634720266
PSLF,1o1j7kq,Non-qualifying payments due to employment certification,"Just wanted to ask here to see if anyone has had a similar problem, because FSA was unhelpful and said I would need to wait 45 business days for a reconsideration. 

I graduated school in May, consolidated my loans, and entered PAYE so I could start with $0 payments for my first year of PSLF. I went through the process of employment certification, and my first payment in July qualified. I did not think there would be any issues going forward since I had auto pay set up, but now I checked to make sure the payments had counted and my August and September payments both do not have employer certification. I was wondering if anyone else had this issue and knew of any solutions, because it seems a little ridiculous that I have to wait over 2 months for an answer from FSA.",1759949113.0,/r/PSLF/comments/1o1j7kq/nonqualifying_payments_due_to_employment/,playoffpetey,https://www.reddit.com/r/PSLF/comments/1o1j7kq/nonqualifying_payments_due_to_employment/,2,medical,"Non-qualifying payments due to employment certification Just wanted to ask here to see if anyone has had a similar problem, because FSA was unhelpful and said I would need to wait 45 business days for a reconsideration. 

I graduated school in May, consolidated my loans, and entered PAYE so I could start with $0 payments for my first year of PSLF. I went through the process of employment certification, and my first payment in July qualified. I did not think there would be any issues going forward since I had auto pay set up, but now I checked to make sure the payments had counted and my August and September payments both do not have employer certification. I was wondering if anyone else had this issue and knew of any solutions, because it seems a little ridiculous that I have to wait over 2 months for an answer from FSA.",0.050595238095238,0.5472222222222223,neutral,nonqualifying due employment certification wanted ask see similar problem fsa unhelpful said wait business day reconsideration graduated may consolidated entered paye start first went process employment certification first july qualified think issue forward since auto pay set checked make sure counted august september employer certification wondering else issue knew solution seems little ridiculous wait month answer fsa,0,0.9543685488924805
PSLF,1o1j1mk,"On save, Forbearance Ending","Hi everyone

I’ve been stuck on Save for months. I submitted for a new IDR plan a couple months ago to get back on track with PSLF payments but it hasn’t processed yet. I’ve been in forbearance during this time, but today received and email saying “The deferment or forbearance to postpone payments on the loan(s) listed below will end on 11/03” with my previous Save plan amount set to be taken out starting next month? Anyone else get this? Not really sure what to do considering these Save plan payments aren’t counting for anything ",1759948746.0,/r/PSLF/comments/1o1j1mk/on_save_forbearance_ending/,tumble_weed_22,https://www.reddit.com/r/PSLF/comments/1o1j1mk/on_save_forbearance_ending/,1,medical,"On save, Forbearance Ending Hi everyone

I’ve been stuck on Save for months. I submitted for a new IDR plan a couple months ago to get back on track with PSLF payments but it hasn’t processed yet. I’ve been in forbearance during this time, but today received and email saying “The deferment or forbearance to postpone payments on the loan(s) listed below will end on 11/03” with my previous Save plan amount set to be taken out starting next month? Anyone else get this? Not really sure what to do considering these Save plan payments aren’t counting for anything ",-0.0467171717171717,0.2683501683501683,neutral,save forbearance ending everyone stuck save month submitted new idr plan couple month ago back track hasnt processed yet forbearance today received email saying deferment forbearance postpone listed end previous save plan amount set taken starting next month else really sure considering save plan arent counting anything,3,0.9672436924359561
PSLF,1o1i5vo,PSLF oops...,"In my excitement over hitting 120 payments, I did not notice 4 of my loans had not hit the magical 120 payment mark before submitting the application.

Now, 6 of my loans have the magical green banner with the notification I have zero obligation on those loans. 4 do not. Why? I don't know.

Randomly, I just received notification that my 4 other loans are in an education deferment (how do they know I'm taking masters courses?) I did request a forebearance. 

Anyway. I'm still planning on making payments out of an abundance of caution -- I just want this gone and done.

Here's to hoping that they still forgive those 4 loans? Anybody else experience anything similar? I could cry.

",1759947069.0,/r/PSLF/comments/1o1i5vo/pslf_oops/,West_Arrival852,https://www.reddit.com/r/PSLF/comments/1o1i5vo/pslf_oops/,2,medical,"PSLF oops... In my excitement over hitting 120 payments, I did not notice 4 of my loans had not hit the magical 120 payment mark before submitting the application.

Now, 6 of my loans have the magical green banner with the notification I have zero obligation on those loans. 4 do not. Why? I don't know.

Randomly, I just received notification that my 4 other loans are in an education deferment (how do they know I'm taking masters courses?) I did request a forebearance. 

Anyway. I'm still planning on making payments out of an abundance of caution -- I just want this gone and done.

Here's to hoping that they still forgive those 4 loans? Anybody else experience anything similar? I could cry.

",0.0291666666666666,0.5958333333333333,neutral,oops excitement hitting notice hit magical mark submitting application magical green banner notification zero obligation randomly received notification education deferment taking master course request forebearance anyway still planning making abundance caution want gone done here hoping still forgive anybody else experience anything similar cry,2,0.8976542772696088
PSLF,1o1g8i6,PSLF Fall 2025 question,"Hello all- After a very arduous journey thru PSLF I finally got my green banners!! Can anyone say how long it has been taking recently to get that Golden Ketter? I am so anxious over all of this process.
Thanks in advance for your answers.",1759942886.0,/r/PSLF/comments/1o1g8i6/pslf_fall_2025_question/,Fickle_Love_5096,https://www.reddit.com/r/PSLF/comments/1o1g8i6/pslf_fall_2025_question/,1,medical,"PSLF Fall 2025 question Hello all- After a very arduous journey thru PSLF I finally got my green banners!! Can anyone say how long it has been taking recently to get that Golden Ketter? I am so anxious over all of this process.
Thanks in advance for your answers.",-0.0709375,0.5812499999999999,neutral,fall hello arduous journey thru finally got green banner say long taking recently golden ketter anxious process thanks advance answer,2,0.8638138378243979
PSLF,1o1fb1s,IDR switch finally processed after I submitted for buyback,"I reached 120 months of qualifying employment and applied for buyback yesterday. Today I received a letter from Mohela that my IDR plan switch (from SAVE) request that I submitted before the inauguration in Jan '25 was finally processed. 

Do you think these are related, or just a coincidence that they finally processed my IDR the day after I submitted buyback?",1759940848.0,/r/PSLF/comments/1o1fb1s/idr_switch_finally_processed_after_i_submitted/,ControllingImagesPHC,https://www.reddit.com/r/PSLF/comments/1o1fb1s/idr_switch_finally_processed_after_i_submitted/,2,medical,"IDR switch finally processed after I submitted for buyback I reached 120 months of qualifying employment and applied for buyback yesterday. Today I received a letter from Mohela that my IDR plan switch (from SAVE) request that I submitted before the inauguration in Jan '25 was finally processed. 

Do you think these are related, or just a coincidence that they finally processed my IDR the day after I submitted buyback?",0.0,0.85,neutral,idr switch finally processed submitted buyback reached month qualifying employment applied buyback yesterday today received letter mohela idr plan switch save request submitted inauguration jan finally processed think related coincidence finally processed idr day submitted buyback,3,0.7775503417712203
PSLF,1o1f8zk,New PAYE repayment falsely low.,"I switched from SAVE to PAYE to start getting qualifying months. 

My income decreased significantly due to an illness so when I applied for PAYE, I used the paystubs method. 

My application got approved and I was shocked to see my payments be $0. Both aidvantage and studentaid.gov have me as successfully in PAYE now. 

My payments should not be $0, our family income is still relatively high. 


Aidvantage offers a “printable account information” which shows 0$ payments for the next 11 months then “121 months @ $xxx” which I believe is the right amount per the fsa calculation. 

Would you reach out to aidvantage to see why I have 11 months at $0 or just don’t ask questions and be grateful….
",1759940718.0,/r/PSLF/comments/1o1f8zk/new_paye_repayment_falsely_low/,Zelda0310,https://www.reddit.com/r/PSLF/comments/1o1f8zk/new_paye_repayment_falsely_low/,4,medical,"New PAYE repayment falsely low. I switched from SAVE to PAYE to start getting qualifying months. 

My income decreased significantly due to an illness so when I applied for PAYE, I used the paystubs method. 

My application got approved and I was shocked to see my payments be $0. Both aidvantage and studentaid.gov have me as successfully in PAYE now. 

My payments should not be $0, our family income is still relatively high. 


Aidvantage offers a “printable account information” which shows 0$ payments for the next 11 months then “121 months @ $xxx” which I believe is the right amount per the fsa calculation. 

Would you reach out to aidvantage to see why I have 11 months at $0 or just don’t ask questions and be grateful….
",0.0207077922077922,0.465525974025974,neutral,new paye repayment falsely low switched save paye start getting qualifying month income decreased significantly due illness applied paye used paystubs method application got approved shocked see aidvantage studentaidgov successfully paye family income still relatively high aidvantage offer printable account information show next month month xxx believe right amount per fsa calculation reach aidvantage see month ask question grateful,0,0.6897909338417846
PSLF,1o1f5rg,Application Timing Question,"Hello r/PSLF! The autopay for my 120th payment just went through yesterday. Usually I wait about a week after a payment to submit my ECF to give FSA more time to update, but should I go ahead and file my application using the PSLF help tool immediately? Wait a week? Longer? Any advice is appreciated!",1759940517.0,/r/PSLF/comments/1o1f5rg/application_timing_question/,BonecrusherEsq,https://www.reddit.com/r/PSLF/comments/1o1f5rg/application_timing_question/,3,medical,"Application Timing Question Hello r/PSLF! The autopay for my 120th payment just went through yesterday. Usually I wait about a week after a payment to submit my ECF to give FSA more time to update, but should I go ahead and file my application using the PSLF help tool immediately? Wait a week? Longer? Any advice is appreciated!",0.1666666666666666,0.2833333333333333,positive,application timing hello rpslf autopay went yesterday usually wait week submit ecf give fsa update ahead file application using tool immediately wait week longer advice appreciated,2,0.796477934336736
PSLF,1o1d8jp,"Reached 120 months of qualifying employment, but July 2025 is missing","I've been in the SAVE forbearance for months and just reached 120 months of qualifying employment (with 106/120 actual, qualifying payments to date). I submitted an ECF yesterday, and it was already processed. My next step is to submit a buyback request, but July 2025 is completely missing from my PSLF Tracking Tool on the Student Aid site. 

Do I need to try and get this resolved *before* I submit the buyback request? Or can I just submit the buyback request now since I have the qualifying months of employment? 

Thanks in advance for any help/insight you can offer me here. ",1759936341.0,/r/PSLF/comments/1o1d8jp/reached_120_months_of_qualifying_employment_but/,Prudent-Property8476,https://www.reddit.com/r/PSLF/comments/1o1d8jp/reached_120_months_of_qualifying_employment_but/,4,medical,"Reached 120 months of qualifying employment, but July 2025 is missing I've been in the SAVE forbearance for months and just reached 120 months of qualifying employment (with 106/120 actual, qualifying payments to date). I submitted an ECF yesterday, and it was already processed. My next step is to submit a buyback request, but July 2025 is completely missing from my PSLF Tracking Tool on the Student Aid site. 

Do I need to try and get this resolved *before* I submit the buyback request? Or can I just submit the buyback request now since I have the qualifying months of employment? 

Thanks in advance for any help/insight you can offer me here. ",-0.04,0.08,neutral,reached month qualifying employment july missing save forbearance month reached month qualifying employment actual qualifying date submitted ecf yesterday already processed next step submit buyback request july completely missing tracking tool aid site try resolved submit buyback request submit buyback request since qualifying month employment thanks advance helpinsight offer,3,0.7554734898636706
PSLF,1o1bk38,"June 2025 payment fix isn't coming, is it?","Now at 117/120. Payment #117 (September 2025) was just added to the FSA dashboard count.

However, when I go into the FSA payment history, everything is there except June 2025. If June 2025 was there, I'd be at 118/120.

First we heard that June 2025 would be fixed by late September. Still nothing. I'm never going to get credit for that payment, am I?",1759932607.0,/r/PSLF/comments/1o1bk38/june_2025_payment_fix_isnt_coming_is_it/,JimEJawn,https://www.reddit.com/r/PSLF/comments/1o1bk38/june_2025_payment_fix_isnt_coming_is_it/,4,medical,"June 2025 payment fix isn't coming, is it? Now at 117/120. Payment #117 (September 2025) was just added to the FSA dashboard count.

However, when I go into the FSA payment history, everything is there except June 2025. If June 2025 was there, I'd be at 118/120.

First we heard that June 2025 would be fixed by late September. Still nothing. I'm never going to get credit for that payment, am I?",0.0166666666666666,0.3777777777777777,neutral,june fix isnt coming september added fsa dashboard count however fsa history everything except june june first heard june fixed late september still nothing never credit,2,0.885093334760795
PSLF,1o1ahpu,Student Loans off credit report,"Got my FSA golden letter on 8/5/25 &amp; have been monitoring my credit report weekly, and today my student loans are off of my credit report. I’ve heard people who have had substantial student debt say their credit scores have dropped after forgiveness &amp; I was concerned because I had 208k, but my score went up 5 points! Thankful this is over! For everyone working towards forgiveness, stay diligent! Your day is coming! 

Timeline:

Green banners: 6/5

FSA Golden Letter: 8/5

Zeroed out on Aidvantage: 8/6

Aidvantage Golden letter: 8/7

Zeroed on FSA: 8/12.

Refund check: 9/10

Loans off credit report: 10/8",1759930052.0,/r/PSLF/comments/1o1ahpu/student_loans_off_credit_report/,Parking-Phone4238,https://www.reddit.com/r/PSLF/comments/1o1ahpu/student_loans_off_credit_report/,9,medical,"Student Loans off credit report Got my FSA golden letter on 8/5/25 &amp; have been monitoring my credit report weekly, and today my student loans are off of my credit report. I’ve heard people who have had substantial student debt say their credit scores have dropped after forgiveness &amp; I was concerned because I had 208k, but my score went up 5 points! Thankful this is over! For everyone working towards forgiveness, stay diligent! Your day is coming! 

Timeline:

Green banners: 6/5

FSA Golden Letter: 8/5

Zeroed out on Aidvantage: 8/6

Aidvantage Golden letter: 8/7

Zeroed on FSA: 8/12.

Refund check: 9/10

Loans off credit report: 10/8",0.28310546875,0.45,positive,credit report got fsa golden letter amp monitoring credit report weekly today credit report heard people substantial say credit score dropped amp concerned score went point thankful everyone working towards stay diligent day coming timeline green banner fsa golden letter zeroed aidvantage aidvantage golden letter zeroed fsa refund check credit report,2,0.9496721561322331
PSLF,1o1a35v,Pslf 120th payment,My last payment is due on October 21st…can I pay that now or is it too early? I just want to make sure it counts but also be done…,1759929053.0,/r/PSLF/comments/1o1a35v/pslf_120th_payment/,meggity1,https://www.reddit.com/r/PSLF/comments/1o1a35v/pslf_120th_payment/,2,medical,Pslf 120th payment My last payment is due on October 21st…can I pay that now or is it too early? I just want to make sure it counts but also be done…,0.11875,0.4076388888888889,positive,last due october stcan pay early want make sure count done,2,0.5757033290762416
PSLF,1o18vtg,Mohela put me in a forbearance after being on IBR. They won’t take me off. Should I reapply?,Got approved for IBR in March 2025 and was making $0 payments until apparently June 2025 when they put me in a SAVE forbearance.  They refuse to take me off. Should I just reapply for IBR? ,1759925984.0,/r/PSLF/comments/1o18vtg/mohela_put_me_in_a_forbearance_after_being_on_ibr/,Spiritual-Mud-5470,https://www.reddit.com/r/PSLF/comments/1o18vtg/mohela_put_me_in_a_forbearance_after_being_on_ibr/,1,medical,Mohela put me in a forbearance after being on IBR. They won’t take me off. Should I reapply? Got approved for IBR in March 2025 and was making $0 payments until apparently June 2025 when they put me in a SAVE forbearance.  They refuse to take me off. Should I just reapply for IBR? ,0.05,0.35,neutral,mohela put forbearance ibr wont take reapply got approved ibr march making apparently june put save forbearance refuse take reapply ibr,1,0.9422079118297341
PSLF,1o182eq,Buyback,I’ve seen some recommendations on contacting the ombudsman to have your buyback processed quicker ?? Anyone have this actually happen ??? I FINALLY hit my 120 this month and really don’t have patience to wait lol ,1759923619.0,/r/PSLF/comments/1o182eq/buyback/,Successful_Sky_1654,https://www.reddit.com/r/PSLF/comments/1o182eq/buyback/,2,medical,Buyback I’ve seen some recommendations on contacting the ombudsman to have your buyback processed quicker ?? Anyone have this actually happen ??? I FINALLY hit my 120 this month and really don’t have patience to wait lol ,0.25,0.5,positive,buyback seen recommendation contacting ombudsman buyback processed quicker actually happen finally hit month really patience wait lol,0,0.8369321801550169
PSLF,1o16r01,Looking for advice - husband a government employee,"Hi everyone,
I have 2 payments to go until 120. My husband and I file joint taxes so my current loan payments reflect his income too; when I switched from SAVE to an IBR plan my payments went up significantly (it’s only recently that my husband makes close to my income and it only negatively impacted my payment amount when I left SAVE). I only had 7 payments left when I got out of SAVE so we were planning to dip into savings to get me through these last couple. But now he doesn’t have an income at all. He is an essential worker so he’s still working and by all normal rules will get back pay. The payments were already pushing our expenses over our total income though so if the shutdown lasts the next two months or more, this will be a huge strain. 
I’m wondering if I should redo my IBR plan using paystubs for my income and say my husband currently has no income? I’m worried if they throw me into a processing forbearance it somehow won’t actually count. Alternatively do they do audits of income at the point of forgiveness and if the government opens back up and my husband has income again will there be a problem with my last two payments being lowered and stick me in some other kind of processing mess before forgiveness? 

What would everyone here do?

Thanks for reading and anyone willing to give me some advice!",1759919290.0,/r/PSLF/comments/1o16r01/looking_for_advice_husband_a_government_employee/,ROAT7373,https://www.reddit.com/r/PSLF/comments/1o16r01/looking_for_advice_husband_a_government_employee/,1,medical,"Looking for advice - husband a government employee Hi everyone,
I have 2 payments to go until 120. My husband and I file joint taxes so my current loan payments reflect his income too; when I switched from SAVE to an IBR plan my payments went up significantly (it’s only recently that my husband makes close to my income and it only negatively impacted my payment amount when I left SAVE). I only had 7 payments left when I got out of SAVE so we were planning to dip into savings to get me through these last couple. But now he doesn’t have an income at all. He is an essential worker so he’s still working and by all normal rules will get back pay. The payments were already pushing our expenses over our total income though so if the shutdown lasts the next two months or more, this will be a huge strain. 
I’m wondering if I should redo my IBR plan using paystubs for my income and say my husband currently has no income? I’m worried if they throw me into a processing forbearance it somehow won’t actually count. Alternatively do they do audits of income at the point of forgiveness and if the government opens back up and my husband has income again will there be a problem with my last two payments being lowered and stick me in some other kind of processing mess before forgiveness? 

What would everyone here do?

Thanks for reading and anyone willing to give me some advice!",0.0625,0.4073333333333333,neutral,looking advice husband government employee everyone husband file joint tax current reflect income switched save ibr plan went significantly recently husband make close income negatively impacted amount left save left got save planning dip saving last couple doesnt income essential worker he still working normal rule back pay already pushing expense total income though shutdown last next two month huge strain wondering redo ibr plan using paystubs income say husband currently income worried throw processing forbearance somehow wont actually count alternatively audit income point government open back husband income problem last two lowered stick kind processing mess everyone thanks reading willing give advice,3,0.7586526306401331
PSLF,1o10amh,Update missing payments are now listed in as eligible in NSLDS for a period certified twice already.,"I submitted a final ECF last week, that's still in review. NSLDS finally updated to include an additional 6 months (presumably the missing months) in the eligible column but certified now says 114 not 120, FSA still says 112.

So with the final ECF, I was able to certify (per NSLDS count) the most recent period since my last certification but it didn't certify the missing months. FSA hasn't updated yet but usually it matches NSLDS for me.",1759895469.0,/r/PSLF/comments/1o10amh/update_missing_payments_are_now_listed_in_as/,EddieDubbers,https://www.reddit.com/r/PSLF/comments/1o10amh/update_missing_payments_are_now_listed_in_as/,4,medical,"Update missing payments are now listed in as eligible in NSLDS for a period certified twice already. I submitted a final ECF last week, that's still in review. NSLDS finally updated to include an additional 6 months (presumably the missing months) in the eligible column but certified now says 114 not 120, FSA still says 112.

So with the final ECF, I was able to certify (per NSLDS count) the most recent period since my last certification but it didn't certify the missing months. FSA hasn't updated yet but usually it matches NSLDS for me.",0.0124999999999999,0.4090277777777777,neutral,update missing listed eligible nslds period certified twice already submitted final ecf last week still review nslds finally updated include additional month presumably missing month eligible column certified say fsa still say final ecf able certify per nslds count recent period since last certification didnt certify missing month fsa hasnt updated yet usually match nslds,2,0.9650192039457289
PSLF,1o0vy69,Still No Refund :(,I have been waiting for an overpayment refund since last December. Any idea how to get Mohela to speed this up?,1759882809.0,/r/PSLF/comments/1o0vy69/still_no_refund/,Big-Caramel-5574,https://www.reddit.com/r/PSLF/comments/1o0vy69/still_no_refund/,2,medical,Still No Refund :( I have been waiting for an overpayment refund since last December. Any idea how to get Mohela to speed this up?,-0.375,0.5333333333333333,negative,still refund waiting overpayment refund since last december idea mohela speed,2,0.8364414683756735
PSLF,1o0v0vd,Aidvantage randomly showing missed payment amounts even though my autopay is same as always.,"I am making all of my monthly payments via autopay and for a long while there has been no issue. In September I get an email that says “Your account is at risk: Payment Not Received” I log in and noticed that my regular September autopay went through, my online banking account shows the amount withdrawn to Aidvantage, but the Aidvantage website shows a missing payment of $115.13. I check my inbox on Aidvantage and there is no mention of payment changing, of a need to report income for income contingent repayment plan I called them twice, and even they thought it was weird. They placed a review on my account and said I should hear back. But didn’t hear anything so I called and someone else told me that they don’t have a timeline for when the review will be completed but that it will remove the excess charge amount of $115.13. Well now, another month has gone by and guess what? I have another “missed payments” and am now in the hole $230.26 according to them. I called again and another review request was put in.

I am also 3 months/payments away from reaching 120 qualifying payments of PSLF. I don’t want missed payments prolonging that date for 120 qualifying payments. I’m really annoyed.

Does anyone have any advice? Anyone know anything I don’t know? Should I just bite them bullet and pay the extra amount? Any help would be appreciated!",1759880319.0,/r/PSLF/comments/1o0v0vd/aidvantage_randomly_showing_missed_payment/,This-Speed3999,https://www.reddit.com/r/PSLF/comments/1o0v0vd/aidvantage_randomly_showing_missed_payment/,1,medical,"Aidvantage randomly showing missed payment amounts even though my autopay is same as always. I am making all of my monthly payments via autopay and for a long while there has been no issue. In September I get an email that says “Your account is at risk: Payment Not Received” I log in and noticed that my regular September autopay went through, my online banking account shows the amount withdrawn to Aidvantage, but the Aidvantage website shows a missing payment of $115.13. I check my inbox on Aidvantage and there is no mention of payment changing, of a need to report income for income contingent repayment plan I called them twice, and even they thought it was weird. They placed a review on my account and said I should hear back. But didn’t hear anything so I called and someone else told me that they don’t have a timeline for when the review will be completed but that it will remove the excess charge amount of $115.13. Well now, another month has gone by and guess what? I have another “missed payments” and am now in the hole $230.26 according to them. I called again and another review request was put in.

I am also 3 months/payments away from reaching 120 qualifying payments of PSLF. I don’t want missed payments prolonging that date for 120 qualifying payments. I’m really annoyed.

Does anyone have any advice? Anyone know anything I don’t know? Should I just bite them bullet and pay the extra amount? Any help would be appreciated!",-0.1363636363636363,0.3410839160839161,negative,aidvantage randomly showing missed amount even though autopay always making monthly via autopay long issue september email say account risk received log noticed regular september autopay went online banking account show amount withdrawn aidvantage aidvantage website show missing check inbox aidvantage mention changing report income income contingent repayment plan called twice even thought weird placed review account said hear back didnt hear anything called someone else told timeline review completed remove excess charge amount well another month gone guess another missed hole according called another review request put monthspayments away reaching qualifying want missed prolonging date qualifying really annoyed advice anything bite bullet pay extra amount appreciated,0,0.9772688062217183
PSLF,1o0ug5a,Explanation of Difference between FSA's EPs &amp; QPs and NSLDS' EPs &amp; QPs for (TE)PSLF Correct?,"PSLFers,

Hi All! Am I correct in that the reason for the discrepancy between FSA EPs &amp; QPs when compared to NSLDS EPs &amp; QPs originates from the fact that FSA's EP counts are solely pertaining to (TE)PSLF and NSLDS' EP count is the collective from all the forms of payment/forgivness programs/plans?

More granular, via NSLDS, I have 156 EPs &amp; 114 QPs, with EPs being that payment has applied to such months, but are not certified, by definition. These particular EP &amp; QP counts are listed under the PSLF header from the NSLDS' API info. Aside from the FSA's 10 month difference in EPs &amp; QPs counts (as is displayed with a letter at ECF approval or via the FSA API), I have otherwise all months from 10/01/2007 - Current certiied.. 

Now, when I ""run the numbers"" on all the months combined I made both bofore and after PSLF, it appears NSLDSs EPs do match all such payments that I have ever made (all include $0 payments for COVID era, etc).

Are my 2 conclusions of (1) the NSLDS' method of counting EPs &amp; QPs (as mentioned above) and (2) the discrepency when comparing them to FSA's EPs &amp; QPs method?  

If not, it is otherwise, a highly unusual coincidence, and if the assessment above is correct, I don't understand why NSLDS would list pre-PSLF periods of payments as part of PSLF header's EPs.

All the thanks.  




",1759878811.0,/r/PSLF/comments/1o0ug5a/explanation_of_difference_between_fsas_eps_qps/,ThorHammer94305,https://www.reddit.com/r/PSLF/comments/1o0ug5a/explanation_of_difference_between_fsas_eps_qps/,1,medical,"Explanation of Difference between FSA's EPs &amp; QPs and NSLDS' EPs &amp; QPs for (TE)PSLF Correct? PSLFers,

Hi All! Am I correct in that the reason for the discrepancy between FSA EPs &amp; QPs when compared to NSLDS EPs &amp; QPs originates from the fact that FSA's EP counts are solely pertaining to (TE)PSLF and NSLDS' EP count is the collective from all the forms of payment/forgivness programs/plans?

More granular, via NSLDS, I have 156 EPs &amp; 114 QPs, with EPs being that payment has applied to such months, but are not certified, by definition. These particular EP &amp; QP counts are listed under the PSLF header from the NSLDS' API info. Aside from the FSA's 10 month difference in EPs &amp; QPs counts (as is displayed with a letter at ECF approval or via the FSA API), I have otherwise all months from 10/01/2007 - Current certiied.. 

Now, when I ""run the numbers"" on all the months combined I made both bofore and after PSLF, it appears NSLDSs EPs do match all such payments that I have ever made (all include $0 payments for COVID era, etc).

Are my 2 conclusions of (1) the NSLDS' method of counting EPs &amp; QPs (as mentioned above) and (2) the discrepency when comparing them to FSA's EPs &amp; QPs method?  

If not, it is otherwise, a highly unusual coincidence, and if the assessment above is correct, I don't understand why NSLDS would list pre-PSLF periods of payments as part of PSLF header's EPs.

All the thanks.  




",0.1185185185185185,0.4037037037037037,positive,explanation difference fsas eps amp qps nslds eps amp qps tepslf correct pslfers correct reason discrepancy fsa eps amp qps compared nslds eps amp qps originates fact fsas count solely pertaining tepslf nslds count collective form paymentforgivness programsplans granular via nslds eps amp qps eps applied month certified definition particular amp count listed header nslds api info aside fsas month difference eps amp qps count displayed letter ecf approval via fsa api otherwise month current certiied run number month combined made bofore appears nsldss eps match ever made include covid era etc conclusion nslds method counting eps amp qps mentioned discrepency comparing fsas eps amp qps method otherwise highly unusual coincidence assessment correct understand nslds list prepslf period part header eps thanks,2,0.974070206123317
PSLF,1o0pmhk,PSLF buyback questions:,"# With the government shutdown are PSLF buyback request being processed? Also, when waiting for a PSLF buyback amount do you have to continue to work for your public service organization or any public service organization? Or can you find another job outside of public service, since you have reached 120 months?",1759867497.0,/r/PSLF/comments/1o0pmhk/pslf_buyback_questions/,HeadGovernment6345,https://www.reddit.com/r/PSLF/comments/1o0pmhk/pslf_buyback_questions/,0,medical,"PSLF buyback questions: # With the government shutdown are PSLF buyback request being processed? Also, when waiting for a PSLF buyback amount do you have to continue to work for your public service organization or any public service organization? Or can you find another job outside of public service, since you have reached 120 months?",0.0,0.0625,neutral,buyback question government shutdown buyback request processed waiting buyback amount continue work organization organization find another job outside since reached month,0,0.9091404506551575
PSLF,1o0plrx,To submit ECF now or next month?,"I'd love advice so that I don't mess anything up when I'm so close to the finish line. Here's my situation:

On FSA site: 

\- Shows 117 out of 120 qualifying payments (last one was on 05/2024, right between being put on SAVE forbearance). 

\- Payments Needing Employer Certification - shows 07/2025, 08/2025, 09/2025

\- They moved me from SAVE to IDR on 07/26/2025

\- On Mohela site - shows that they received my monthly payments on 08/24/2025 and 09/24/2025. Next auto payment is scheduled for 10/24/2025. 

Why hasn't the banner moved from 117 to 119 after my two monthly payments? 

Why does it show July 2025 as as needing employment certification, even though I didn't pay that month? Is that the month that I got for moving from SAVE to IBR?

So, should I submit my ECF now and hope that they will approve July, Aug, and Sept, even though I didn't make a July payment? Or do I wait until they receive my Oct payment, and on the form check the ""request a forbearance"" box so I don't get charged in Nov? This possibly means that I'm paying an extra month unnecessarily.   
Thanks to anyone who can help!",1759867452.0,/r/PSLF/comments/1o0plrx/to_submit_ecf_now_or_next_month/,DistrictDame9716,https://www.reddit.com/r/PSLF/comments/1o0plrx/to_submit_ecf_now_or_next_month/,2,medical,"To submit ECF now or next month? I'd love advice so that I don't mess anything up when I'm so close to the finish line. Here's my situation:

On FSA site: 

\- Shows 117 out of 120 qualifying payments (last one was on 05/2024, right between being put on SAVE forbearance). 

\- Payments Needing Employer Certification - shows 07/2025, 08/2025, 09/2025

\- They moved me from SAVE to IDR on 07/26/2025

\- On Mohela site - shows that they received my monthly payments on 08/24/2025 and 09/24/2025. Next auto payment is scheduled for 10/24/2025. 

Why hasn't the banner moved from 117 to 119 after my two monthly payments? 

Why does it show July 2025 as as needing employment certification, even though I didn't pay that month? Is that the month that I got for moving from SAVE to IBR?

So, should I submit my ECF now and hope that they will approve July, Aug, and Sept, even though I didn't make a July payment? Or do I wait until they receive my Oct payment, and on the form check the ""request a forbearance"" box so I don't get charged in Nov? This possibly means that I'm paying an extra month unnecessarily.   
Thanks to anyone who can help!",0.0956349206349206,0.2974867724867725,neutral,submit ecf next month love advice mess anything close finish line here situation fsa site show qualifying last right put save forbearance needing employer certification show moved save idr mohela site show received monthly next auto scheduled hasnt banner moved two monthly show july needing employment certification even though didnt pay month month got moving save ibr submit ecf hope approve july aug sept even though didnt make july wait receive oct form check request forbearance box charged nov possibly mean paying extra month unnecessarily thanks,3,0.8317951954150458
PSLF,1o0p226,Student loans - IBR vs PAYE ??,"Hello everyone,  
I’m about to begin my first full-time position after graduate school and plan to pursue PSLF. I’m trying to determine which repayment plan would be the most beneficial. I’ve heard a lot about the new RAP changes, but to be completely honest, I don’t know much about how it actually works.

For context, I have a little over $200k in federal loans (Direct Unsubsidized and Grad PLUS). Any guidance or insight into which repayment plan would be best to start with would be greatly appreciated.",1759866246.0,/r/PSLF/comments/1o0p226/student_loans_ibr_vs_paye/,AdLegitimate7469,https://www.reddit.com/r/PSLF/comments/1o0p226/student_loans_ibr_vs_paye/,2,medical,"Student loans - IBR vs PAYE ?? Hello everyone,  
I’m about to begin my first full-time position after graduate school and plan to pursue PSLF. I’m trying to determine which repayment plan would be the most beneficial. I’ve heard a lot about the new RAP changes, but to be completely honest, I don’t know much about how it actually works.

For context, I have a little over $200k in federal loans (Direct Unsubsidized and Grad PLUS). Any guidance or insight into which repayment plan would be best to start with would be greatly appreciated.",0.2798863636363636,0.3787878787878788,positive,ibr paye hello everyone begin first fulltime position graduate plan pursue trying determine repayment plan beneficial heard lot new rap change completely honest much actually work context little federal direct unsubsidized grad plus guidance insight repayment plan best start greatly appreciated,1,0.6812183889395728
PSLF,1o0oxjf,3 Months Left of PSLF - Buyback last year's 2 months forbearance?,"I have 3 months left into PSLF. My payment history and NSLDS are matching. Phew! Can I buyback the 2 months of last year when we were all in forbearance due to the injunction? I am sure I won't get a response from student aid within that time period anyway, but hey, is it worth the try? Thanks!

",1759865968.0,/r/PSLF/comments/1o0oxjf/3_months_left_of_pslf_buyback_last_years_2_months/,Practical-Series-491,https://www.reddit.com/r/PSLF/comments/1o0oxjf/3_months_left_of_pslf_buyback_last_years_2_months/,1,medical,"3 Months Left of PSLF - Buyback last year's 2 months forbearance? I have 3 months left into PSLF. My payment history and NSLDS are matching. Phew! Can I buyback the 2 months of last year when we were all in forbearance due to the injunction? I am sure I won't get a response from student aid within that time period anyway, but hey, is it worth the try? Thanks!

",0.115625,0.2121527777777777,positive,month left buyback last year month forbearance month left history nslds matching phew buyback month last forbearance due injunction sure wont response aid within period anyway hey worth try thanks,2,0.9522675674106132
medicalschool,1numw9j,What to do with a bad attending experience at an away?,"I like all the other attendings. But this one, I feel like wasn’t as forgiving. I had a lot of technical errors getting set up, using the EMR (not used at my home institution, didn’t have a tutorial). She was the only one where I had these mistakes with. I sent her my note, it was “unfinished” because I had issues saving it/ bringing things over to the note when I thought I did. 

Idk how my evals are gonna be with her ngl. She is very condescending as well. I don’t even know if saying “technical problems” is worth it or if it will sound like an excuse. She is an apd, newly hired. She makes me want to rank this program lower but idk if I’m being dramatic by doing this over 1 person. 

Anyone have a similar experience? Not the technical issues, but having a bad experience with one attending out of many at an away rotation? What are your opinions? Please be nice because this circumstance is really making me sad. 

Thanks ",1759261003.0,/r/medicalschool/comments/1numw9j/what_to_do_with_a_bad_attending_experience_at_an/,uncomfortayble,https://www.reddit.com/r/medicalschool/comments/1numw9j/what_to_do_with_a_bad_attending_experience_at_an/,4,medical,"What to do with a bad attending experience at an away? I like all the other attendings. But this one, I feel like wasn’t as forgiving. I had a lot of technical errors getting set up, using the EMR (not used at my home institution, didn’t have a tutorial). She was the only one where I had these mistakes with. I sent her my note, it was “unfinished” because I had issues saving it/ bringing things over to the note when I thought I did. 

Idk how my evals are gonna be with her ngl. She is very condescending as well. I don’t even know if saying “technical problems” is worth it or if it will sound like an excuse. She is an apd, newly hired. She makes me want to rank this program lower but idk if I’m being dramatic by doing this over 1 person. 

Anyone have a similar experience? Not the technical issues, but having a bad experience with one attending out of many at an away rotation? What are your opinions? Please be nice because this circumstance is really making me sad. 

Thanks ",-0.0385984848484848,0.4556439393939394,neutral,bad attending experience away like attending feel like wasnt forgiving lot technical error getting set using emr used home institution didnt tutorial mistake sent note unfinished issue saving bringing thing note thought idk evals gon ngl condescending well even saying technical problem worth sound like excuse apd newly hired make want rank program lower idk dramatic person similar experience technical issue bad experience attending many away rotation opinion please nice circumstance really making sad thanks,0,0.9661891013681587
medicalschool,1nttjkg,Hypothetical question.,"Current background I am in the clinical years. Hypothetically if I were to peacefully protest against this current presidential administration and increased ICE presence and subsequently got arrested, how would residency problems look at that? 

Ps please forgive me if this type of question isn’t allowed here",1759178755.0,/r/medicalschool/comments/1nttjkg/hypothetical_question/,stonepony123456,https://www.reddit.com/r/medicalschool/comments/1nttjkg/hypothetical_question/,0,medical,"Hypothetical question. Current background I am in the clinical years. Hypothetically if I were to peacefully protest against this current presidential administration and increased ICE presence and subsequently got arrested, how would residency problems look at that? 

Ps please forgive me if this type of question isn’t allowed here",0.0625,0.3375,neutral,hypothetical current background clinical year hypothetically peacefully protest current presidential administration increased ice presence subsequently got arrested residency problem look please forgive type isnt allowed,4,0.7286626569634026
medicalschool,1ni8686,age old question of do i take step and comlex......,please forgive me if this specific question has been posted but i want to go into a DO friendly speciality (EM) but i do wish to match in the northeast (think NJ/NY/Philly). some of the hospitals i'm looking at don't say step is needed if you took comlex but then the program has 2-3 DOs... should i plan to study for it if these states seemingly have a low ish DO presence? ,1757997769.0,/r/medicalschool/comments/1ni8686/age_old_question_of_do_i_take_step_and_comlex/,throwaway4397935925,https://www.reddit.com/r/medicalschool/comments/1ni8686/age_old_question_of_do_i_take_step_and_comlex/,2,medical,age old question of do i take step and comlex...... please forgive me if this specific question has been posted but i want to go into a DO friendly speciality (EM) but i do wish to match in the northeast (think NJ/NY/Philly). some of the hospitals i'm looking at don't say step is needed if you took comlex but then the program has 2-3 DOs... should i plan to study for it if these states seemingly have a low ish DO presence? ,0.11875,0.28125,positive,age old take step comlex please forgive specific posted want friendly speciality wish match northeast think njnyphilly hospital looking say step needed took comlex program do plan study state seemingly low ish presence,4,0.4780340643658866
medicalschool,1mdnxcs,Tired of Anki and writing charts? Pick up a Glock in sweats and a bandana and let’s go kidnap people.,,1753923543.0,/r/medicalschool/comments/1mdnxcs/tired_of_anki_and_writing_charts_pick_up_a_glock/,Manoj_Malhotra,https://i.redd.it/8uzzve76z3gf1.jpeg,333,medical,Tired of Anki and writing charts? Pick up a Glock in sweats and a bandana and let’s go kidnap people. ,-0.4,0.7,negative,tired anki writing chart pick glock sweat bandana let kidnap people,0,0.2
medicalschool,1mateeo,Not being present while a loved one is passing,"Does anyone have any advice? I am an intern off service surgical rotation, but a fairly intensive one. I have a loved one who is likely to pass soon. I am spending as much time with them after shifts as I can, but it looks like they may pass soon, and I will not be able to be with them while they pass. Has anyone else navigated this? I’m having a hard time forgiving myself",1753640168.0,/r/medicalschool/comments/1mateeo/not_being_present_while_a_loved_one_is_passing/,NerfSingularity,https://www.reddit.com/r/medicalschool/comments/1mateeo/not_being_present_while_a_loved_one_is_passing/,62,medical,"Not being present while a loved one is passing Does anyone have any advice? I am an intern off service surgical rotation, but a fairly intensive one. I have a loved one who is likely to pass soon. I am spending as much time with them after shifts as I can, but it looks like they may pass soon, and I will not be able to be with them while they pass. Has anyone else navigated this? I’m having a hard time forgiving myself",0.3135416666666666,0.6083333333333334,positive,present loved passing advice intern surgical rotation fairly intensive loved likely pas soon spending much shift look like may pas soon able pas else navigated hard forgiving,0,0.8383985514564731
medicalschool,1ma5a2z,Failed Step 2 - What is next?,"Title says it all. I didn't pass. I fucked myself by letting my nerves get to me and continuing go push the test to after an AI without as intense studying. I'm being told I can't do surgery of any kind. I don't know what else to do. I don't like any of the more forgiving specialties. I'm trying to take the copium and try for EM (that's the least unappealing of the options I was given). I thought of trying for a prelim gen surgery position but I don't if I can and I'm already 33 yrs old. I'm weary of a situation that would be destabilizing. What would you do? 

Edit to clarify: I understand that I need to retake the exam and focus on that, but my school wants me to decide which specialty I will go into by Monday. The choices given to me are IM, EM, FM and Peds.  When and how I retake the exam will be determined after I inform them. ",1753566443.0,/r/medicalschool/comments/1ma5a2z/failed_step_2_what_is_next/,Professional-Union54,https://www.reddit.com/r/medicalschool/comments/1ma5a2z/failed_step_2_what_is_next/,114,medical,"Failed Step 2 - What is next? Title says it all. I didn't pass. I fucked myself by letting my nerves get to me and continuing go push the test to after an AI without as intense studying. I'm being told I can't do surgery of any kind. I don't know what else to do. I don't like any of the more forgiving specialties. I'm trying to take the copium and try for EM (that's the least unappealing of the options I was given). I thought of trying for a prelim gen surgery position but I don't if I can and I'm already 33 yrs old. I'm weary of a situation that would be destabilizing. What would you do? 

Edit to clarify: I understand that I need to retake the exam and focus on that, but my school wants me to decide which specialty I will go into by Monday. The choices given to me are IM, EM, FM and Peds.  When and how I retake the exam will be determined after I inform them. ",-0.02,0.4599999999999999,neutral,failed step next title say didnt pas fucked letting nerve continuing push test without intense studying told cant surgery kind else like forgiving specialty trying take copium try least unappealing option given thought trying prelim gen surgery position already yr old weary situation destabilizing edit clarify understand retake exam focus want decide specialty monday choice given peds retake exam determined inform,0,0.9262084429358879
medicalschool,1ltw9pc,RAP vs SAVE,"I’m trying to understand why more people aren’t excited about RAP. Sure it takes into account annual gross income and has a minimum payment, but for physicians it looks like a great plan. 

- We get interest forgiven every month as long as pay the minimum we owe (identical to SAVE)
- the forgiveness period is longer but we also have the option of PSLF
- the capped federal loans for incoming students makes the private loans less scary because of that interest forgiveness. 

In my opinion, RAP is looking like a good option for us  ",1751900059.0,/r/medicalschool/comments/1ltw9pc/rap_vs_save/,genecyn,https://www.reddit.com/r/medicalschool/comments/1ltw9pc/rap_vs_save/,20,medical,"RAP vs SAVE I’m trying to understand why more people aren’t excited about RAP. Sure it takes into account annual gross income and has a minimum payment, but for physicians it looks like a great plan. 

- We get interest forgiven every month as long as pay the minimum we owe (identical to SAVE)
- the forgiveness period is longer but we also have the option of PSLF
- the capped federal loans for incoming students makes the private loans less scary because of that interest forgiveness. 

In my opinion, RAP is looking like a good option for us  ",0.2158333333333333,0.5330555555555556,positive,rap save trying understand people arent excited rap sure take account annual gross income minimum physician look like great plan interest forgiven every month long pay minimum owe identical save period longer option capped federal incoming student make private less scary interest opinion rap looking like good option,3,0.7682195943079094
medicalschool,1lr56zm,Clinician vs research based faculty advisor?,"Forgive me if I'm overthinking this, I don't have any family members or friends in medicine so I don't really know what the considerations are for making this decision and/or if it's even consequential in my journey. In being given an opportunity to pick a faculty advisor, what should I consider more strongly in setting me up for success tangibly/intangibly? A well-known PhD faculty on campus with loads of pubs (700+) or a physician faculty member that has experience going through residency apps/was a chief resident etc. I go to a well-known DO school and am most interested in IM+subspecialty fellowship (e.g. heme/onc) if that matters.",1751588618.0,/r/medicalschool/comments/1lr56zm/clinician_vs_research_based_faculty_advisor/,FrequentGazelle9569,https://www.reddit.com/r/medicalschool/comments/1lr56zm/clinician_vs_research_based_faculty_advisor/,3,medical,"Clinician vs research based faculty advisor? Forgive me if I'm overthinking this, I don't have any family members or friends in medicine so I don't really know what the considerations are for making this decision and/or if it's even consequential in my journey. In being given an opportunity to pick a faculty advisor, what should I consider more strongly in setting me up for success tangibly/intangibly? A well-known PhD faculty on campus with loads of pubs (700+) or a physician faculty member that has experience going through residency apps/was a chief resident etc. I go to a well-known DO school and am most interested in IM+subspecialty fellowship (e.g. heme/onc) if that matters.",0.3638888888888889,0.4055555555555555,positive,clinician research based faculty advisor forgive overthinking family member friend medicine really consideration making decision andor even consequential journey given opportunity pick faculty advisor consider strongly setting success tangiblyintangibly wellknown phd faculty campus load pub physician faculty member experience residency appswas chief resident etc wellknown interested imsubspecialty fellowship hemeonc matter,4,0.573091404012468
medicalschool,1lkrbcd,PSLF residency exclusion &amp; other student loan changes subject to 60 vote threshold in senate,"TLDR: The senate parliamentarian just ruled that many of the student loan changes in the BBB will have to pass a 60 vote threshold to be included!!!! This is *excellent* news since that’s pretty unlikely in this day and age. 

Specifically affected (and now unlikely to pass!):

Student Aid Eligibility for Immigrant Students. This section removes federal student aid eligibility from certain immigrants who are not citizens. (Section 80001)

Loan Repayment Plans. This section establishes that beginning July 1, 2026, federal student loan borrowers will have only two repayment options: a standard plan with fixed payments over 10-25 years or a new income-based repayment (IBR) plan, Repayment Assistance Plan (RAP). These provisions cannot be applied to current borrowers under the Byrd Rule. (Section 82001)

Public Service Loan Forgiveness (PSLF) Updates. This section prohibits loan payments made while students are in medical or dental internships/residencies from qualifying for PSLF. (Section 82004(b))

",1750913244.0,/r/medicalschool/comments/1lkrbcd/pslf_residency_exclusion_other_student_loan/,Alinzar,https://www.budget.senate.gov/ranking-member/newsroom/press/republicans-one-big-beautiful-bill-includes-additional-provisions-that-violate-the-byrd-rule,277,medical,"PSLF residency exclusion &amp; other student loan changes subject to 60 vote threshold in senate TLDR: The senate parliamentarian just ruled that many of the student loan changes in the BBB will have to pass a 60 vote threshold to be included!!!! This is *excellent* news since that’s pretty unlikely in this day and age. 

Specifically affected (and now unlikely to pass!):

Student Aid Eligibility for Immigrant Students. This section removes federal student aid eligibility from certain immigrants who are not citizens. (Section 80001)

Loan Repayment Plans. This section establishes that beginning July 1, 2026, federal student loan borrowers will have only two repayment options: a standard plan with fixed payments over 10-25 years or a new income-based repayment (IBR) plan, Repayment Assistance Plan (RAP). These provisions cannot be applied to current borrowers under the Byrd Rule. (Section 82001)

Public Service Loan Forgiveness (PSLF) Updates. This section prohibits loan payments made while students are in medical or dental internships/residencies from qualifying for PSLF. (Section 82004(b))

",0.0855988455988456,0.460064935064935,neutral,residency exclusion amp change subject vote threshold senate tldr senate parliamentarian ruled many change bbb pas vote threshold included excellent news since pretty unlikely day age specifically affected unlikely pas aid eligibility immigrant student section remove federal aid eligibility certain immigrant citizen section repayment plan section establishes beginning july federal borrower two repayment option standard plan fixed year new incomebased repayment ibr plan repayment assistance plan rap provision applied current borrower byrd rule section update section prohibits made student dental internshipsresidencies qualifying section,4,0.5971834121628338
medicalschool,1lj22na,What I wish I knew about money as a PGY-1,"The jump from MS-4 to intern means long hours, a new city and a first real paycheck. As a PGY-4, this is a quick primer on some financial things I wish I did during PGY-1.

Agree or disagree, you need to have a plan or those paychecks might evaporate!

...

1. **Decode your first pay stub** 
   * Know your gross vs. net, how much goes to federal/state taxes, Social Security/Medicare, and (if your hospital is unionized) dues. 
   * Build a ""zero‑based"" budget so every dollar has a job: rent, meal prep, loan payment, savings, fun. Apps like YNAB help automate it.
2. **Start (or top‑up) an emergency fund** 
   * Aim for one month of bare‑bones expenses by December and three months by the end of PGY‑1. High‑yield savings accounts are still paying about 4 percent in mid‑2025, so park the cash there.
3. **Tackle student loans early** 
   * SAVE is on hold: court rulings have paused new enrollment and placed current SAVE borrowers in interest‑free forbearance until at least fall 2025, leaving repayment rules in flux. 
   * While the dust settles, keep your servicer in the loop and recertify income when asked. If Public Service Loan Forgiveness is in your future, stay on a qualifying income‑driven plan (PAYE/ICR) and keep every 120‑payment receipt. 
   * Private refinancing can wait; federal protections are worth more than a slightly lower rate right now.
4. **Max free money, then invest** 
   * Contribute at least enough to capture any employer 403(b)/401(k) match. The 2025 employee contribution cap is $23,500. 
   * If you can save more, open a Roth IRA (limit $7,000) while your income (and tax bracket) is low. Once you're attending you likely will surpass the Roth income limit
   * No match? Consider directing extra dollars toward high‑interest debt first.
5. **Evaluate your benefits package** 
   * Health insurance: If you chose the high deductible plan, max the HSA ($4,300 for self / $8,550 family in 2025). It's ""triple‑tax‑advantaged""
   * Disability insurance: Buy an own‑occupation policy before any future medical issues raise premiums. It's best to do this during residency
   * Hospital perks: Meal stipends, scrub allowances, public‑transit subsidies are basically use them or lose them.
6. **Keep lifestyle creep in check** 
   * Easy to say, hard to do especially if you already renting above your means
   * Stay in a modest apartment (obv roommates help) b/c the ""live like a student"" mantra buys you flexibility later
7. **Kill high‑interest debt** 
   * Credit APRs are near 20 percent or more. Turn on autopay to pay off the balance every month 
   * Consider a cash back card for everyday expenses; set it to autopay in full to dodge late fees and build credit (some cards are now ""debit"" cards under the hood but help you build credit!)
8. **Track progress by rotation** 
   * At the end of each block, spend 15 minutes to look at and/or update your net worth (loans, savings, retirement balances)
   * Review spending categories (did nights wreck your DoorDash bill? I might be projecting here)
   * Adjust goals for the next block (for example, bump your Roth contribution).
9. **Plan for taxation** 
   * Set aside cash for possible state under withholding if you moonlight (moonlighting can push you into a higher tax bracket). 
   * Keep receipts for board exam fees and other fees that come from the job; some may be deductible under current IRS thresholds.

Residency is a marathon. Automate what you can, review regularly, and grant yourself grace when 28‑hour calls derail your budgeting. 

And it's ok to get yourself a sweet treat every once in a while :)

Good luck, you got this!",1750739939.0,/r/medicalschool/comments/1lj22na/what_i_wish_i_knew_about_money_as_a_pgy1/,the_md_for_md,https://www.reddit.com/r/medicalschool/comments/1lj22na/what_i_wish_i_knew_about_money_as_a_pgy1/,725,medical,"What I wish I knew about money as a PGY-1 The jump from MS-4 to intern means long hours, a new city and a first real paycheck. As a PGY-4, this is a quick primer on some financial things I wish I did during PGY-1.

Agree or disagree, you need to have a plan or those paychecks might evaporate!

...

1. **Decode your first pay stub** 
   * Know your gross vs. net, how much goes to federal/state taxes, Social Security/Medicare, and (if your hospital is unionized) dues. 
   * Build a ""zero‑based"" budget so every dollar has a job: rent, meal prep, loan payment, savings, fun. Apps like YNAB help automate it.
2. **Start (or top‑up) an emergency fund** 
   * Aim for one month of bare‑bones expenses by December and three months by the end of PGY‑1. High‑yield savings accounts are still paying about 4 percent in mid‑2025, so park the cash there.
3. **Tackle student loans early** 
   * SAVE is on hold: court rulings have paused new enrollment and placed current SAVE borrowers in interest‑free forbearance until at least fall 2025, leaving repayment rules in flux. 
   * While the dust settles, keep your servicer in the loop and recertify income when asked. If Public Service Loan Forgiveness is in your future, stay on a qualifying income‑driven plan (PAYE/ICR) and keep every 120‑payment receipt. 
   * Private refinancing can wait; federal protections are worth more than a slightly lower rate right now.
4. **Max free money, then invest** 
   * Contribute at least enough to capture any employer 403(b)/401(k) match. The 2025 employee contribution cap is $23,500. 
   * If you can save more, open a Roth IRA (limit $7,000) while your income (and tax bracket) is low. Once you're attending you likely will surpass the Roth income limit
   * No match? Consider directing extra dollars toward high‑interest debt first.
5. **Evaluate your benefits package** 
   * Health insurance: If you chose the high deductible plan, max the HSA ($4,300 for self / $8,550 family in 2025). It's ""triple‑tax‑advantaged""
   * Disability insurance: Buy an own‑occupation policy before any future medical issues raise premiums. It's best to do this during residency
   * Hospital perks: Meal stipends, scrub allowances, public‑transit subsidies are basically use them or lose them.
6. **Keep lifestyle creep in check** 
   * Easy to say, hard to do especially if you already renting above your means
   * Stay in a modest apartment (obv roommates help) b/c the ""live like a student"" mantra buys you flexibility later
7. **Kill high‑interest debt** 
   * Credit APRs are near 20 percent or more. Turn on autopay to pay off the balance every month 
   * Consider a cash back card for everyday expenses; set it to autopay in full to dodge late fees and build credit (some cards are now ""debit"" cards under the hood but help you build credit!)
8. **Track progress by rotation** 
   * At the end of each block, spend 15 minutes to look at and/or update your net worth (loans, savings, retirement balances)
   * Review spending categories (did nights wreck your DoorDash bill? I might be projecting here)
   * Adjust goals for the next block (for example, bump your Roth contribution).
9. **Plan for taxation** 
   * Set aside cash for possible state under withholding if you moonlight (moonlighting can push you into a higher tax bracket). 
   * Keep receipts for board exam fees and other fees that come from the job; some may be deductible under current IRS thresholds.

Residency is a marathon. Automate what you can, review regularly, and grant yourself grace when 28‑hour calls derail your budgeting. 

And it's ok to get yourself a sweet treat every once in a while :)

Good luck, you got this!",0.1298601944503583,0.3825693159299717,positive,wish knew money pgy jump intern mean long hour new city first real paycheck pgy quick primer financial thing wish pgy agree disagree plan paycheck might evaporate decode first pay stub gross net much go federalstate tax social securitymedicare hospital unionized due build zerobased budget every dollar job rent meal prep saving fun apps like ynab automate start topup emergency fund aim month barebones expense december three month end pgy highyield saving account still paying percent mid park cash tackle early save hold court ruling paused new enrollment placed current save borrower interestfree forbearance least fall leaving repayment rule flux dust settle keep servicer loop recertify income asked future stay qualifying incomedriven plan payeicr keep every receipt private refinancing wait federal protection worth slightly lower rate right max free money invest contribute least enough capture employer match employee contribution cap save open roth ira limit income tax bracket low youre attending likely surpass roth income limit match consider directing extra dollar toward highinterest first evaluate benefit package health insurance chose high deductible plan max hsa self family tripletaxadvantaged disability insurance buy ownoccupation policy future issue raise premium best residency hospital perk meal stipend scrub allowance publictransit subsidy basically use lose keep lifestyle creep check easy say hard especially already renting mean stay modest apartment obv roommate live like mantra buy flexibility later kill highinterest credit apr near percent turn autopay pay balance every month consider cash back card everyday expense set autopay full dodge late fee build credit card debit card hood build credit track progress rotation end block spend minute look andor update net worth saving retirement balance review spending category night wreck doordash bill might projecting adjust goal next block example bump roth contribution plan taxation set aside cash possible state withholding moonlight moonlighting push higher tax bracket keep receipt board exam fee fee come job may deductible current irs threshold residency marathon automate review regularly grant grace hour call derail budgeting sweet treat every good luck got,3,0.988601396082828
medicalschool,1lb9czw,Senate HELP Committee Loan Proposals Will Harm Med School Students- Write Your Senators,"[From the CRFB](https://www.crfb.org/blogs/senate-help-committee-proposes-355-billion-offsets)\- Jun. 11, 2025, the Senate Health, Education, Labor, and Pensions (HELP) Committee released its part of the Senate reconciliation package, which estimates a savings of roughly **$355 billion** between fiscal year (FY) 2025 and 2034. These savings come from eliminating and limiting loans for graduate-level studies such as medical school.

&gt;They “estimate an additional $50 billion of savings from eliminating graduate PLUS loans and limiting borrowing in other loans. Specifically, the package limits graduate borrowing to $20,500 annually and $100,000 total for master’s students and $50,000 annually and $200,000 total for professional students (such as lawyers, doctors, or dentists). This differs from the House, which had $150,000 aggregate caps for professional students, and annual limits in the House bill were set at the program level.

&gt;The Senate also sets an aggregate cap on the amounts parents can borrow to $20,000 per year and $65,000 lifetime *per child,* whereas the House plan caps aggregate borrowing to $50,000 for all children of the parent. The Senate also leaves loan limits for undergraduates untouched (whereas the House allows for borrowing based on the typical cost of a given program of study) and does not include the House requirement that students borrow before parents. The Senate also retains Subsidized Stafford loans, which are repealed in the House for a savings of $20 billion.”

The median cost of attending medical school per the AAMC (public + living expenses) is $250,000–$300,000+. The proposed $200,000 cap leaves many students tens of thousands short. Eliminating Grad PLUS loans pushes students toward riskier private debt and those loans do not qualify for Public Service Loan Forgiveness (PSLF) or income-driven repayment. It disproportionately harms first-generation students, students from underrepresented racial/ethnic groups, and students without family financial support.

Workforce shortages will worsen if students can’t afford to attend. The AAMC projects a shortage of up to 86,000 physicians by 2036. Reducing access to medical education exacerbates healthcare gaps, especially in rural and underserved areas.

Their rationale for imposing borrowing caps is based on concerns that some graduate programs lead to degrees with limited earning potential, making it difficult for students to repay their loans. They also want to pressure institutions to control tuition inflation. While these are good intentions, the proposals will harm med school students and worsen the physician shortfall if modifications and carveouts aren't made.

Write your Congress members to ask for: 1. Exemptions or increased borrowing caps for medical, dental, and other high-cost programs. 2. Creation of a targeted federal supplemental loan for healthcare shortage fields. 3. Strengthening loan forgiveness programs like PSLF for graduates who serve in rural or underserved areas.

Here is a template for writing your legislator. Add your own personal story or make changes to make it your own. Form letters make less of an impact than personal ones.

Subject: Protect Access to Federal Loans for Medical Students

Dear \[Senator/Representative LAST NAME\],

I’m writing to urge you to protect access to federal student loans for medical students like myself. While I recognize the importance of addressing the national debt, the proposal to eliminate Grad PLUS loans and cap borrowing at $200,000 for professional students will prevent many future doctors, dentists, and other critical professionals from completing their education.

The average cost of attending medical school is well over $250,000, leaving students to cover tens of thousands in gaps with private loans that don’t offer the same protections as federal programs. This proposal disproportionately harms students from low-income families, underrepresented backgrounds, and rural areas.

The U.S. is already facing significant physician shortages. Restricting access to medical education will only deepen the crisis in underserved communities.

Please consider supporting:

* Exemptions or increased borrowing caps for medical, dental, and other high-cost programs.
* Creation of a targeted federal supplemental loan for healthcare shortage fields.
* Strengthening loan forgiveness programs like PSLF for graduates who serve in rural or underserved areas.

Thank you for your leadership and consideration on this issue.

Sincerely,  
\[Your Name\]  
\[Your School or Organization, if applicable\]  
\[Your City/State\]

 

",1749909577.0,/r/medicalschool/comments/1lb9czw/senate_help_committee_loan_proposals_will_harm/,FlexyZebra,https://www.reddit.com/r/medicalschool/comments/1lb9czw/senate_help_committee_loan_proposals_will_harm/,83,medical,"Senate HELP Committee Loan Proposals Will Harm Med School Students- Write Your Senators [From the CRFB](https://www.crfb.org/blogs/senate-help-committee-proposes-355-billion-offsets)\- Jun. 11, 2025, the Senate Health, Education, Labor, and Pensions (HELP) Committee released its part of the Senate reconciliation package, which estimates a savings of roughly **$355 billion** between fiscal year (FY) 2025 and 2034. These savings come from eliminating and limiting loans for graduate-level studies such as medical school.

&gt;They “estimate an additional $50 billion of savings from eliminating graduate PLUS loans and limiting borrowing in other loans. Specifically, the package limits graduate borrowing to $20,500 annually and $100,000 total for master’s students and $50,000 annually and $200,000 total for professional students (such as lawyers, doctors, or dentists). This differs from the House, which had $150,000 aggregate caps for professional students, and annual limits in the House bill were set at the program level.

&gt;The Senate also sets an aggregate cap on the amounts parents can borrow to $20,000 per year and $65,000 lifetime *per child,* whereas the House plan caps aggregate borrowing to $50,000 for all children of the parent. The Senate also leaves loan limits for undergraduates untouched (whereas the House allows for borrowing based on the typical cost of a given program of study) and does not include the House requirement that students borrow before parents. The Senate also retains Subsidized Stafford loans, which are repealed in the House for a savings of $20 billion.”

The median cost of attending medical school per the AAMC (public + living expenses) is $250,000–$300,000+. The proposed $200,000 cap leaves many students tens of thousands short. Eliminating Grad PLUS loans pushes students toward riskier private debt and those loans do not qualify for Public Service Loan Forgiveness (PSLF) or income-driven repayment. It disproportionately harms first-generation students, students from underrepresented racial/ethnic groups, and students without family financial support.

Workforce shortages will worsen if students can’t afford to attend. The AAMC projects a shortage of up to 86,000 physicians by 2036. Reducing access to medical education exacerbates healthcare gaps, especially in rural and underserved areas.

Their rationale for imposing borrowing caps is based on concerns that some graduate programs lead to degrees with limited earning potential, making it difficult for students to repay their loans. They also want to pressure institutions to control tuition inflation. While these are good intentions, the proposals will harm med school students and worsen the physician shortfall if modifications and carveouts aren't made.

Write your Congress members to ask for: 1. Exemptions or increased borrowing caps for medical, dental, and other high-cost programs. 2. Creation of a targeted federal supplemental loan for healthcare shortage fields. 3. Strengthening loan forgiveness programs like PSLF for graduates who serve in rural or underserved areas.

Here is a template for writing your legislator. Add your own personal story or make changes to make it your own. Form letters make less of an impact than personal ones.

Subject: Protect Access to Federal Loans for Medical Students

Dear \[Senator/Representative LAST NAME\],

I’m writing to urge you to protect access to federal student loans for medical students like myself. While I recognize the importance of addressing the national debt, the proposal to eliminate Grad PLUS loans and cap borrowing at $200,000 for professional students will prevent many future doctors, dentists, and other critical professionals from completing their education.

The average cost of attending medical school is well over $250,000, leaving students to cover tens of thousands in gaps with private loans that don’t offer the same protections as federal programs. This proposal disproportionately harms students from low-income families, underrepresented backgrounds, and rural areas.

The U.S. is already facing significant physician shortages. Restricting access to medical education will only deepen the crisis in underserved communities.

Please consider supporting:

* Exemptions or increased borrowing caps for medical, dental, and other high-cost programs.
* Creation of a targeted federal supplemental loan for healthcare shortage fields.
* Strengthening loan forgiveness programs like PSLF for graduates who serve in rural or underserved areas.

Thank you for your leadership and consideration on this issue.

Sincerely,  
\[Your Name\]  
\[Your School or Organization, if applicable\]  
\[Your City/State\]

 

",0.0472371967654986,0.3258086253369273,neutral,senate committee proposal harm student write senator crfb jun senate health education labor pension committee released part senate reconciliation package estimate saving roughly billion fiscal saving come eliminating limiting graduatelevel study gtthey estimate additional billion saving eliminating graduate plus limiting borrowing specifically package limit graduate borrowing annually total master student annually total professional student lawyer doctor dentist differs house aggregate cap professional student annual limit house bill set program level gtthe senate set aggregate cap amount parent borrow per lifetime per child whereas house plan cap aggregate borrowing child parent senate leaf limit undergraduate untouched whereas house allows borrowing based typical cost given program study include house requirement student borrow parent senate retains subsidized stafford repealed house saving billion median cost attending per aamc living expense proposed cap leaf many student ten thousand short eliminating grad plus push student toward riskier private qualify incomedriven repayment disproportionately harm firstgeneration student student underrepresented racialethnic group student without family financial support workforce shortage worsen student cant afford attend aamc project shortage physician reducing access education exacerbates healthcare gap especially rural underserved area rationale imposing borrowing cap based concern graduate program lead degree limited earning potential making difficult student repay want pressure institution control tuition inflation good intention proposal harm student worsen physician shortfall modification carveouts arent made write congress member ask exemption increased borrowing cap dental highcost program creation targeted federal supplemental healthcare shortage field strengthening program like graduate serve rural underserved area template writing legislator add personal story make change make form letter make less impact personal one subject protect access federal student dear senatorrepresentative last name writing urge protect access federal student like recognize importance addressing national proposal eliminate grad plus cap borrowing professional student prevent many future doctor dentist critical professional completing education average cost attending well leaving student cover ten thousand gap private offer protection federal program proposal disproportionately harm student lowincome family underrepresented background rural area already facing significant physician shortage restricting access education deepen crisis underserved community please consider supporting exemption increased borrowing cap dental highcost program creation targeted federal supplemental healthcare shortage field strengthening program like graduate serve rural underserved area thank leadership consideration issue sincerely name organization applicable citystate,3,0.9921459359989784
medicalschool,1knm17t,Bad step 2 score. Feeling disheartened,"Hello!

I’m a USMD student and I got my step 2 score back yesterday and feeling disheartened with my 238 on the real deal. I was expecting more mid 240s. I’m super interested in neurology and really REALLY want to match at my home program where my partner is completing his PhD.

For clerkships, I have had all high passes except for neuro and peds which I’ve honored.

For ECs, pretty diverse, a little bit of medical humanities, a little bit of research, one oral presentation at a conference, a project on neurological health disparities, and an asylum clinic leadership position.

I’m only interested in matching on the west coast to be near my SO.

I’m also considering child neuro as well.. wondering which specialty is more forgiving of a low step 2 score?

How much will this score set me back? What else can I do to beef up my chances of matching where I want?",1747350132.0,/r/medicalschool/comments/1knm17t/bad_step_2_score_feeling_disheartened/,looksgoodingreen,https://www.reddit.com/r/medicalschool/comments/1knm17t/bad_step_2_score_feeling_disheartened/,49,medical,"Bad step 2 score. Feeling disheartened Hello!

I’m a USMD student and I got my step 2 score back yesterday and feeling disheartened with my 238 on the real deal. I was expecting more mid 240s. I’m super interested in neurology and really REALLY want to match at my home program where my partner is completing his PhD.

For clerkships, I have had all high passes except for neuro and peds which I’ve honored.

For ECs, pretty diverse, a little bit of medical humanities, a little bit of research, one oral presentation at a conference, a project on neurological health disparities, and an asylum clinic leadership position.

I’m only interested in matching on the west coast to be near my SO.

I’m also considering child neuro as well.. wondering which specialty is more forgiving of a low step 2 score?

How much will this score set me back? What else can I do to beef up my chances of matching where I want?",0.0846666666666666,0.4136666666666667,neutral,bad step score feeling disheartened hello usmd got step score back yesterday feeling disheartened real deal expecting mid super interested neurology really really want match home program partner completing phd clerkship high pass except neuro peds honored ec pretty diverse little bit humanity little bit research oral presentation conference project neurological health disparity asylum clinic leadership position interested matching west coast near considering child neuro well wondering specialty forgiving low step score much score set back else beef chance matching want,0,0.9460317504845778
medicalschool,1kdgkgv,Suggestions for Anatomy &amp; Physiology textbooks?,"Hi all, forgive me if this isn’t really a good place to ask. I’m actually in college for animation and am an artist outside of school as well. Doing life drawings and anatomy studies frequently has kind of rekindled an old passion I had for Anatomy &amp; Physiology before I chose this career, and want to study it again in whatever free time I can scrounge up. I thought it would be a good idea to ask those who probably have more experienced opinions (and I find it difficult to trust any top results on search engines nowadays..) 

For additional context: I do already have a basic understanding of stuff, so like, “for dummies” wouldn’t really cut it lol. 

Thanks! 
",1746233158.0,/r/medicalschool/comments/1kdgkgv/suggestions_for_anatomy_physiology_textbooks/,BigIkesmcYikes,https://www.reddit.com/r/medicalschool/comments/1kdgkgv/suggestions_for_anatomy_physiology_textbooks/,3,medical,"Suggestions for Anatomy &amp; Physiology textbooks? Hi all, forgive me if this isn’t really a good place to ask. I’m actually in college for animation and am an artist outside of school as well. Doing life drawings and anatomy studies frequently has kind of rekindled an old passion I had for Anatomy &amp; Physiology before I chose this career, and want to study it again in whatever free time I can scrounge up. I thought it would be a good idea to ask those who probably have more experienced opinions (and I find it difficult to trust any top results on search engines nowadays..) 

For additional context: I do already have a basic understanding of stuff, so like, “for dummies” wouldn’t really cut it lol. 

Thanks! 
",0.3218749999999999,0.4796875000000001,positive,suggestion anatomy amp physiology textbook forgive isnt really good place ask actually college animation artist outside well life drawing anatomy study frequently kind rekindled old passion anatomy amp physiology chose career want study whatever free scrounge thought good idea ask probably experienced opinion find difficult trust top result search engine nowadays additional context already basic understanding stuff like dummy wouldnt really cut lol thanks,0,0.9254856048301928
medicalschool,1k0qhrx,Pediatrics vs IM,"I am a visa-requiring IMG (YOG: 2019) with a Master’s in International Health Management, no gaps, and continuous clinical experience in my home country.  
Given how competitive Internal Medicine is becoming for old, visa-requiring IMGs, I’m considering shifting my application to Pediatrics.  
Pediatrics seems more forgiving toward older graduates, and the environment appears more welcoming and friendly.  
I don’t have a particular preference between IM and Pediatrics, as I believe I would excel in both. My main concern is securing a match.

What would you do if you were in my shoes—stick with IM or pivot to Pediatrics? I’d love to hear your reasoning and experiences",1744825301.0,/r/medicalschool/comments/1k0qhrx/pediatrics_vs_im/,S_amhouri_95,https://www.reddit.com/r/medicalschool/comments/1k0qhrx/pediatrics_vs_im/,5,medical,"Pediatrics vs IM I am a visa-requiring IMG (YOG: 2019) with a Master’s in International Health Management, no gaps, and continuous clinical experience in my home country.  
Given how competitive Internal Medicine is becoming for old, visa-requiring IMGs, I’m considering shifting my application to Pediatrics.  
Pediatrics seems more forgiving toward older graduates, and the environment appears more welcoming and friendly.  
I don’t have a particular preference between IM and Pediatrics, as I believe I would excel in both. My main concern is securing a match.

What would you do if you were in my shoes—stick with IM or pivot to Pediatrics? I’d love to hear your reasoning and experiences",0.2659090909090909,0.3772727272727273,positive,pediatrics visarequiring img yog master international health management gap continuous clinical experience home country given competitive internal medicine becoming old visarequiring imgs considering shifting application pediatrics pediatrics seems forgiving toward older graduate environment appears welcoming friendly particular preference pediatrics believe excel main concern securing match shoesstick pivot pediatrics love hear reasoning experience,2,0.7956147192031411
medicalschool,1js2vyu,Ran into some scum medical student,"I’m an attending at a large academic hospital (orthopedic surgery by the way). I was walking in the hallway when suddenly some scum medical student was standing in the middle of the hallway staring straight down at their notes, completely oblivious to their surroundings. I quickly sized up the student, and I quickly computed their bench press to be a pathetic sub 225. I knew I had to assert my dominance over the little scrawny twerp.

I proceeded to run into the student and watched as they crumpled to the ground. The student looked up in horror, and instead of standing up for themselves, they profusely apologized as I towered above them. I had never seen anything more pathetic in my life. “I’m so sorry, I’m so sorry I didn’t see you there”. 

I sneered. “You didn’t see me? I’m 6’3”, 240, and wearing a Patagonia vest embroidered with Chief of Ortho. I’m not exactly inconspicuous.”

The student scrambled to gather their papers, hands shaking, probably wondering if their future just ended in a pile of looseleaf and shame. I looked down at the crumpled printout—some pathetic attempt at learning the rotator cuff muscles. I scoffed.

“You misspelled infraspinatus,” I said, crushing what little spirit they had left.

They stammered something—probably a desperate plea for forgiveness or a last-ditch effort to salvage their eval. I don’t remember. I was already walking away, dictating op notes in my head and wondering if this kid would even survive a week on trauma call.

But just before turning the corner, I paused. I turned slightly, just enough so they could hear me:

“Next time, eyes up, kid.”",1743857970.0,/r/medicalschool/comments/1js2vyu/ran_into_some_scum_medical_student/,succulent-salamander,https://www.reddit.com/r/medicalschool/comments/1js2vyu/ran_into_some_scum_medical_student/,655,medical,"Ran into some scum medical student I’m an attending at a large academic hospital (orthopedic surgery by the way). I was walking in the hallway when suddenly some scum medical student was standing in the middle of the hallway staring straight down at their notes, completely oblivious to their surroundings. I quickly sized up the student, and I quickly computed their bench press to be a pathetic sub 225. I knew I had to assert my dominance over the little scrawny twerp.

I proceeded to run into the student and watched as they crumpled to the ground. The student looked up in horror, and instead of standing up for themselves, they profusely apologized as I towered above them. I had never seen anything more pathetic in my life. “I’m so sorry, I’m so sorry I didn’t see you there”. 

I sneered. “You didn’t see me? I’m 6’3”, 240, and wearing a Patagonia vest embroidered with Chief of Ortho. I’m not exactly inconspicuous.”

The student scrambled to gather their papers, hands shaking, probably wondering if their future just ended in a pile of looseleaf and shame. I looked down at the crumpled printout—some pathetic attempt at learning the rotator cuff muscles. I scoffed.

“You misspelled infraspinatus,” I said, crushing what little spirit they had left.

They stammered something—probably a desperate plea for forgiveness or a last-ditch effort to salvage their eval. I don’t remember. I was already walking away, dictating op notes in my head and wondering if this kid would even survive a week on trauma call.

But just before turning the corner, I paused. I turned slightly, just enough so they could hear me:

“Next time, eyes up, kid.”",-0.1321556579621096,0.4402585765488991,negative,ran scum attending large academic hospital orthopedic surgery way walking hallway suddenly scum standing middle hallway staring straight note completely oblivious surroundings quickly sized quickly computed bench press pathetic sub knew assert dominance little scrawny twerp proceeded run watched crumpled ground looked horror instead standing profusely apologized towered never seen anything pathetic life sorry sorry didnt see sneered didnt see wearing patagonia vest embroidered chief ortho exactly inconspicuous scrambled gather paper hand shaking probably wondering future ended pile looseleaf shame looked crumpled printoutsome pathetic attempt learning rotator cuff muscle scoffed misspelled infraspinatus said crushing little spirit left stammered somethingprobably desperate plea lastditch effort salvage eval remember already walking away dictating note head wondering kid even survive week trauma call turning corner paused turned slightly enough hear next eye kid,0,0.9187092302606075
medicalschool,1jhb31s,PSLF is safe with a catch..,"https://www.whitehouse.gov/presidential-actions/2025/03/restoring-public-service-loan-forgiveness/

Trump admin has announced that PSLF isn’t going away, but they are making sure that funds don’t go to terrorists. In their definitions of who will be excluded, they included organizations that promote child abuse. They went on to state that anything that has to do with transgender care for minors, including puberty blockers, is child abuse, and therefore terrorism. Not only will you not be eligible for PSLF if your organization gives transgender care for minors, it appears you will not be eligible if your state allows any organization to do it. 

Even if you are anti-transgender care or don’t care about PSLF or are pro life or whatever it is where you might have possibly been dismissing his actions as fine, this should really fucking scare you. He just put practicing medicine next to terrorism. That’s not a slippery slope, that is a 90 degree cliff face made of ice and crisco. Moving from losing PSLF to facing federal charges is not a big step with these definitions. And facing charges as a terrorist… this is the scariest thing they have done yet. ",1742657564.0,/r/medicalschool/comments/1jhb31s/pslf_is_safe_with_a_catch/,FrequentlyRushingMan,https://www.reddit.com/r/medicalschool/comments/1jhb31s/pslf_is_safe_with_a_catch/,419,medical,"PSLF is safe with a catch.. https://www.whitehouse.gov/presidential-actions/2025/03/restoring-public-service-loan-forgiveness/

Trump admin has announced that PSLF isn’t going away, but they are making sure that funds don’t go to terrorists. In their definitions of who will be excluded, they included organizations that promote child abuse. They went on to state that anything that has to do with transgender care for minors, including puberty blockers, is child abuse, and therefore terrorism. Not only will you not be eligible for PSLF if your organization gives transgender care for minors, it appears you will not be eligible if your state allows any organization to do it. 

Even if you are anti-transgender care or don’t care about PSLF or are pro life or whatever it is where you might have possibly been dismissing his actions as fine, this should really fucking scare you. He just put practicing medicine next to terrorism. That’s not a slippery slope, that is a 90 degree cliff face made of ice and crisco. Moving from losing PSLF to facing federal charges is not a big step with these definitions. And facing charges as a terrorist… this is the scariest thing they have done yet. ",0.1020833333333333,0.5986111111111111,positive,safe catch trump admin announced isnt away making sure fund terrorist definition excluded included organization promote child abuse went state anything transgender care minor including puberty blocker child abuse therefore terrorism eligible organization give transgender care minor appears eligible state allows organization even antitransgender care care pro life whatever might possibly dismissing action fine really fucking scare put practicing medicine next terrorism slippery slope degree cliff face made ice crisco moving losing facing federal charge big step definition facing charge terrorist scariest thing done yet,4,0.954532914883242
medicalschool,1j8z7tt,"starting residency, federal loan repayment advice","hi all

starting residency this summer, next week is my last week as a student. originally planning to do IM -&gt; primary care, with the intention of pursuing a PSLF career pathway. 

I am concerned about the fidelity of PSLF. i understand that I signed a promissory note for my federal loans guaranteeing PSLF. That said, I see that the federal government is already finding ways to gut PSLF (e.g. changing eligibility requirements). I fear that the government will approach the DOE similarly to other agencies by cutting the workforce down to a point that it will take years after the current administration's rule to recoup workforce and institutional knowledge to catch up on PSLF loan forgiveness applications.

With this in mind, my question is, do I make IDR minimums in residency in order to preserve some quality of life *or* should I maximize my loan payment and cut out as much discretionary spending with the intention of paying down my loans quicker? 

  
What approaches are other incoming interns planning to take? Particularly interested in hearing from those going into careers with less earning potential.

Thanks &lt;3 ",1741721175.0,/r/medicalschool/comments/1j8z7tt/starting_residency_federal_loan_repayment_advice/,saltybinch,https://www.reddit.com/r/medicalschool/comments/1j8z7tt/starting_residency_federal_loan_repayment_advice/,18,medical,"starting residency, federal loan repayment advice hi all

starting residency this summer, next week is my last week as a student. originally planning to do IM -&gt; primary care, with the intention of pursuing a PSLF career pathway. 

I am concerned about the fidelity of PSLF. i understand that I signed a promissory note for my federal loans guaranteeing PSLF. That said, I see that the federal government is already finding ways to gut PSLF (e.g. changing eligibility requirements). I fear that the government will approach the DOE similarly to other agencies by cutting the workforce down to a point that it will take years after the current administration's rule to recoup workforce and institutional knowledge to catch up on PSLF loan forgiveness applications.

With this in mind, my question is, do I make IDR minimums in residency in order to preserve some quality of life *or* should I maximize my loan payment and cut out as much discretionary spending with the intention of paying down my loans quicker? 

  
What approaches are other incoming interns planning to take? Particularly interested in hearing from those going into careers with less earning potential.

Thanks &lt;3 ",0.005718954248366,0.3594771241830065,neutral,starting residency federal repayment advice starting residency summer next week last week originally planning primary care intention pursuing career pathway concerned fidelity understand signed promissory note federal guaranteeing said see federal government already finding way gut changing eligibility requirement fear government approach doe similarly agency cutting workforce point take year current administration rule recoup workforce institutional knowledge catch application mind make idr minimum residency order preserve quality life maximize cut much discretionary spending intention paying quicker approach incoming intern planning take particularly interested hearing career less earning potential thanks,4,0.9625283890028331
medicalschool,1j7y879,I think this administration broke my med school dream,"Well, I was supposed to start a DO program this summer. I am a non read and I've been working towards this for a long time. Have two little kids.

My dream was a relaxed family med outpatient practice. Wanted to be able to support my family and not work crazy hours.

Here's the issue. Federal loans are sitting at 9% interest right now. If I take out enough to live on and cover tuition, then forbesr my loans during residency, I'll come out with over half a million dollars in debt.

The only way this makes sense with family med money would be if I can do IBR and ideally qualify for public loan service forgiveness. 

IBR does not exist anymore, and PLSF is being damaged. 

I don't think I can put my family through the rigours of med school to come out owing so much that my paycheck won't look much different than it doesn't not for 10 years. 

I could go for a higher paying specialty, but I am nervous about it with little kids.

I think maybe this just doesn't make sense for me anymore.",1741612205.0,/r/medicalschool/comments/1j7y879/i_think_this_administration_broke_my_med_school/,Strange_Inspector_43,https://www.reddit.com/r/medicalschool/comments/1j7y879/i_think_this_administration_broke_my_med_school/,526,medical,"I think this administration broke my med school dream Well, I was supposed to start a DO program this summer. I am a non read and I've been working towards this for a long time. Have two little kids.

My dream was a relaxed family med outpatient practice. Wanted to be able to support my family and not work crazy hours.

Here's the issue. Federal loans are sitting at 9% interest right now. If I take out enough to live on and cover tuition, then forbesr my loans during residency, I'll come out with over half a million dollars in debt.

The only way this makes sense with family med money would be if I can do IBR and ideally qualify for public loan service forgiveness. 

IBR does not exist anymore, and PLSF is being damaged. 

I don't think I can put my family through the rigours of med school to come out owing so much that my paycheck won't look much different than it doesn't not for 10 years. 

I could go for a higher paying specialty, but I am nervous about it with little kids.

I think maybe this just doesn't make sense for me anymore.",0.072027417027417,0.5329365079365079,neutral,think administration broke dream well supposed start program summer non read working towards long two little kid dream relaxed family outpatient practice wanted able support family work crazy hour here issue federal sitting interest right take enough live cover tuition forbesr residency ill come half million dollar way make sense family money ibr ideally qualify ibr exist anymore plsf damaged think put family rigour come owing much paycheck wont look much different doesnt year higher paying specialty nervous little kid think maybe doesnt make sense anymore,1,0.9687886380211319
medicalschool,1j1wn7x,Help Me Fight Against the End of IDR,"Hello everyone, I have written a bit of an opinion-piece that I hope to turn into a petition for current medical students and residents to voice our deep dissatisfaction with the current administration's encroachment on IDR and Federal Loans. Looking for feedback before circulating as a petition and contacting my state's attorney general. I know this is a small move, but I can't sit by and do nothing. Thanks:

The federal student loan program was created in 1965 to tackle the high cost of secondary and graduate education in the United States. In 1992, Congress approved **Income Contingent Repayment (ICR)** (20 USC 1087e), which allowed for borrowers to have their student loan payments determined by their income – no more than 20% of discretionary income – and offered loan forgiveness after 25 years of monthly payments. This is applicable to Direct Subsidized and Unsubsidized Loans, Direct Consolidation Loans, and Direct PLUS loans (taken out by professional and graduate students). At that time, the median annual cost for 4-year tuition and fees for medical school was US$6,740 and US$18,365, respectively^(1).

 In 2009, **Income Based Repayment (IBR)** became available and set monthly payments at 15% of discretionary income, defined as (Borrower’s Gross Income) – (150% of the poverty guidance relevant for the borrower) and retained loan forgiveness after 25 years of repayment. **IBR2** became law in 2010, although it was not available until 2014, through the Student Aid and Fiscal Responsibility Act. This law reduced the monthly payment to 10% of discretionary income and loan forgiveness after 20 years of payments. **Pay As You Earn (PAYE)** became available in 2012, and closely mirrored IBR2 with some additional stipulations and benefits. A similar plan, **Revised Pay As You Earn (REPAYE)**, was introduced in 2015 with some additional benefits on top of PAYE. The **Save on Valuable Education (SAVE)** plan was rolled out in August, 2023. It reduced the monthly payment to 5% of discretionary income beginning in July, 2024, and included repayment timelines of 20 and 25 years for undergraduate and graduate borrowers, respectively. There are additional benefits in SAVE for low income earners and those with large families with the increased income exemption to 225%. 

**Public Service Loan Forgiveness (PSLF)** was introduced by the Bush administration in 2007. Although the first 10 years of the program’s rollout was fraught with issues that limited its effectiveness, fixes such as the Employer Certification Form have made this an essential program for future physicians. PSLF allows those who work full-time in public service (U.S.-based government organizations at any level, 501(c)(3) organizations, and other not-for-profit organizations) to make a total of 120 qualifying, nonconsecutive payments under an income driven repayment plan (SAVE, PAYE, IBR, ICR). 

The following is a direct line from the Master Promissory Note for Direct Subsidized and Unsubsidized Loans, as well as Direct PLUS Loans:

·      **Public Service Loan Forgiveness**

·      A Public Service Loan Forgiveness (PSLF) program is also available. Under this program, we will forgive the remaining balance due on your Direct Loans after you have made 120 payments (after October 1, 2007) on those loans under certain repayment plans while you are employed full-time by a qualifying employer. The required 120 payments do not have to be consecutive. Qualifying repayment plans include the REPAYE Plan, the PAYE Plan, the IBR Plan, the ICR Plan, and the Standard Repayment Plan with a 10-year repayment period.

·      **Note:** Although the Standard Repayment Plan with a 10-year repayment period is a qualifying repayment plan for PSLF, to receive any loan forgiveness under this program you must enter the REPAYE Plan, the PAYE Plan, the IBR Plan, or the ICR Plan, and make the majority of the 120 payments under one of those plans.

In spring 2024, a federal court issued an injunction from fully implementing the SAVE plan. In July 2024, the 8^(th) circuit court of appeals blocked the SAVE plan in its entirety, placing those already in the program in interest-free forbearance. On February 18^(th), 2025, this same court upheld the injunction for the SAVE plan. The Trump administration has also blocked processing of PAYE and ICR plans as well. **At this time, the Department of Education has removed online applications to apply for federal Direct consolidation loans and income based repayment plans and are forced to pay the standardized repayment plan cost.** This is in direct conflict with the Master Promissory Note for each loan, which is signed each time a loan is taken out, and specifically states that our loans are eligible for PSLF, which requires that most payments must be completed under income driven repayment plans (REPAYE, PAYE, IBR, or ICR). 

I will use myself as an example of the seriousness of this issue. I am a rising intern, starting work in July. Interns and residents are expected to work up to 80 hours per week. Using an $80,000 per year salary for a resident (which is quite conservative) and $310,000 in unsubsidized federal loans (which were accrued over 4 years at a state school and included cost-of-living loans), my monthly payment on SAVE would be $384/month; on IBR would be $478/month; and on standard repayment plan would be $3,649/month. Under the current tax code, my take home salary would be $4,748/month in Massachusetts. These numbers will change with salary as residents move to become an attending but, under income drive repayment plans, that monthly payment will never exceed the monthly standard repayment plan. After 120 nonconsecutive payments on an income drive repayment plan, the remainder of the balance of my loans would be forgiven tax-free. This example underlines how crucial these income driven repayment plans are for residents in particular. While Massachusetts is a high cost of living state, the public and private medical school total cost of attendance in 2024 across the country was $60,000/year for in-state students and $90,000/year for private institutions, including tuition, fees, and living expenses. Thus, $310,000 in loans, including interest accrued during school, is typical. Furthermore, the salaries for residents in lower-cost of living states are generally lower as well. 

In 2024, the average annual cost of public and private medical school tuition and fees were US$53,485 and US$67,950, respectively^(3). This represents a 694.2% increase in public school costs and 270.5% increase in private school costs, while inflation over the same period is about 124% based on Consumer Price Index, using the Federal Reserve Bank inflation calculator. In 1992, physician average income was $177,400^(4). In 2024, that number was $363,000, although there has always been a wide range of salaries depending on specialty and location across the country^(5). This represents a 104.7% increase between those two timepoints. 

The 2024 physician compensation report projects a shortage of physicians in 2034 that could be as high as 124,000, including 17,800-48,000 deficit in primary care, 16,800 medical specialists, and 13,900 surgeons. The high cost of medical education is frequently cited as one of the biggest barriers to increasing the number of physicians. In addition, the increasing cuts to public insurance (Medicaid and Medicare) and increasing number of insurance claim denials by private insurers will continue to cut into physician salaries, particularly those in primary care. How do we expect to adequately treat an increasingly older and more complex population when we disincentivize future physicians from following this career path? How are young physicians going to be expected to pay for this massive and unexpected increase repayment burden on low salaries for 80 hours of work per week? How do we expect to support public healthcare institutions and public service if there is no more incentive as young physicians will ultimately pursue private medicine just to pay their loans?

 

1: Verduin, M.L., Balon, R., Coverdale, J.H. *et al.* The Rising Cost of Medical Education and Its Significance for (Not Only) Psychiatry. *Acad Psychiatry* **38**, 305–308 (2014). [https://doi.org/10.1007/s40596-014-0118-7](https://doi.org/10.1007/s40596-014-0118-7)

2: Student Borrower Protection Center. (2021). *Driving down distress: How student debt exacerbates financial hardship and limits economic mobility*. Student Borrower Protection Center. [https://protectborrowers.org/wp-content/uploads/2021/09/Driving-Down-Distress.pdf](https://protectborrowers.org/wp-content/uploads/2021/09/Driving-Down-Distress.pdf)

3: Hanson, Melanie. “Average Cost of Medical School” [EducationData.org](http://EducationData.org), November 9, 2024. [https://educationdata.org/average-cost-of-medical-school](https://educationdata.org/average-cost-of-medical-school)

4: Los Angeles Times. (1994, February 13). Average income for physicians $177,400. *Los Angeles Times*. [https://www.latimes.com/archives/la-xpm-1994-02-13-mn-22285-story.html](https://www.latimes.com/archives/la-xpm-1994-02-13-mn-22285-story.html)

5: Medscape. (2024, March 1). *2024 physician compensation report*. Medscape. [https://www.medscape.com/slideshow/2024-compensation-overview-6017073](https://www.medscape.com/slideshow/2024-compensation-overview-6017073)",1740937626.0,/r/medicalschool/comments/1j1wn7x/help_me_fight_against_the_end_of_idr/,zammitti,https://www.reddit.com/r/medicalschool/comments/1j1wn7x/help_me_fight_against_the_end_of_idr/,1,medical,"Help Me Fight Against the End of IDR Hello everyone, I have written a bit of an opinion-piece that I hope to turn into a petition for current medical students and residents to voice our deep dissatisfaction with the current administration's encroachment on IDR and Federal Loans. Looking for feedback before circulating as a petition and contacting my state's attorney general. I know this is a small move, but I can't sit by and do nothing. Thanks:

The federal student loan program was created in 1965 to tackle the high cost of secondary and graduate education in the United States. In 1992, Congress approved **Income Contingent Repayment (ICR)** (20 USC 1087e), which allowed for borrowers to have their student loan payments determined by their income – no more than 20% of discretionary income – and offered loan forgiveness after 25 years of monthly payments. This is applicable to Direct Subsidized and Unsubsidized Loans, Direct Consolidation Loans, and Direct PLUS loans (taken out by professional and graduate students). At that time, the median annual cost for 4-year tuition and fees for medical school was US$6,740 and US$18,365, respectively^(1).

 In 2009, **Income Based Repayment (IBR)** became available and set monthly payments at 15% of discretionary income, defined as (Borrower’s Gross Income) – (150% of the poverty guidance relevant for the borrower) and retained loan forgiveness after 25 years of repayment. **IBR2** became law in 2010, although it was not available until 2014, through the Student Aid and Fiscal Responsibility Act. This law reduced the monthly payment to 10% of discretionary income and loan forgiveness after 20 years of payments. **Pay As You Earn (PAYE)** became available in 2012, and closely mirrored IBR2 with some additional stipulations and benefits. A similar plan, **Revised Pay As You Earn (REPAYE)**, was introduced in 2015 with some additional benefits on top of PAYE. The **Save on Valuable Education (SAVE)** plan was rolled out in August, 2023. It reduced the monthly payment to 5% of discretionary income beginning in July, 2024, and included repayment timelines of 20 and 25 years for undergraduate and graduate borrowers, respectively. There are additional benefits in SAVE for low income earners and those with large families with the increased income exemption to 225%. 

**Public Service Loan Forgiveness (PSLF)** was introduced by the Bush administration in 2007. Although the first 10 years of the program’s rollout was fraught with issues that limited its effectiveness, fixes such as the Employer Certification Form have made this an essential program for future physicians. PSLF allows those who work full-time in public service (U.S.-based government organizations at any level, 501(c)(3) organizations, and other not-for-profit organizations) to make a total of 120 qualifying, nonconsecutive payments under an income driven repayment plan (SAVE, PAYE, IBR, ICR). 

The following is a direct line from the Master Promissory Note for Direct Subsidized and Unsubsidized Loans, as well as Direct PLUS Loans:

·      **Public Service Loan Forgiveness**

·      A Public Service Loan Forgiveness (PSLF) program is also available. Under this program, we will forgive the remaining balance due on your Direct Loans after you have made 120 payments (after October 1, 2007) on those loans under certain repayment plans while you are employed full-time by a qualifying employer. The required 120 payments do not have to be consecutive. Qualifying repayment plans include the REPAYE Plan, the PAYE Plan, the IBR Plan, the ICR Plan, and the Standard Repayment Plan with a 10-year repayment period.

·      **Note:** Although the Standard Repayment Plan with a 10-year repayment period is a qualifying repayment plan for PSLF, to receive any loan forgiveness under this program you must enter the REPAYE Plan, the PAYE Plan, the IBR Plan, or the ICR Plan, and make the majority of the 120 payments under one of those plans.

In spring 2024, a federal court issued an injunction from fully implementing the SAVE plan. In July 2024, the 8^(th) circuit court of appeals blocked the SAVE plan in its entirety, placing those already in the program in interest-free forbearance. On February 18^(th), 2025, this same court upheld the injunction for the SAVE plan. The Trump administration has also blocked processing of PAYE and ICR plans as well. **At this time, the Department of Education has removed online applications to apply for federal Direct consolidation loans and income based repayment plans and are forced to pay the standardized repayment plan cost.** This is in direct conflict with the Master Promissory Note for each loan, which is signed each time a loan is taken out, and specifically states that our loans are eligible for PSLF, which requires that most payments must be completed under income driven repayment plans (REPAYE, PAYE, IBR, or ICR). 

I will use myself as an example of the seriousness of this issue. I am a rising intern, starting work in July. Interns and residents are expected to work up to 80 hours per week. Using an $80,000 per year salary for a resident (which is quite conservative) and $310,000 in unsubsidized federal loans (which were accrued over 4 years at a state school and included cost-of-living loans), my monthly payment on SAVE would be $384/month; on IBR would be $478/month; and on standard repayment plan would be $3,649/month. Under the current tax code, my take home salary would be $4,748/month in Massachusetts. These numbers will change with salary as residents move to become an attending but, under income drive repayment plans, that monthly payment will never exceed the monthly standard repayment plan. After 120 nonconsecutive payments on an income drive repayment plan, the remainder of the balance of my loans would be forgiven tax-free. This example underlines how crucial these income driven repayment plans are for residents in particular. While Massachusetts is a high cost of living state, the public and private medical school total cost of attendance in 2024 across the country was $60,000/year for in-state students and $90,000/year for private institutions, including tuition, fees, and living expenses. Thus, $310,000 in loans, including interest accrued during school, is typical. Furthermore, the salaries for residents in lower-cost of living states are generally lower as well. 

In 2024, the average annual cost of public and private medical school tuition and fees were US$53,485 and US$67,950, respectively^(3). This represents a 694.2% increase in public school costs and 270.5% increase in private school costs, while inflation over the same period is about 124% based on Consumer Price Index, using the Federal Reserve Bank inflation calculator. In 1992, physician average income was $177,400^(4). In 2024, that number was $363,000, although there has always been a wide range of salaries depending on specialty and location across the country^(5). This represents a 104.7% increase between those two timepoints. 

The 2024 physician compensation report projects a shortage of physicians in 2034 that could be as high as 124,000, including 17,800-48,000 deficit in primary care, 16,800 medical specialists, and 13,900 surgeons. The high cost of medical education is frequently cited as one of the biggest barriers to increasing the number of physicians. In addition, the increasing cuts to public insurance (Medicaid and Medicare) and increasing number of insurance claim denials by private insurers will continue to cut into physician salaries, particularly those in primary care. How do we expect to adequately treat an increasingly older and more complex population when we disincentivize future physicians from following this career path? How are young physicians going to be expected to pay for this massive and unexpected increase repayment burden on low salaries for 80 hours of work per week? How do we expect to support public healthcare institutions and public service if there is no more incentive as young physicians will ultimately pursue private medicine just to pay their loans?

 

1: Verduin, M.L., Balon, R., Coverdale, J.H. *et al.* The Rising Cost of Medical Education and Its Significance for (Not Only) Psychiatry. *Acad Psychiatry* **38**, 305–308 (2014). [https://doi.org/10.1007/s40596-014-0118-7](https://doi.org/10.1007/s40596-014-0118-7)

2: Student Borrower Protection Center. (2021). *Driving down distress: How student debt exacerbates financial hardship and limits economic mobility*. Student Borrower Protection Center. [https://protectborrowers.org/wp-content/uploads/2021/09/Driving-Down-Distress.pdf](https://protectborrowers.org/wp-content/uploads/2021/09/Driving-Down-Distress.pdf)

3: Hanson, Melanie. “Average Cost of Medical School” [EducationData.org](http://EducationData.org), November 9, 2024. [https://educationdata.org/average-cost-of-medical-school](https://educationdata.org/average-cost-of-medical-school)

4: Los Angeles Times. (1994, February 13). Average income for physicians $177,400. *Los Angeles Times*. [https://www.latimes.com/archives/la-xpm-1994-02-13-mn-22285-story.html](https://www.latimes.com/archives/la-xpm-1994-02-13-mn-22285-story.html)

5: Medscape. (2024, March 1). *2024 physician compensation report*. Medscape. [https://www.medscape.com/slideshow/2024-compensation-overview-6017073](https://www.medscape.com/slideshow/2024-compensation-overview-6017073)",0.0376836634358758,0.3303104368591094,neutral,fight end idr hello everyone written bit opinionpiece hope turn petition current student resident voice deep dissatisfaction current administration encroachment idr federal looking feedback circulating petition contacting state attorney general small move cant sit nothing thanks federal program created tackle high cost secondary graduate education united state congress approved income contingent repayment icr usc allowed borrower determined income discretionary income offered year monthly applicable direct subsidized unsubsidized direct consolidation direct plus taken professional graduate student median annual cost tuition fee respectively income based repayment ibr became available set monthly discretionary income defined borrower gross income poverty guidance relevant borrower retained year repayment ibr became law although available aid fiscal responsibility act law reduced monthly discretionary income year pay earn paye became available closely mirrored ibr additional stipulation benefit similar plan revised pay earn repaye introduced additional benefit top paye save valuable education save plan rolled august reduced monthly discretionary income beginning july included repayment timeline year undergraduate graduate borrower respectively additional benefit save low income earner large family increased income exemption introduced bush administration although first year program rollout fraught issue limited effectiveness fix employer certification form made essential program future physician allows work fulltime usbased government organization level organization notforprofit organization make total qualifying nonconsecutive income driven repayment plan save paye ibr icr following direct line master promissory note direct subsidized unsubsidized well direct plus program available program forgive remaining balance due direct made october certain repayment plan employed fulltime qualifying employer required consecutive qualifying repayment plan include repaye plan paye plan ibr plan icr plan standard repayment plan repayment period note although standard repayment plan repayment period qualifying repayment plan receive program must enter repaye plan paye plan ibr plan icr plan make majority plan spring federal court issued injunction fully implementing save plan july circuit court appeal blocked save plan entirety placing already program interestfree forbearance february court upheld injunction save plan trump administration blocked processing paye icr plan well department education removed online application apply federal direct consolidation income based repayment plan forced pay standardized repayment plan cost direct conflict master promissory note signed taken specifically state eligible requires must completed income driven repayment plan repaye paye ibr icr use example seriousness issue rising intern starting work july intern resident expected work hour per week using per salary resident quite conservative unsubsidized federal accrued year state included costofliving monthly save month ibr month standard repayment plan month current tax code take home salary month massachusetts number change salary resident move become attending income drive repayment plan monthly never exceed monthly standard repayment plan nonconsecutive income drive repayment plan remainder balance forgiven taxfree example underline crucial income driven repayment plan resident particular massachusetts high cost living state private total cost attendance across country instate student private institution including tuition fee living expense thus including interest accrued typical furthermore salary resident lowercost living state generally lower well average annual cost private tuition fee respectively represents increase cost increase private cost inflation period based consumer price index using federal reserve bank inflation calculator physician average income number although always wide range salary depending specialty location across country represents increase two timepoints physician compensation report project shortage physician high including deficit primary care specialist surgeon high cost education frequently cited biggest barrier increasing number physician addition increasing cut insurance medicaid medicare increasing number insurance claim denial private insurer continue cut physician salary particularly primary care expect adequately treat increasingly older complex population disincentivize future physician following career path young physician expected pay massive unexpected increase repayment burden low salary hour work per week expect support healthcare institution incentive young physician ultimately pursue private medicine pay verduin balon coverdale rising cost education significance psychiatry acad psychiatry borrower protection center driving distress exacerbates financial hardship limit economic mobility borrower protection center hanson melanie average cost educationdataorg november los angeles time february average income physician los angeles time medscape march physician compensation report medscape,4,0.8751131548297483
medicalschool,1iyuctj,Welp.,,1740594224.0,/r/medicalschool/comments/1iyuctj/welp/,ArcadiaBayOregon,https://i.redd.it/czr0nv0a0jle1.jpeg,772,medical,Welp. ,0.0,0.0,neutral,welp,0,0.2
medicalschool,1isrluc,The hits keep coming,"Today, a federal judge ended any hope of the SAVE plan from going back into effect. Since the DOJ would need to appeal the decision and has already announced that they will not, this is the end of SAVE. Rumor is that a generic income based repayment plan will take its place (and the place of any other IBR plans). Of course, that one will have higher percentage for max payment and there will be no forgiveness attached to it. 

Anyone have bets on what tomorrow will bring? When are all the supporters going to grow tired of constantly having a leopard eat their fucking faces?

Edit: I just added the word fucking above. When I first wrote the post it had it in there but then I deleted it to because I didn’t want the post to be offensive to anyone, but fuck that. This should be offensive. 

Edit 2: the joke is: *woman shows surprise and hurt feelings when shortly after voting for the “face-eating-leopards party”, a leopard ate her face.* except it’s really not a joke anymore is it

https://www.cnbc.com/amp/2025/02/18/us-appeals-court-blocks-biden-save-plan-for-student-loans.html",1739923881.0,/r/medicalschool/comments/1isrluc/the_hits_keep_coming/,FrequentlyRushingMan,https://www.reddit.com/r/medicalschool/comments/1isrluc/the_hits_keep_coming/,408,medical,"The hits keep coming Today, a federal judge ended any hope of the SAVE plan from going back into effect. Since the DOJ would need to appeal the decision and has already announced that they will not, this is the end of SAVE. Rumor is that a generic income based repayment plan will take its place (and the place of any other IBR plans). Of course, that one will have higher percentage for max payment and there will be no forgiveness attached to it. 

Anyone have bets on what tomorrow will bring? When are all the supporters going to grow tired of constantly having a leopard eat their fucking faces?

Edit: I just added the word fucking above. When I first wrote the post it had it in there but then I deleted it to because I didn’t want the post to be offensive to anyone, but fuck that. This should be offensive. 

Edit 2: the joke is: *woman shows surprise and hurt feelings when shortly after voting for the “face-eating-leopards party”, a leopard ate her face.* except it’s really not a joke anymore is it

https://www.cnbc.com/amp/2025/02/18/us-appeals-court-blocks-biden-save-plan-for-student-loans.html",-0.09375,0.3534722222222222,neutral,hit keep coming today federal judge ended hope save plan back effect since doj appeal decision already announced end save rumor generic income based repayment plan take place place ibr plan course higher percentage max attached bet tomorrow bring supporter grow tired constantly leopard eat fucking face edit added word fucking first wrote deleted didnt want offensive fuck offensive edit joke woman show surprise hurt feeling shortly voting faceeatingleopards party leopard ate face except really joke anymore,3,0.43195358009052603
medicalschool,1ikr7c1,Changes coming for public loan service foregiveness,"Changes to education loans

The Ways and Means obtained by Politico and outlines proposed federal spending cuts. Some of the relevant items for this group:

1) Elimination of Parent Plus loans by July 1, 2025
2) Limits on unsubsidized federal student loans by July 1, 2025
3) Elimination of tax exemption for scholarships and fellowships 
4)Change in formula to calculate federal student aid eligibility based on median cost of attendance nationally instead of COA
5) Change in formula to calculate Pell grants based on median cost of attendance nationally instead of COA
6) Elimination of tax deduction for student loan interest
7) Elimination of student loan interest forbearance while in school
8) Limit Education Department’s authority to increase student loans 
9) Risk sharing payments required by colleges to participate in federal student loan and PROMISE program 
10) Eliminate SAVE plan for student loan reimbursement 
11) Changes in criteria to limit public service  loan forgiveness 
12) Elimination of Head of Household (impacting single parents)
13) Eliminate state and local income tax deduction 
14) Eliminate mortgage deductions

Link to direct source 

This is from the Senate Finance Committee.  The proposed changes relevant to education start on page 29.    https://www.finance.senate.gov/imo/media/doc/budget_optionspdf.pdf

Link to the article

https://www.politico.com/f/?id=00000194-74a8-d40a-ab9e-7fbc70940000&amp;fbclid=IwZXh0bgNhZW0CMTEAAR1vHYfNUJ5RMhtWgR6IbIqk1TfZWQeTvpJnk-Mti6Yoo0MrCglLfpABXok_aem__DLST75DKVykHub86a4BmQ",1739032349.0,/r/medicalschool/comments/1ikr7c1/changes_coming_for_public_loan_service/,cannotberushed-,https://www.reddit.com/r/medicalschool/comments/1ikr7c1/changes_coming_for_public_loan_service/,232,medical,"Changes coming for public loan service foregiveness Changes to education loans

The Ways and Means obtained by Politico and outlines proposed federal spending cuts. Some of the relevant items for this group:

1) Elimination of Parent Plus loans by July 1, 2025
2) Limits on unsubsidized federal student loans by July 1, 2025
3) Elimination of tax exemption for scholarships and fellowships 
4)Change in formula to calculate federal student aid eligibility based on median cost of attendance nationally instead of COA
5) Change in formula to calculate Pell grants based on median cost of attendance nationally instead of COA
6) Elimination of tax deduction for student loan interest
7) Elimination of student loan interest forbearance while in school
8) Limit Education Department’s authority to increase student loans 
9) Risk sharing payments required by colleges to participate in federal student loan and PROMISE program 
10) Eliminate SAVE plan for student loan reimbursement 
11) Changes in criteria to limit public service  loan forgiveness 
12) Elimination of Head of Household (impacting single parents)
13) Eliminate state and local income tax deduction 
14) Eliminate mortgage deductions

Link to direct source 

This is from the Senate Finance Committee.  The proposed changes relevant to education start on page 29.    https://www.finance.senate.gov/imo/media/doc/budget_optionspdf.pdf

Link to the article

https://www.politico.com/f/?id=00000194-74a8-d40a-ab9e-7fbc70940000&amp;fbclid=IwZXh0bgNhZW0CMTEAAR1vHYfNUJ5RMhtWgR6IbIqk1TfZWQeTvpJnk-Mti6Yoo0MrCglLfpABXok_aem__DLST75DKVykHub86a4BmQ",0.1660714285714286,0.443452380952381,positive,change coming foregiveness change education way mean obtained politico outline proposed federal spending cut relevant item group elimination parent plus july limit unsubsidized federal july elimination tax exemption scholarship fellowship change formula calculate federal aid eligibility based median cost attendance nationally instead coa change formula calculate pell grant based median cost attendance nationally instead coa elimination tax deduction interest elimination interest forbearance limit education department authority increase risk sharing required college participate federal promise program eliminate save plan reimbursement change criterion limit elimination head household impacting single parent eliminate state local income tax deduction eliminate mortgage deduction link direct source senate finance committee proposed change relevant education start page link article,1,0.9779722869373323
medicalschool,1iiaeo5,Write your representatives about PSLF,"Edit: call also it’s more effective!!!!


I’m a pharmacist but hoping you can use my letter as a template. Write your representatives especially the republicans.


Good morning Senator [Last Name],

I am writing to express my deep concern about the future of the Public Service Loan Forgiveness (PSLF) program, particularly for those of us who are already years into our service commitments. My wife and I are both pharmacists at ——— and ———-outside of ———. We entered healthcare with a commitment to serving others, and we care deeply about our patients.

PSLF and the nonprofit status of hospitals have been essential in enabling us to care for Pennsylvania’s population. However, recent discussions about eliminating PSLF or revoking hospitals’ nonprofit status put not only our financial stability at risk but also the future of healthcare access in Pennsylvania. If nonprofit hospitals lose their status, many healthcare workers—including my wife and me—could be disqualified from PSLF, making it significantly harder for professionals to remain in these critical roles.

Pennsylvania, particularly rural areas, is already facing severe shortages of nurses, pharmacists, and doctors. If PSLF or nonprofit hospital status is weakened or eliminated, we risk a drastic decline in healthcare professionals, further limiting access to care for many Pennsylvanians.

When we took out our loans, we entered into an agreement with the government, committing to years of hard work and service—even through the worst pandemic in a century. We simply ask for the chance to fulfill our commitment under the PSLF program. Without it, building a family and maintaining a stable future will become significantly more difficult for us and many others in similar positions.

As you consider policies affecting PSLF and nonprofit hospitals, I urge you to think of the long-term impact on rural Pennsylvania’s healthcare system and the patients who rely on it. Thank you for your time and consideration
",1738763631.0,/r/medicalschool/comments/1iiaeo5/write_your_representatives_about_pslf/,RPheralChild,https://www.reddit.com/r/medicalschool/comments/1iiaeo5/write_your_representatives_about_pslf/,214,medical,"Write your representatives about PSLF Edit: call also it’s more effective!!!!


I’m a pharmacist but hoping you can use my letter as a template. Write your representatives especially the republicans.


Good morning Senator [Last Name],

I am writing to express my deep concern about the future of the Public Service Loan Forgiveness (PSLF) program, particularly for those of us who are already years into our service commitments. My wife and I are both pharmacists at ——— and ———-outside of ———. We entered healthcare with a commitment to serving others, and we care deeply about our patients.

PSLF and the nonprofit status of hospitals have been essential in enabling us to care for Pennsylvania’s population. However, recent discussions about eliminating PSLF or revoking hospitals’ nonprofit status put not only our financial stability at risk but also the future of healthcare access in Pennsylvania. If nonprofit hospitals lose their status, many healthcare workers—including my wife and me—could be disqualified from PSLF, making it significantly harder for professionals to remain in these critical roles.

Pennsylvania, particularly rural areas, is already facing severe shortages of nurses, pharmacists, and doctors. If PSLF or nonprofit hospital status is weakened or eliminated, we risk a drastic decline in healthcare professionals, further limiting access to care for many Pennsylvanians.

When we took out our loans, we entered into an agreement with the government, committing to years of hard work and service—even through the worst pandemic in a century. We simply ask for the chance to fulfill our commitment under the PSLF program. Without it, building a family and maintaining a stable future will become significantly more difficult for us and many others in similar positions.

As you consider policies affecting PSLF and nonprofit hospitals, I urge you to think of the long-term impact on rural Pennsylvania’s healthcare system and the patients who rely on it. Thank you for your time and consideration
",0.0825,0.423015873015873,neutral,write representative edit call effective pharmacist hoping use letter template write representative especially republican good morning senator last name writing express deep concern future program particularly already year commitment wife pharmacist outside entered healthcare commitment serving others care deeply patient nonprofit status hospital essential enabling care pennsylvania population however recent discussion eliminating revoking hospital nonprofit status put financial stability risk future healthcare access pennsylvania nonprofit hospital lose status many healthcare workersincluding wife mecould disqualified making significantly harder professional remain critical role pennsylvania particularly rural area already facing severe shortage nurse pharmacist doctor nonprofit hospital status weakened eliminated risk drastic decline healthcare professional limiting access care many pennsylvanian took entered agreement government committing year hard work serviceeven worst pandemic century simply ask chance fulfill commitment program without building family maintaining stable future become significantly difficult many others similar position consider policy affecting nonprofit hospital urge think longterm impact rural pennsylvania healthcare system patient rely thank consideration,4,0.9738232500975867
medicalschool,1i3xzo1,Different apps when dual applying,"Forgive my ignorance as I’m not sure how ERAS is set up, but when you dual apply, could you choose to have two different lists of research items for each specialty? (I.e. a list that would not include as much research in your primary specialty when applying to your backup specialty so they don’t know you’re dual applying). How about lists of EC’s?",1737168886.0,/r/medicalschool/comments/1i3xzo1/different_apps_when_dual_applying/,IncreaseFine7768,https://www.reddit.com/r/medicalschool/comments/1i3xzo1/different_apps_when_dual_applying/,3,medical,"Different apps when dual applying Forgive my ignorance as I’m not sure how ERAS is set up, but when you dual apply, could you choose to have two different lists of research items for each specialty? (I.e. a list that would not include as much research in your primary specialty when applying to your backup specialty so they don’t know you’re dual applying). How about lists of EC’s?",0.07,0.5577777777777778,neutral,different apps dual applying forgive ignorance sure era set dual apply choose two different list research item specialty list include much research primary specialty applying backup specialty youre dual applying list ec,1,0.7967487406867796
medicalschool,1h5qwww,"Help! A family member had to drop out of med school due to a medical condition, but now she's drowning in loans","As the title says, she had to leave for her health but now is responsible for paying back over $100k of loans. Does anybody have any advice for this? (I'm not giving details on the condition to respect her privacy)

  
Since the drop was for medical reasons instead of her simply choosing to leave, I am hoping there's some kind of program that can provide assistance, like loan forgiveness or a waiver or something.

  
I'm not a med-school person and have never had to deal with such high loans, so I don't really know where to start. She should be able to contact the school's Disability Resource Center, her doctor, the loan agency, and/or anyone else she needs to. I just wanted to see if anyone here knew of a similar situation and how to deal with it.

  
Any advice is greatly appreciated! Thanks in advance!",1733242041.0,/r/medicalschool/comments/1h5qwww/help_a_family_member_had_to_drop_out_of_med/,JustABootThing,https://www.reddit.com/r/medicalschool/comments/1h5qwww/help_a_family_member_had_to_drop_out_of_med/,0,medical,"Help! A family member had to drop out of med school due to a medical condition, but now she's drowning in loans As the title says, she had to leave for her health but now is responsible for paying back over $100k of loans. Does anybody have any advice for this? (I'm not giving details on the condition to respect her privacy)

  
Since the drop was for medical reasons instead of her simply choosing to leave, I am hoping there's some kind of program that can provide assistance, like loan forgiveness or a waiver or something.

  
I'm not a med-school person and have never had to deal with such high loans, so I don't really know where to start. She should be able to contact the school's Disability Resource Center, her doctor, the loan agency, and/or anyone else she needs to. I just wanted to see if anyone here knew of a similar situation and how to deal with it.

  
Any advice is greatly appreciated! Thanks in advance!",0.129,0.3231428571428571,positive,family member drop due condition shes drowning title say leave health responsible paying back anybody advice giving detail condition respect privacy since drop reason instead simply choosing leave hoping there kind program provide assistance like waiver something medschool person never deal high really start able contact school disability resource center doctor agency andor else need wanted see knew similar situation deal advice greatly appreciated thanks advance,0,0.9420641133029952
medicine,1nx4pgm,Student loan decisions??,"My Reddit hive, I wanted to get your opinion on best next steps with respect to loans. Thank you in advance! 

Will be graduating fellowship next year and joining a hospital employed/academic site that is eligible for PSLF. 

HHI as attending: ~ 475k

Loans: ~275k (all federal), about 6% interest rate. Have about 4 years of PSLF payment. No other major debt from our end

Refi rates I’ve seen are closer to 4.5-5% for 7-10 year terms, so would be about 3k a month. IBR currently would be likely 1k/month until I have full attending salary and recertify

I am currently on SAVE and am accruing interest. Thinking about moving onto IBR if possible to make lower payments in case PSLF route. 

Live in a VHCOL area, plan to max out 403b/457,backdoor Roth IRAs. Will likely have about 5-6 k a month left after all expenses and loans to invest and save for down payment 

Options are:
1. Stay on SAVE for now, possibly transition to different plan when attending in 1 year
2. Move to IBR in hopes of eventual PSLF
3. Refinance (even if academics), though I do want to heavily invest and get money in the market earlier in my career
",1759510703.0,/r/medicine/comments/1nx4pgm/student_loan_decisions/,strivingdoc,https://www.reddit.com/r/medicine/comments/1nx4pgm/student_loan_decisions/,0,medical,"Student loan decisions?? My Reddit hive, I wanted to get your opinion on best next steps with respect to loans. Thank you in advance! 

Will be graduating fellowship next year and joining a hospital employed/academic site that is eligible for PSLF. 

HHI as attending: ~ 475k

Loans: ~275k (all federal), about 6% interest rate. Have about 4 years of PSLF payment. No other major debt from our end

Refi rates I’ve seen are closer to 4.5-5% for 7-10 year terms, so would be about 3k a month. IBR currently would be likely 1k/month until I have full attending salary and recertify

I am currently on SAVE and am accruing interest. Thinking about moving onto IBR if possible to make lower payments in case PSLF route. 

Live in a VHCOL area, plan to max out 403b/457,backdoor Roth IRAs. Will likely have about 5-6 k a month left after all expenses and loans to invest and save for down payment 

Options are:
1. Stay on SAVE for now, possibly transition to different plan when attending in 1 year
2. Move to IBR in hopes of eventual PSLF
3. Refinance (even if academics), though I do want to heavily invest and get money in the market earlier in my career
",0.0697671156004489,0.495216049382716,neutral,decision hive wanted opinion best next step respect thank advance graduating fellowship next joining hospital employedacademic site eligible hhi attending federal interest rate year major end refi rate seen closer term month ibr currently likely kmonth full attending salary recertify currently save accruing interest thinking moving onto ibr possible make lower case route live vhcol area plan max bbackdoor roth ira likely month left expense invest save option stay save possibly transition different plan attending move ibr hope eventual refinance even academic though want heavily invest money market earlier career,3,0.969701472110644
medicine,1nc8k0p,Interest in clinical informatics,"Hello everyone,

What can I do to explore/gain experience in the field of clinical informatics if I am a new attending? I am considering applying for the fellowship in a year after I pay off my student loans. Anyone know how competitive these spots are? Do you think going for a masters will be enough instead? Not really sure where to start to break into the field.",1757388943.0,/r/medicine/comments/1nc8k0p/interest_in_clinical_informatics/,necrotizingfasciitiz,https://www.reddit.com/r/medicine/comments/1nc8k0p/interest_in_clinical_informatics/,17,medical,"Interest in clinical informatics Hello everyone,

What can I do to explore/gain experience in the field of clinical informatics if I am a new attending? I am considering applying for the fellowship in a year after I pay off my student loans. Anyone know how competitive these spots are? Do you think going for a masters will be enough instead? Not really sure where to start to break into the field.",-0.0378787878787878,0.6144781144781145,neutral,interest clinical informatics hello everyone exploregain experience field clinical informatics new attending considering applying fellowship pay competitive spot think master enough instead really sure start break field,0,0.9262567887466411
medicine,1nbksce,New attending blues,"A month into attendinghood and the medicine itself is feeling better, but the mental health isn’t. After wanting to achieve this goal for so long, nothing feels that different. The paycheck is nice, but a lot of it gets auto invested in a 401k, the rest goes to student loans so my lifestyle still feels like residency. I don’t even know who I am as a person outside of medicine. Anyone else feeling this way?",1757329690.0,/r/medicine/comments/1nbksce/new_attending_blues/,Good-Championship278,https://www.reddit.com/r/medicine/comments/1nbksce/new_attending_blues/,274,medical,"New attending blues A month into attendinghood and the medicine itself is feeling better, but the mental health isn’t. After wanting to achieve this goal for so long, nothing feels that different. The paycheck is nice, but a lot of it gets auto invested in a 401k, the rest goes to student loans so my lifestyle still feels like residency. I don’t even know who I am as a person outside of medicine. Anyone else feeling this way?",0.1551948051948052,0.4577922077922078,positive,new attending blue month attendinghood medicine feeling better mental health isnt wanting achieve goal long nothing feel different paycheck nice lot get auto invested rest go lifestyle still feel like residency even person outside medicine else feeling way,0,0.5028308850495463
medicine,1lp09ds,United Healthcare “Stopped Reimbursement “ and “Forced Practice to Take out Loans” through a Subsidiary,"I'm not sure why I'm not able to post this link but I think this story needs to be seen. In this article, Dr Mazzola talks about her experience with United Healthcare - reimbursement stopped and she reports that she had to take out loans from a United subsidiary.


https://www.nbcphiladelphia.com/news/health/brain-surgeons-clash-unitedhealthcare-insurers-hardball-tactics/4214977/",1751372599.0,/r/medicine/comments/1lp09ds/united_healthcare_stopped_reimbursement_and/,NeurosurgInterest,https://www.reddit.com/r/medicine/comments/1lp09ds/united_healthcare_stopped_reimbursement_and/,321,medical,"United Healthcare “Stopped Reimbursement “ and “Forced Practice to Take out Loans” through a Subsidiary I'm not sure why I'm not able to post this link but I think this story needs to be seen. In this article, Dr Mazzola talks about her experience with United Healthcare - reimbursement stopped and she reports that she had to take out loans from a United subsidiary.


https://www.nbcphiladelphia.com/news/health/brain-surgeons-clash-unitedhealthcare-insurers-hardball-tactics/4214977/",-0.2666666666666666,0.5712962962962963,negative,united healthcare stopped reimbursement forced practice take subsidiary sure able link think story need seen article mazzola talk experience united healthcare reimbursement stopped report take united subsidiary,1,0.8981028843596577
medicine,1loieu7,Concerning the Federal loan cap,"I’m aware that the interest rates for private lenders is much higher, but how much? People have told me this cap is reasonable and I’m too stupid to be a physician for thinking it will have a lot of negative effects.",1751315543.0,/r/medicine/comments/1loieu7/concerning_the_federal_loan_cap/,Connect-War6612,https://www.reddit.com/r/medicine/comments/1loieu7/concerning_the_federal_loan_cap/,22,medical,"Concerning the Federal loan cap I’m aware that the interest rates for private lenders is much higher, but how much? People have told me this cap is reasonable and I’m too stupid to be a physician for thinking it will have a lot of negative effects.",-0.0285714285714285,0.475,neutral,concerning federal cap aware interest rate private lender much higher much people told cap reasonable stupid physician thinking lot negative effect,3,0.918096029119256
medicine,1ll1gir,"Trump admin proposes PSLF changes: organizations that provide care to transgender patients or immigrants, or that simply have DEI programs","https://www.forbes.com/sites/adamminsky/2025/06/25/trump-administration-unveils-sweeping-student-loan-forgiveness-restrictions/

The Trump administration would define “substantial illegal purpose” to include:

* ~~Providing healthcare to transgender people under the age of 19, including prescribing puberty blockers or hormone therapy;~~ *after reading the executive order text, it's more explicit that this restriction is only for gender-affirming care for minors, not general medical care to anyone identifying as transgender as a minor. But this is still terrible for PSLF because even if you agree that gender-affirming care for minors is wrong, any performance of the care in your organization will revoke your eligibility.*
* “Aiding or abetting"" violations of federal immigration laws;
* “Engaging in a pattern of aiding and abetting illegal discrimination,” which the administration could interpret to mean advancing diversity, equity, and inclusion programs; and
* “Engaging in a pattern of violating State tort laws,” which can include creating a “public nuisance.”

So much for any pretense that they aren't targeting vulnerable groups. Or that they aren't being oppressive towards healthcare workers and dictating their choices in providing care to said vulnerable groups.

Every time PSLF gets brought up in physician discussion spaces, i hear the same talking points...""it's already in contract"" or ""it's bad optics."" And every time, i said ""don't depend on the program."" Well...[here we are.](https://www.youtube.com/watch?v=LU_Zzm3AKtg)",1750947867.0,/r/medicine/comments/1ll1gir/trump_admin_proposes_pslf_changes_organizations/,Julian_Caesar,https://www.reddit.com/r/medicine/comments/1ll1gir/trump_admin_proposes_pslf_changes_organizations/,347,medical,"Trump admin proposes PSLF changes: organizations that provide care to transgender patients or immigrants, or that simply have DEI programs https://www.forbes.com/sites/adamminsky/2025/06/25/trump-administration-unveils-sweeping-student-loan-forgiveness-restrictions/

The Trump administration would define “substantial illegal purpose” to include:

* ~~Providing healthcare to transgender people under the age of 19, including prescribing puberty blockers or hormone therapy;~~ *after reading the executive order text, it's more explicit that this restriction is only for gender-affirming care for minors, not general medical care to anyone identifying as transgender as a minor. But this is still terrible for PSLF because even if you agree that gender-affirming care for minors is wrong, any performance of the care in your organization will revoke your eligibility.*
* “Aiding or abetting"" violations of federal immigration laws;
* “Engaging in a pattern of aiding and abetting illegal discrimination,” which the administration could interpret to mean advancing diversity, equity, and inclusion programs; and
* “Engaging in a pattern of violating State tort laws,” which can include creating a “public nuisance.”

So much for any pretense that they aren't targeting vulnerable groups. Or that they aren't being oppressive towards healthcare workers and dictating their choices in providing care to said vulnerable groups.

Every time PSLF gets brought up in physician discussion spaces, i hear the same talking points...""it's already in contract"" or ""it's bad optics."" And every time, i said ""don't depend on the program."" Well...[here we are.](https://www.youtube.com/watch?v=LU_Zzm3AKtg)",-0.1625,0.5054197994987468,negative,trump admin proposes change organization provide care transgender patient immigrant simply dei program trump administration define substantial illegal purpose include providing healthcare transgender people age including prescribing puberty blocker hormone therapy reading executive order text explicit restriction genderaffirming care minor general care identifying transgender minor still terrible even agree genderaffirming care minor wrong performance care organization revoke eligibility aiding abetting violation federal immigration law engaging pattern aiding abetting illegal discrimination administration interpret mean advancing diversity equity inclusion program engaging pattern violating state tort law include creating nuisance much pretense arent targeting vulnerable group arent oppressive towards healthcare worker dictating choice providing care said vulnerable group every get brought physician discussion space hear talking pointsits already contract bad optic every said depend program wellhere,4,0.9686993635117912
medicine,1kstees,Tax bill will eliminate Grad PLUS loans,"https://www.axios.com/2025/05/21/tax-bill-medical-student-loan-limits

-Eliminate Grad PLUS loans - a federal unsubsidized loan that allows med students to borrow up to cost of attendance. 

-Cap federal professional school loans at $150,000

-Loan payments in residency no longer count towards loan forgiveness 

-require universities to pay a portion of unpaid student loans back to the federal government

-Over 80% of D.O. graduates who borrowed, had Grad PLUS loans, according to AACOM",1747927233.0,/r/medicine/comments/1kstees/tax_bill_will_eliminate_grad_plus_loans/,mtbizzle,https://www.reddit.com/r/medicine/comments/1kstees/tax_bill_will_eliminate_grad_plus_loans/,805,medical,"Tax bill will eliminate Grad PLUS loans https://www.axios.com/2025/05/21/tax-bill-medical-student-loan-limits

-Eliminate Grad PLUS loans - a federal unsubsidized loan that allows med students to borrow up to cost of attendance. 

-Cap federal professional school loans at $150,000

-Loan payments in residency no longer count towards loan forgiveness 

-require universities to pay a portion of unpaid student loans back to the federal government

-Over 80% of D.O. graduates who borrowed, had Grad PLUS loans, according to AACOM",0.1,0.1666666666666666,positive,tax bill eliminate grad plus eliminate grad plus federal unsubsidized allows student borrow cost attendance cap federal professional residency longer count towards require university pay portion unpaid back federal government graduate borrowed grad plus according aacom,3,0.9571850328152174
medicine,1kcr008,Changes to medical education in the U.S.,"I’ve been wondering for a while, other than screwing with the Federal loans and loan forgiveness program, what changes to medical education will we see?",1746155053.0,/r/medicine/comments/1kcr008/changes_to_medical_education_in_the_us/,Connect-War6612,https://www.reddit.com/r/medicine/comments/1kcr008/changes_to_medical_education_in_the_us/,45,medical,"Changes to medical education in the U.S. I’ve been wondering for a while, other than screwing with the Federal loans and loan forgiveness program, what changes to medical education will we see?",-0.0416666666666666,0.125,neutral,change education wondering screwing federal program change education see,1,0.8842232386906634
medicine,1k7qnps,Aidvantage and Education Debt Reduction Program,"Hello everyone, I am desperate at this point to figure out how to word what I need from the loan company so that we can get the right document for the program. Every time we ask for the payments made, they give us the wrong fucking documents and is always incomplete. What are other ways to get the verification needed for this?",1745602026.0,/r/medicine/comments/1k7qnps/aidvantage_and_education_debt_reduction_program/,brokemed,https://www.reddit.com/r/medicine/comments/1k7qnps/aidvantage_and_education_debt_reduction_program/,2,medical,"Aidvantage and Education Debt Reduction Program Hello everyone, I am desperate at this point to figure out how to word what I need from the loan company so that we can get the right document for the program. Every time we ask for the payments made, they give us the wrong fucking documents and is always incomplete. What are other ways to get the verification needed for this?",-0.3078571428571428,0.7221428571428572,negative,aidvantage education reduction program hello everyone desperate point figure word company right document program every ask made give wrong fucking document always incomplete way verification needed,2,0.9092692233641266
medicine,1jjmx0o,Sign On being treated as a loan,"Curious if anyone else has navigated this - I received a sign on for a hospital employed position in late 2023 for $71k. It’s being treated as a loan that is forgiven (added as income) over the course of the three years if I stay. I don’t believe it was added to my 2023 w-2 since I started late in the year however, 1/3 of it was added to 2024 return. My taxes owed essentially jumped up $10k this year. Does that seem correct? That I basically would pay $30k on that initial sign on bonus?

Feeling a bit bitter about it as I never used the sign on for myself. It went directly to my previous private practice group to pay for my tail coverage when I left.",1742918658.0,/r/medicine/comments/1jjmx0o/sign_on_being_treated_as_a_loan/,Maximum_Werewolf1045,https://www.reddit.com/r/medicine/comments/1jjmx0o/sign_on_being_treated_as_a_loan/,54,medical,"Sign On being treated as a loan Curious if anyone else has navigated this - I received a sign on for a hospital employed position in late 2023 for $71k. It’s being treated as a loan that is forgiven (added as income) over the course of the three years if I stay. I don’t believe it was added to my 2023 w-2 since I started late in the year however, 1/3 of it was added to 2024 return. My taxes owed essentially jumped up $10k this year. Does that seem correct? That I basically would pay $30k on that initial sign on bonus?

Feeling a bit bitter about it as I never used the sign on for myself. It went directly to my previous private practice group to pay for my tail coverage when I left.",-0.1074074074074074,0.3935185185185185,negative,sign treated curious else navigated received sign hospital employed position late treated forgiven added income course three year stay believe added since started late however added return tax owed essentially jumped seem correct basically pay initial sign bonus feeling bit bitter never used sign went directly previous private practice group pay tail coverage left,0,0.7476464793276281
medicine,1jgoh5k,Student Loans Moved to Small Business Administration,"I have no idea how this affects the loans, but it doesn't sound encouraging.

https://www.npr.org/2025/03/21/nx-s1-5336330/trump-education-department-student-loans-special-education-fsa ",1742583341.0,/r/medicine/comments/1jgoh5k/student_loans_moved_to_small_business/,IcyChampionship3067,https://www.reddit.com/r/medicine/comments/1jgoh5k/student_loans_moved_to_small_business/,167,medical,"Student Loans Moved to Small Business Administration I have no idea how this affects the loans, but it doesn't sound encouraging.

https://www.npr.org/2025/03/21/nx-s1-5336330/trump-education-department-student-loans-special-education-fsa ",0.075,0.4,neutral,moved small business administration idea affect doesnt sound encouraging,4,0.5988559726197903
medicine,1j9w7rl,Student Loans,"Anyone here currently in med school?  What is going to happen moving forward with student loans if Dept of Education closes?  I guess at this time of the year tuition is paid for the school year, but have they come up with a plan for student loans for the fall?  When I was in school probably 95% of us were getting some form of loans… ",1741817205.0,/r/medicine/comments/1j9w7rl/student_loans/,greenbeans7711,https://www.reddit.com/r/medicine/comments/1j9w7rl/student_loans/,12,medical,"Student Loans Anyone here currently in med school?  What is going to happen moving forward with student loans if Dept of Education closes?  I guess at this time of the year tuition is paid for the school year, but have they come up with a plan for student loans for the fall?  When I was in school probably 95% of us were getting some form of loans… ",0.0,0.4,neutral,currently happen moving forward dept education close guess tuition paid come plan fall probably getting form,4,0.7260673063273806
medicine,1j5wdfo,Trump to sign executive order limiting Public Service Loan Forgiveness program,"[https://www.cnbc.com/2025/03/07/trump-says-hell-sign-order-limiting-public-service-loan-forgiveness.html](https://www.cnbc.com/2025/03/07/trump-says-hell-sign-order-limiting-public-service-loan-forgiveness.html)

""President Donald Trump is expected to sign an executive order later on Friday excluding certain student loan borrowers from the popular Public Service Loan Forgiveness Program. Speaking from the Oval Office, Trump accused the PSLF program of including organizations that “engage in illegal, or what we would consider to be improper, activities.”""",1741372891.0,/r/medicine/comments/1j5wdfo/trump_to_sign_executive_order_limiting_public/,toomanyshoeshelp,https://www.reddit.com/r/medicine/comments/1j5wdfo/trump_to_sign_executive_order_limiting_public/,1090,medical,"Trump to sign executive order limiting Public Service Loan Forgiveness program [https://www.cnbc.com/2025/03/07/trump-says-hell-sign-order-limiting-public-service-loan-forgiveness.html](https://www.cnbc.com/2025/03/07/trump-says-hell-sign-order-limiting-public-service-loan-forgiveness.html)

""President Donald Trump is expected to sign an executive order later on Friday excluding certain student loan borrowers from the popular Public Service Loan Forgiveness Program. Speaking from the Oval Office, Trump accused the PSLF program of including organizations that “engage in illegal, or what we would consider to be improper, activities.”""",0.0306122448979591,0.3578231292517007,neutral,trump sign executive order limiting program president donald trump expected sign executive order later friday excluding certain borrower popular program speaking oval office trump accused program including organization engage illegal consider improper activity,4,0.8655142448655986
medicine,1j1bj9r,"So for those of you who are also trying to get their loans forgiven via PSLf, how are you feeling?","With all the confusion and changes surrounding PSLF, I’m definitely more concerned about massive increases in student loan payments.",1740867930.0,/r/medicine/comments/1j1bj9r/so_for_those_of_you_who_are_also_trying_to_get/,Paleomedicine,https://www.reddit.com/r/medicine/comments/1j1bj9r/so_for_those_of_you_who_are_also_trying_to_get/,98,medical,"So for those of you who are also trying to get their loans forgiven via PSLf, how are you feeling? With all the confusion and changes surrounding PSLF, I’m definitely more concerned about massive increases in student loan payments.",0.25,0.75,positive,trying forgiven via feeling confusion change surrounding definitely concerned massive increase,1,0.7311101449448862
medicine,1iq7wfp,Loan forgiveness on the chopping block,"https://www.forbes.com/sites/adamminsky/2025/02/13/gop-may-cut-off-student-loan-forgiveness-for-48-million-healthcare-workers/

I’m a year out from my loans being forgiven. This would change a lot about my family’s financial health if I have 10 more years of payments. Do we have any power as a group to fight this? 

I’m just so demoralized. 
",1739644440.0,/r/medicine/comments/1iq7wfp/loan_forgiveness_on_the_chopping_block/,Comdorva,https://www.reddit.com/r/medicine/comments/1iq7wfp/loan_forgiveness_on_the_chopping_block/,928,medical,"Loan forgiveness on the chopping block https://www.forbes.com/sites/adamminsky/2025/02/13/gop-may-cut-off-student-loan-forgiveness-for-48-million-healthcare-workers/

I’m a year out from my loans being forgiven. This would change a lot about my family’s financial health if I have 10 more years of payments. Do we have any power as a group to fight this? 

I’m just so demoralized. 
",0.25,0.25,positive,chopping block forgiven change lot family financial health year power group fight demoralized,1,0.7976066183723436
studentloans,1o1leor,I need money for college!!,"Hello! I’m currently in the medical sonography program. I pulled student loans out because I can’t afford college lol, but I have to pay them back. I make at most $400 a month and unfortunately it goes to gas, car payments, insurance, etc. So I haven’t been able to pay them back. It’s time for my financial aid appointment and I need another loan to pay for the rest of my time in college. What do I do??",1759953645.0,/r/StudentLoans/comments/1o1leor/i_need_money_for_college/,Frequent-War-194,https://www.reddit.com/r/StudentLoans/comments/1o1leor/i_need_money_for_college/,1,medical,"I need money for college!! Hello! I’m currently in the medical sonography program. I pulled student loans out because I can’t afford college lol, but I have to pay them back. I make at most $400 a month and unfortunately it goes to gas, car payments, insurance, etc. So I haven’t been able to pay them back. It’s time for my financial aid appointment and I need another loan to pay for the rest of my time in college. What do I do??",0.1444444444444444,0.3583333333333333,positive,money college hello currently sonography program pulled cant afford college lol pay back make month unfortunately go gas car insurance etc havent able pay back financial aid appointment another pay rest college,0,0.9377200357345971
studentloans,1o1ldo1,Should I switch from Graduated Repayment to IDR/SAVE?,"I’m trying to figure out if I should switch from the Graduated Repayment Plan to something else. My goal is to keep my monthly payments manageable, but also pay off my loans soon. I've already been paying the monthly minimum for 15 years and the outstanding balances are mostly higher than the original balances. I have fully paid off 1 loan. 

Plan Details: 

Current Plan: Graduated Repayment  
Total Balance: $19,909  
Monthly Payment: Was $288, recently increased to $548

Loans:

**Loan 1 – Direct Subsidized**

* Interest Rate: **6.0%**
* Balance: **$5,096** | Original Amount: **$5,500**

**Loan 2 – Direct Subsidized**

* Interest Rate: **5.6%**
* Balance: **$4,886** | Original Amount: **$5,500**

**Loan 3 – Direct Unsubsidized**

* Interest Rate: **6.8%**
* Balance: **$5,661** | Original Amount: **$5,000**

**Loan 4 – Direct Unsubsidized**

* Interest Rate: **6.8%**
* Balance: **$1,438** | Original Amount: **$2,000**

**Loan 5 – Direct Unsubsidized**

* Interest Rate: **6.8%**
* Balance: **$2,826** | Original Amount: **$2,594**

All loans started repayment in 2010 and have 37 payments remaining.

Would a different plan, like the IDR plan, make sense given my balance, time left and interest rates? Or should I stick with the Graduated plan and power through the higher payments? As I understand it, the Graduated plan does not offer forgiveness after any amount of time. I did speak to a representative from my loan servicer who ran the numbers and said the IDR plan would offer lower monthly payments. 

Thanks! ",1759953587.0,/r/StudentLoans/comments/1o1ldo1/should_i_switch_from_graduated_repayment_to/,disc0superfly,https://www.reddit.com/r/StudentLoans/comments/1o1ldo1/should_i_switch_from_graduated_repayment_to/,1,medical,"Should I switch from Graduated Repayment to IDR/SAVE? I’m trying to figure out if I should switch from the Graduated Repayment Plan to something else. My goal is to keep my monthly payments manageable, but also pay off my loans soon. I've already been paying the monthly minimum for 15 years and the outstanding balances are mostly higher than the original balances. I have fully paid off 1 loan. 

Plan Details: 

Current Plan: Graduated Repayment  
Total Balance: $19,909  
Monthly Payment: Was $288, recently increased to $548

Loans:

**Loan 1 – Direct Subsidized**

* Interest Rate: **6.0%**
* Balance: **$5,096** | Original Amount: **$5,500**

**Loan 2 – Direct Subsidized**

* Interest Rate: **5.6%**
* Balance: **$4,886** | Original Amount: **$5,500**

**Loan 3 – Direct Unsubsidized**

* Interest Rate: **6.8%**
* Balance: **$5,661** | Original Amount: **$5,000**

**Loan 4 – Direct Unsubsidized**

* Interest Rate: **6.8%**
* Balance: **$1,438** | Original Amount: **$2,000**

**Loan 5 – Direct Unsubsidized**

* Interest Rate: **6.8%**
* Balance: **$2,826** | Original Amount: **$2,594**

All loans started repayment in 2010 and have 37 payments remaining.

Would a different plan, like the IDR plan, make sense given my balance, time left and interest rates? Or should I stick with the Graduated plan and power through the higher payments? As I understand it, the Graduated plan does not offer forgiveness after any amount of time. I did speak to a representative from my loan servicer who ran the numbers and said the IDR plan would offer lower monthly payments. 

Thanks! ",0.2,0.5287499999999999,positive,switch graduated repayment idrsave trying figure switch graduated repayment plan something else goal keep monthly manageable pay soon already paying monthly minimum year outstanding balance mostly higher original balance fully paid plan detail current plan graduated repayment total balance monthly recently increased direct subsidized interest rate balance original amount direct subsidized interest rate balance original amount direct unsubsidized interest rate balance original amount direct unsubsidized interest rate balance original amount direct unsubsidized interest rate balance original amount started repayment remaining different plan like idr plan make sense given balance left interest rate stick graduated plan power higher understand graduated plan offer amount speak representative servicer ran number said idr plan offer lower monthly thanks,0,0.5191258857776114
studentloans,1o1lcoj,Should I consolidate? $90k. I don’t qualify for PSLF,"Hi all. I have just over  $90k in student loan debt. I work for a private company so I don’t qualify for PSLF. What are your thoughts on loan consolidation? If you think I should, any suggestions for companies to go through? 

Loan rates: $21,177 @ 6.54%; $12, 447 @ 7.54%; $21,048 @ 5.28%; 10,309 @ 6.28%; $5,540 @ 2.75%; $2028 @ 2.75%; $5564 @ 4.53%; $2074 @ 4.53%; $4558 @ 5.05%; $2185 @ 5.05%; $3540 @ 4.45%;",1759953525.0,/r/StudentLoans/comments/1o1lcoj/should_i_consolidate_90k_i_dont_qualify_for_pslf/,sandalwoodoud,https://www.reddit.com/r/StudentLoans/comments/1o1lcoj/should_i_consolidate_90k_i_dont_qualify_for_pslf/,1,medical,"Should I consolidate? $90k. I don’t qualify for PSLF Hi all. I have just over  $90k in student loan debt. I work for a private company so I don’t qualify for PSLF. What are your thoughts on loan consolidation? If you think I should, any suggestions for companies to go through? 

Loan rates: $21,177 @ 6.54%; $12, 447 @ 7.54%; $21,048 @ 5.28%; 10,309 @ 6.28%; $5,540 @ 2.75%; $2028 @ 2.75%; $5564 @ 4.53%; $2074 @ 4.53%; $4558 @ 5.05%; $2185 @ 5.05%; $3540 @ 4.45%;",0.0,0.375,neutral,consolidate qualify work private company qualify thought consolidation think suggestion company rate,0,0.7969222153293005
studentloans,1o1kvmi,borrower defense refund,"Hello,

So my husbands college (now closed) got sued because they advertised job placement and that never happened and his original loan was just under 18k and it was at 9k left so he paid at minimum 9k + interest (I didn’t the math he’s paid well over what he paid in it was the interest that was as making it take so long to pass off we could only afford minimum payments). But he got a refund check for a couple dollars over $1,000 so I’m not really sure what the $1,000 is for is it a class action settlement check where you get less and everyone basically splits it? Or is he going to end up with more checks? Won’t lie the 1k is going to help a lot this year I’m just trying to make sure they didn’t make a mistake where we have to struggle and pay it back. I’m just not sure how they come to the conclusion of $1k back I seen many got what they paid in back. Some people seem to get nothing back but at the very least that 9k balance off our backs is pretty nice as well. 
",1759952454.0,/r/StudentLoans/comments/1o1kvmi/borrower_defense_refund/,laketrex,https://www.reddit.com/r/StudentLoans/comments/1o1kvmi/borrower_defense_refund/,1,medical,"borrower defense refund Hello,

So my husbands college (now closed) got sued because they advertised job placement and that never happened and his original loan was just under 18k and it was at 9k left so he paid at minimum 9k + interest (I didn’t the math he’s paid well over what he paid in it was the interest that was as making it take so long to pass off we could only afford minimum payments). But he got a refund check for a couple dollars over $1,000 so I’m not really sure what the $1,000 is for is it a class action settlement check where you get less and everyone basically splits it? Or is he going to end up with more checks? Won’t lie the 1k is going to help a lot this year I’m just trying to make sure they didn’t make a mistake where we have to struggle and pay it back. I’m just not sure how they come to the conclusion of $1k back I seen many got what they paid in back. Some people seem to get nothing back but at the very least that 9k balance off our backs is pretty nice as well. 
",0.0851754385964912,0.4528070175438596,neutral,borrower defense refund hello husband college closed got sued advertised job placement never happened original left paid minimum interest didnt math he paid well paid interest making take long pas afford minimum got refund check couple dollar really sure class action settlement check less everyone basically split end check wont lie lot trying make sure didnt make mistake struggle pay back sure come conclusion back seen many got paid back people seem nothing back least balance back pretty nice well,0,0.9752575282570326
studentloans,1o1jo02,"I enrolled in a university based on misleading info, and now they want me to pay full tuition — what would you do?“","Hi, I need some advice because I’m completely lost.

I enrolled in university for languages a few days ago because they explained it would be studying English and Spanish to the same level and that’s why I decided to join.

Now it turns out the program isn’t what they described and that I will be studying English to C1 level and Spanish up to the lowest level and I will be having just 4 classes per year. I’ve barely started — only 4 days have passed, just introductory sessions and meeting the professors, and the actual classes haven’t started yet.

I have to pay full tuition if I want leave, but this feels unfair, since I haven’t actually used any of their services.

My parents cannot afford to pay this amount, and I don’t want to stay in a program I don’t like.

Has anyone experienced something similar with tuition payments or being pressured to pay for a program you didn’t actually attend? Any ideas on how to handle this or how to talk to the university?",1759950102.0,/r/StudentLoans/comments/1o1jo02/i_enrolled_in_a_university_based_on_misleading/,Lumpy_Anxiety134,https://www.reddit.com/r/StudentLoans/comments/1o1jo02/i_enrolled_in_a_university_based_on_misleading/,2,medical,"I enrolled in a university based on misleading info, and now they want me to pay full tuition — what would you do?“ Hi, I need some advice because I’m completely lost.

I enrolled in university for languages a few days ago because they explained it would be studying English and Spanish to the same level and that’s why I decided to join.

Now it turns out the program isn’t what they described and that I will be studying English to C1 level and Spanish up to the lowest level and I will be having just 4 classes per year. I’ve barely started — only 4 days have passed, just introductory sessions and meeting the professors, and the actual classes haven’t started yet.

I have to pay full tuition if I want leave, but this feels unfair, since I haven’t actually used any of their services.

My parents cannot afford to pay this amount, and I don’t want to stay in a program I don’t like.

Has anyone experienced something similar with tuition payments or being pressured to pay for a program you didn’t actually attend? Any ideas on how to handle this or how to talk to the university?",0.0558823529411764,0.3191176470588235,neutral,enrolled university based misleading info want pay full tuition advice completely lost enrolled university language day ago explained studying english spanish level decided join turn program isnt described studying english level spanish lowest level class per barely started day passed introductory session meeting professor actual class havent started yet pay full tuition want leave feel unfair since havent actually used service parent afford pay amount want stay program like experienced something similar tuition pressured pay program didnt actually attend idea handle talk university,0,0.9520579355250881
studentloans,1o1jdgt,What should I do?,"Hello!

I’m a recent graduate with $150,000 in student loan debt. I truly loved my time in college the people I met and the experiences I had were incredible—but now I’m facing the financial cost of it all.

Looking back, I don’t think my family or I, fully understood what college would actually cost or how to approach it in the smartest way. I’m the oldest in my extended family and the first to attend college, and my parents didn’t have a traditional college experience, so I was the first one navigating this process. We were all learning as we went.

Right now, I’m earning $45,769 a year ($22/hour), which is in line with what many of my friends are making. The big difference is that many of them live on their own because they either have little to no student debt or pay much less than I do each month. I know every situation is different, but I currently pay $1,700/month toward my loans, which makes it nearly impossible for me to afford moving out of my parents' home let alone start building the life and career I envisioned.

I’m feeling really stuck. I want to move to the city where I can pursue my dream career, but the financial strain makes that feel out of reach. I’ve been wondering: Should I consider refinancing my loans? I’m not sure if it would help or hurt in the long run, and I don’t want to make another decision I’ll regret.
This whole experience has been incredibly stressful. I often feel ashamed or even foolish for not fully understanding the weight of student loans when I first signed on, but I know I’m not alone in this, and I’m trying to move forward as best I can. Any advice would be much appreciated! 

Thank you all!",1759949477.0,/r/StudentLoans/comments/1o1jdgt/what_should_i_do/,ThanosDidMath,https://www.reddit.com/r/StudentLoans/comments/1o1jdgt/what_should_i_do/,3,medical,"What should I do? Hello!

I’m a recent graduate with $150,000 in student loan debt. I truly loved my time in college the people I met and the experiences I had were incredible—but now I’m facing the financial cost of it all.

Looking back, I don’t think my family or I, fully understood what college would actually cost or how to approach it in the smartest way. I’m the oldest in my extended family and the first to attend college, and my parents didn’t have a traditional college experience, so I was the first one navigating this process. We were all learning as we went.

Right now, I’m earning $45,769 a year ($22/hour), which is in line with what many of my friends are making. The big difference is that many of them live on their own because they either have little to no student debt or pay much less than I do each month. I know every situation is different, but I currently pay $1,700/month toward my loans, which makes it nearly impossible for me to afford moving out of my parents' home let alone start building the life and career I envisioned.

I’m feeling really stuck. I want to move to the city where I can pursue my dream career, but the financial strain makes that feel out of reach. I’ve been wondering: Should I consider refinancing my loans? I’m not sure if it would help or hurt in the long run, and I don’t want to make another decision I’ll regret.
This whole experience has been incredibly stressful. I often feel ashamed or even foolish for not fully understanding the weight of student loans when I first signed on, but I know I’m not alone in this, and I’m trying to move forward as best I can. Any advice would be much appreciated! 

Thank you all!",0.1701337353123067,0.4211167800453515,positive,hello recent graduate truly loved college people met experience incrediblebut facing financial cost looking back think family fully understood college actually cost approach smartest way oldest extended family first attend college parent didnt traditional college experience first navigating process learning went right earning hour line many friend making big difference many live either little pay much less month every situation different currently pay month toward make nearly impossible afford moving parent home let alone start building life career envisioned feeling really stuck want move city pursue dream career financial strain make feel reach wondering consider refinancing sure hurt long run want make another decision ill regret whole experience incredibly stressful often feel ashamed even foolish fully understanding weight first signed alone trying move forward best advice much appreciated thank,0,0.9805894037099722
studentloans,1o1j6ny,Student Loan Repayment Plan,"I have ran the calculator on the FAFSA website multiple times (all of my loans are federal and through Edfinancial). I owe around 77k and will likely be around 80k by the time I start payments. I graduated last month and am now working.

Currently, I am not maxing out my retirement as I just started working. I am contributing around 300 dollars a month. With this put into the calculator, it is not worth it at all to try for PSFL. It would only lower my payment by around $70 (from 923 dollars to around 850) or so, and I would only be forgiven a few grand. Does not seem worth it to keep track of everything.

  
However, if I get closer or to max of retirement contributions, it makes a big difference. It could make my payments be around 600/month instead and have a forgiven amount of almost 30k. In the long run, paying almost 20k or so less than the standard repayment plan over the 10 years.



Basically, is it worth it to try to max out my retirement instead (or close to it) to get these benefits? I am sure would be helpful and better than that money going to student loan payments, but how much effort is it to keep track of all of this?

  
I have tried to figure all of this out on my own but its alot. 

",1759949058.0,/r/StudentLoans/comments/1o1j6ny/student_loan_repayment_plan/,Kentucky2022,https://www.reddit.com/r/StudentLoans/comments/1o1j6ny/student_loan_repayment_plan/,1,medical,"Student Loan Repayment Plan I have ran the calculator on the FAFSA website multiple times (all of my loans are federal and through Edfinancial). I owe around 77k and will likely be around 80k by the time I start payments. I graduated last month and am now working.

Currently, I am not maxing out my retirement as I just started working. I am contributing around 300 dollars a month. With this put into the calculator, it is not worth it at all to try for PSFL. It would only lower my payment by around $70 (from 923 dollars to around 850) or so, and I would only be forgiven a few grand. Does not seem worth it to keep track of everything.

  
However, if I get closer or to max of retirement contributions, it makes a big difference. It could make my payments be around 600/month instead and have a forgiven amount of almost 30k. In the long run, paying almost 20k or so less than the standard repayment plan over the 10 years.



Basically, is it worth it to try to max out my retirement instead (or close to it) to get these benefits? I am sure would be helpful and better than that money going to student loan payments, but how much effort is it to keep track of all of this?

  
I have tried to figure all of this out on my own but its alot. 

",0.1228070175438596,0.4222222222222222,positive,repayment plan ran calculator fafsa website multiple time federal edfinancial owe around likely around start graduated last month working currently maxing retirement started working contributing around dollar month put calculator worth try psfl lower around dollar around forgiven grand seem worth keep track everything however closer max retirement contribution make big difference make around month instead forgiven amount almost long run paying almost less standard repayment plan year basically worth try max retirement instead close benefit sure helpful better money much effort keep track tried figure alot,1,0.49287194830249187
studentloans,1o1i42i,Student Loan Advice,"Hi everyone, 

I am seeking advice on my financial predicament. I am a recent dental grad making about 300k before taxes. I have about 722k in dental school + post graduate loans. All loans are federal, ranging in interest from 4-8%. My highest two loans are 100K each at 8% interest. I have been in SAVE forbearance since February 2025 and am not sure if I should wait out the litigation or apply for a new plan. Standard repayment would likely mean around 8k in payments vs IDR which is estimated at 4k or so. It's not great either way. So my questions are: 1) Do I make a move now or ride out the forebearance? (my interest goes up by 2500 a month). 2) Do aggressive payments make sense over the next 10 years or should my goal be forgiveness? Thank you!",1759946961.0,/r/StudentLoans/comments/1o1i42i/student_loan_advice/,Educational_Room8239,https://www.reddit.com/r/StudentLoans/comments/1o1i42i/student_loan_advice/,1,medical,"Student Loan Advice Hi everyone, 

I am seeking advice on my financial predicament. I am a recent dental grad making about 300k before taxes. I have about 722k in dental school + post graduate loans. All loans are federal, ranging in interest from 4-8%. My highest two loans are 100K each at 8% interest. I have been in SAVE forbearance since February 2025 and am not sure if I should wait out the litigation or apply for a new plan. Standard repayment would likely mean around 8k in payments vs IDR which is estimated at 4k or so. It's not great either way. So my questions are: 1) Do I make a move now or ride out the forebearance? (my interest goes up by 2500 a month). 2) Do aggressive payments make sense over the next 10 years or should my goal be forgiveness? Thank you!",-0.0917929292929293,0.447881593714927,neutral,advice everyone seeking advice financial predicament recent dental grad making tax dental graduate federal ranging interest highest two interest save forbearance since february sure wait litigation apply new plan standard repayment likely mean around idr estimated great either way question make move ride forebearance interest go month aggressive make sense next year goal thank,3,0.9672287736024435
studentloans,1o1i11f,In school deferment issue with Firstmark,"Hi everyone, 
I started undergrad in 2021 and got private loans through Discover for my freshman, sophomore, and beginning of my junior year. In my Junior year, Discover stopped doing student loans and moved me over to Firstmark. I was never given copies of my original loan agreements which I know I should have printed out when I first signed them but I didn’t think of it at the time. I am now in grad school and am having issues trying to put my loans back into in school deferment from grace status. Firstmark does not have my loan agreements anywhere on my account and my Discover account was deleted after they stopped doing student loans so I can’t see if I’m allowed in school deferment for grad school. I emailed them so I could have a paper trail of what they told me and I was told all I had to do was submit an enrollment verification form from my school. I got the form and it states I started grad school in September and am in fact still enrolled full time as a student. I received a notice today that my loans were again put into Grace status until November which is what they already were. I’m going to call but I’m wondering if anyone else has ever had this issue or has any advice on what I can do? Also on my front page of my account, my loan status changed from grace to “multiple” which I don’t understand?",1759946775.0,/r/StudentLoans/comments/1o1i11f/in_school_deferment_issue_with_firstmark/,BreathSalt279,https://www.reddit.com/r/StudentLoans/comments/1o1i11f/in_school_deferment_issue_with_firstmark/,1,medical,"In school deferment issue with Firstmark Hi everyone, 
I started undergrad in 2021 and got private loans through Discover for my freshman, sophomore, and beginning of my junior year. In my Junior year, Discover stopped doing student loans and moved me over to Firstmark. I was never given copies of my original loan agreements which I know I should have printed out when I first signed them but I didn’t think of it at the time. I am now in grad school and am having issues trying to put my loans back into in school deferment from grace status. Firstmark does not have my loan agreements anywhere on my account and my Discover account was deleted after they stopped doing student loans so I can’t see if I’m allowed in school deferment for grad school. I emailed them so I could have a paper trail of what they told me and I was told all I had to do was submit an enrollment verification form from my school. I got the form and it states I started grad school in September and am in fact still enrolled full time as a student. I received a notice today that my loans were again put into Grace status until November which is what they already were. I’m going to call but I’m wondering if anyone else has ever had this issue or has any advice on what I can do? Also on my front page of my account, my loan status changed from grace to “multiple” which I don’t understand?",0.1625,0.3347222222222222,positive,deferment issue firstmark everyone started undergrad got private discover freshman sophomore beginning junior junior discover stopped moved firstmark never given copy original agreement printed first signed didnt think grad issue trying put back deferment grace status firstmark agreement anywhere account discover account deleted stopped cant see allowed deferment grad emailed paper trail told told submit enrollment verification form got form state started grad september fact still enrolled full received notice today put grace status november already call wondering else ever issue advice front page account status changed grace multiple understand,0,0.9645571717863911
studentloans,1o1hi75,Should I stay in SAVE plan and pay it off as fast as possible? Or switch to standard? Owe 63k making $1850 payments each month,"Hello all, need help deciding the pros and cons of staying in SAVE or switching to standard. I owe about 63k split across 10 loans. 2 of the highest interest are also the highest balance (both 15k at 6.6%). I make about 125k annually before taxes and I have allocated $1850/month towards my student loans. 

Right now, my plan is to stay in SAVE plan, and since payments are technically ""required"" at the moment, I can put the entire $1850 towards the high interest/high balance loans. If I were to switch to standard plan, my payments would then be required and hence would need to make minimal payments at the very least on all 10 loans.

Any more pros and cons I should consider?",1759945661.0,/r/StudentLoans/comments/1o1hi75/should_i_stay_in_save_plan_and_pay_it_off_as_fast/,86hawks,https://www.reddit.com/r/StudentLoans/comments/1o1hi75/should_i_stay_in_save_plan_and_pay_it_off_as_fast/,2,medical,"Should I stay in SAVE plan and pay it off as fast as possible? Or switch to standard? Owe 63k making $1850 payments each month Hello all, need help deciding the pros and cons of staying in SAVE or switching to standard. I owe about 63k split across 10 loans. 2 of the highest interest are also the highest balance (both 15k at 6.6%). I make about 125k annually before taxes and I have allocated $1850/month towards my student loans. 

Right now, my plan is to stay in SAVE plan, and since payments are technically ""required"" at the moment, I can put the entire $1850 towards the high interest/high balance loans. If I were to switch to standard plan, my payments would then be required and hence would need to make minimal payments at the very least on all 10 loans.

Any more pros and cons I should consider?",0.0546428571428571,0.4183928571428572,neutral,stay save plan pay fast possible switch standard owe making month hello deciding pro con staying save switching standard owe split across highest interest highest balance make annually tax allocated month towards right plan stay save plan since technically required moment put entire towards high interesthigh balance switch standard plan required hence make minimal least pro con consider,3,0.9697092453062734
studentloans,1o1hfqn,Struggling teacher here... payments too high even on IDR.,"Just got out of school, my payments will start up again next month. The calculator is showing a minimum of $250 on an IDR plan. I have around 60k in fed direct loans. My income isn't high (naturally, as a teacher) and I have no other debt besides my car (which is also a really low amount). I'm not married if that matters. I also keep hearing that I will owe a ton of money to the IRS if I'm on IDR. I don't know what to do and I am so confused as to how I have friends paying like $50 a month with a similar income+loan balance. What am I missing here?

**Edit: Here's numbers, because I'm tired of disrespectful assumptions.**

Paycheck (monthly): 2400 (after insurance, tax, mandatory teacher retirement program $400+)

Car: $380

Rent: $900 (cheap for my area - need to move 40+ minutes away to lower cost)

Car insurance: $320 (high due to ""at fault"" accident that was actually caused by medical event - have shopped around, no cheaper options)

Subscriptions: $24

Groceries: $200

Home (misc necessary things, toilet paper, fem. products etc)

Pet: $60

Misc spending so I can do ***something*** fun every now and then: $50

Gas: $120 (depending on price)

Savings (building emergency fund): $160

Phone/Internet: $100

Roadside: $40

Medication &amp; routine treatment for medical condition: $40",1759945514.0,/r/StudentLoans/comments/1o1hfqn/struggling_teacher_here_payments_too_high_even_on/,Sea-Efficiency-2899,https://www.reddit.com/r/StudentLoans/comments/1o1hfqn/struggling_teacher_here_payments_too_high_even_on/,18,medical,"Struggling teacher here... payments too high even on IDR. Just got out of school, my payments will start up again next month. The calculator is showing a minimum of $250 on an IDR plan. I have around 60k in fed direct loans. My income isn't high (naturally, as a teacher) and I have no other debt besides my car (which is also a really low amount). I'm not married if that matters. I also keep hearing that I will owe a ton of money to the IRS if I'm on IDR. I don't know what to do and I am so confused as to how I have friends paying like $50 a month with a similar income+loan balance. What am I missing here?

**Edit: Here's numbers, because I'm tired of disrespectful assumptions.**

Paycheck (monthly): 2400 (after insurance, tax, mandatory teacher retirement program $400+)

Car: $380

Rent: $900 (cheap for my area - need to move 40+ minutes away to lower cost)

Car insurance: $320 (high due to ""at fault"" accident that was actually caused by medical event - have shopped around, no cheaper options)

Subscriptions: $24

Groceries: $200

Home (misc necessary things, toilet paper, fem. products etc)

Pet: $60

Misc spending so I can do ***something*** fun every now and then: $50

Gas: $120 (depending on price)

Savings (building emergency fund): $160

Phone/Internet: $100

Roadside: $40

Medication &amp; routine treatment for medical condition: $40",0.007579365079365,0.3604761904761904,neutral,struggling teacher high even idr got start next month calculator showing minimum idr plan around fed direct income isnt high naturally teacher besides car really low amount married matter keep hearing owe ton money irs idr confused friend paying like month similar incomeloan balance missing edit here number tired disrespectful assumption paycheck monthly insurance tax mandatory teacher retirement program car rent cheap area move minute away lower cost car insurance high due fault accident actually caused event shopped around cheaper option subscription grocery home misc necessary thing toilet paper fem product etc pet misc spending something fun every gas depending price saving building emergency fund phoneinternet roadside medication amp routine treatment condition,3,0.9716302348016896
studentloans,1o1h8et,So how are we repaying student loans?,"I’m a sophomore in college I’ve taken out maybe 6,000 in loans so far not including the loans my parents took out of course, I have a job(it doesn’t pay well) I’m trying to get another one (i technically already got it they I was supposed to start training but they haven’t emailed me back yet) so that I have two and I take 17 credits I’m really trying hard to also keep my grades up( currently on the deans list) to keep the scholarships I do have but I’m struggling and idk what the future of loan repayment plans is going to look like or how things regarding interest idk I’m scared and idk what more I can do, I’m really just looking for advice or tips anything please I really don’t want to have to drop out of college I love it I like learning and if I did I’d disappoint my family since I’m the first to go to college.",1759945071.0,/r/StudentLoans/comments/1o1h8et/so_how_are_we_repaying_student_loans/,itsmeclarketart,https://www.reddit.com/r/StudentLoans/comments/1o1h8et/so_how_are_we_repaying_student_loans/,2,medical,"So how are we repaying student loans? I’m a sophomore in college I’ve taken out maybe 6,000 in loans so far not including the loans my parents took out of course, I have a job(it doesn’t pay well) I’m trying to get another one (i technically already got it they I was supposed to start training but they haven’t emailed me back yet) so that I have two and I take 17 credits I’m really trying hard to also keep my grades up( currently on the deans list) to keep the scholarships I do have but I’m struggling and idk what the future of loan repayment plans is going to look like or how things regarding interest idk I’m scared and idk what more I can do, I’m really just looking for advice or tips anything please I really don’t want to have to drop out of college I love it I like learning and if I did I’d disappoint my family since I’m the first to go to college.",0.1381944444444444,0.35,positive,repaying sophomore college taken maybe far including parent took course jobit doesnt pay well trying another technically already got supposed start training havent emailed back yet two take credit really trying hard keep grade currently dean list keep scholarship struggling idk future repayment plan look like thing regarding interest idk scared idk really looking advice tip anything please really want drop college love like learning disappoint family since first college,0,0.9736307146850778
studentloans,1o1ffpj,Is there any reason why they changed my estimated payoff date again?,"I have 9 IBR payments left. [Studentaid.gov](http://Studentaid.gov) has my estimate payoff date as November 14, 2030. That's what EdFinancial had too, until today, when I noticed they changed it to October 2036. Is there any reason why they keep moving it out?",1759941127.0,/r/StudentLoans/comments/1o1ffpj/is_there_any_reason_why_they_changed_my_estimated/,Freddiepuppy,https://www.reddit.com/r/StudentLoans/comments/1o1ffpj/is_there_any_reason_why_they_changed_my_estimated/,2,medical,"Is there any reason why they changed my estimated payoff date again? I have 9 IBR payments left. [Studentaid.gov](http://Studentaid.gov) has my estimate payoff date as November 14, 2030. That's what EdFinancial had too, until today, when I noticed they changed it to October 2036. Is there any reason why they keep moving it out?",0.0,0.0,neutral,reason changed estimated payoff date ibr left studentaidgov estimate payoff date november edfinancial today noticed changed october reason keep moving,1,0.5644107292863576
studentloans,1o1exop,Mohela Forbearance Limbo,I’m 17 out of 120 payments into pslf before the forbearance chaos happened. I haven’t spoken to Mohela because Everytime I call it’s like 8 hours to speak to someone. What are you pslf folks doing? I know interest is compounding but does it make sense to take my loans out of forbearance and start paying? I’m so lost on what to do. ,1759940014.0,/r/StudentLoans/comments/1o1exop/mohela_forbearance_limbo/,Certain_Map3025,https://www.reddit.com/r/StudentLoans/comments/1o1exop/mohela_forbearance_limbo/,1,medical,Mohela Forbearance Limbo I’m 17 out of 120 payments into pslf before the forbearance chaos happened. I haven’t spoken to Mohela because Everytime I call it’s like 8 hours to speak to someone. What are you pslf folks doing? I know interest is compounding but does it make sense to take my loans out of forbearance and start paying? I’m so lost on what to do. ,0.0,0.0,neutral,mohela forbearance limbo forbearance chaos happened havent spoken mohela everytime call like hour speak someone folk interest compounding make sense take forbearance start paying lost,1,0.9261389498425747
studentloans,1o1ei5z,"Need help! Single mom, in forbearance","I am unsure of what to do and looking for some advice. I finally wised up and realized that interest is growing on my loans through Nelnet. I owed 9k and now it’s already growing back up again. 

Do I leave my loans in forbearance and pay the interest? Or do I apply for an income plan? OR, defer? 

I am a single mom going through a divorce right now and money is tight but I don’t want to screw myself for the future. Most of the loans are subsidized, all but one. I appreciate any advice ❤️",1759939088.0,/r/StudentLoans/comments/1o1ei5z/need_help_single_mom_in_forbearance/,Separate-Kiwi-5932,https://www.reddit.com/r/StudentLoans/comments/1o1ei5z/need_help_single_mom_in_forbearance/,1,medical,"Need help! Single mom, in forbearance I am unsure of what to do and looking for some advice. I finally wised up and realized that interest is growing on my loans through Nelnet. I owed 9k and now it’s already growing back up again. 

Do I leave my loans in forbearance and pay the interest? Or do I apply for an income plan? OR, defer? 

I am a single mom going through a divorce right now and money is tight but I don’t want to screw myself for the future. Most of the loans are subsidized, all but one. I appreciate any advice ❤️",0.0580357142857142,0.3593749999999999,neutral,single mom forbearance unsure looking advice finally wised realized interest growing nelnet owed already growing back leave forbearance pay interest apply income plan defer single mom divorce right money tight want screw future subsidized appreciate advice,0,0.940918536813787
