subreddit,id,title,selftext,created_utc,permalink,author,url,score,profession,combined_text,polarity,subjectivity,sentiment,processed_text,dominant_topic,topic_strength
Teachers,1nuolcl,CTE Teacher VS Teacher Student Loan Forgiveness,"Hi all,

  
I (M 26) am a CTE Computer Science &amp; Technology Engineering and Design teacher at a Title 1 school in NC. I'm currently a 3rd-year BT, and I'm wondering if I'd qualify for the $17,500 or $5,000 forgiveness.   
  
 I contacted support on the Federal Student Aid website and got a lackluster response saying that they can't give me that information because only the ""back office"" has that, and I would have to wait 3 years until I actually apply to find out. (I'm happy to provide the transcript if wanted!) 

Would any fellow CTE teachers out there have experience with this and be willing to enlighten me? 

If it's a painfully obvious answer, I apologize.

  
Many thanks,",1759264810.0,/r/Teachers/comments/1nuolcl/cte_teacher_vs_teacher_student_loan_forgiveness/,Zestyclose_Lion_5210,https://www.reddit.com/r/Teachers/comments/1nuolcl/cte_teacher_vs_teacher_student_loan_forgiveness/,3,teacher,"CTE Teacher VS Teacher Student Loan Forgiveness Hi all,

  
I (M 26) am a CTE Computer Science &amp; Technology Engineering and Design teacher at a Title 1 school in NC. I'm currently a 3rd-year BT, and I'm wondering if I'd qualify for the $17,500 or $5,000 forgiveness.   
  
 I contacted support on the Federal Student Aid website and got a lackluster response saying that they can't give me that information because only the ""back office"" has that, and I would have to wait 3 years until I actually apply to find out. (I'm happy to provide the transcript if wanted!) 

Would any fellow CTE teachers out there have experience with this and be willing to enlighten me? 

If it's a painfully obvious answer, I apologize.

  
Many thanks,",0.2166666666666666,0.4944444444444444,positive,cte cte computer science amp technology engineering design title school currently rdyear wondering qualify contacted support federal aid website got lackluster response saying cant give information back office wait year actually apply find happy provide transcript wanted fellow cte teacher experience willing enlighten painfully obvious answer apologize many thanks,4,0.9257035301929375
Teachers,1nu141k,"I’m a teacher, and I’m stricter than my principal. Am I doing too much, taking myself too seriously?","So, there has been a lot on my mind lately, mainly this thought. How can a school run effectively if the teachers have higher standards than the principal?

Ever since I began at this school, about three years ago, we have had problems with administration. Our first superintendent was sick constantly, and had to resign. During this time, our current principal had just began his role in our school. He was still finishing up grad school, and was forced to just “learn on the job” for his entire career. Oh, and he’s my age, mid-20s. Only about a year of subbing and a semester of teaching under his belt before becoming principal.

So in the past, I always gave him the benefit of the doubt. Being a fresher teacher myself, I know what it’s like to have to learn from mistakes and build a boat as it’s sinking. However, this year, I am less patient and forgiving.

Example: students decorate their lockers for spirit week, and make a class poster. One group theme was “Mexican”, and their poster is them in sombreros with goatees, and each locker poster is a vaguely racial stereotype (one is just a picture of cilantro, but another is a racial caricature, so they vary in severity). In the past, when I’ve noticed issues with locker posters, we have let it slide. I kind of gave up this year, when mentioning it, the principal did not care. I guess I go to worst case, social media spread, or a parent reporting it to news. And, frankly, I think it’s just a bad representation of the school. But I get no support.

Another example: students will blatantly disrespect others in front of him, and he just “lets them get it out of their system”. He basically ignores it, and just solves whatever issue they caused without involving them. When I needed help setting up concessions, one student ignored his directions, ignored me, walked away, was FOLLOWED by a peer, and instead of confronting him or the other student, he just “let it slide”. Now I am dealing with more and more disrespect from those specific students as weeks go by. I feel it’s because the principal does not stand up for others or hold students accountable when it is not an immediate issue.

Honestly, just venting here. But also, I just feel like I hold students to a higher standard, but not an unrealistic one. When I compare my rules to other teachers at other schools, I’m fairly relaxed. Just not tolerant of disrespect. I don’t know, part of me feels like I’m just taking the job too seriously. Thoughts?",1759198408.0,/r/Teachers/comments/1nu141k/im_a_teacher_and_im_stricter_than_my_principal_am/,neatoboio,https://www.reddit.com/r/Teachers/comments/1nu141k/im_a_teacher_and_im_stricter_than_my_principal_am/,2,teacher,"I’m a teacher, and I’m stricter than my principal. Am I doing too much, taking myself too seriously? So, there has been a lot on my mind lately, mainly this thought. How can a school run effectively if the teachers have higher standards than the principal?

Ever since I began at this school, about three years ago, we have had problems with administration. Our first superintendent was sick constantly, and had to resign. During this time, our current principal had just began his role in our school. He was still finishing up grad school, and was forced to just “learn on the job” for his entire career. Oh, and he’s my age, mid-20s. Only about a year of subbing and a semester of teaching under his belt before becoming principal.

So in the past, I always gave him the benefit of the doubt. Being a fresher teacher myself, I know what it’s like to have to learn from mistakes and build a boat as it’s sinking. However, this year, I am less patient and forgiving.

Example: students decorate their lockers for spirit week, and make a class poster. One group theme was “Mexican”, and their poster is them in sombreros with goatees, and each locker poster is a vaguely racial stereotype (one is just a picture of cilantro, but another is a racial caricature, so they vary in severity). In the past, when I’ve noticed issues with locker posters, we have let it slide. I kind of gave up this year, when mentioning it, the principal did not care. I guess I go to worst case, social media spread, or a parent reporting it to news. And, frankly, I think it’s just a bad representation of the school. But I get no support.

Another example: students will blatantly disrespect others in front of him, and he just “lets them get it out of their system”. He basically ignores it, and just solves whatever issue they caused without involving them. When I needed help setting up concessions, one student ignored his directions, ignored me, walked away, was FOLLOWED by a peer, and instead of confronting him or the other student, he just “let it slide”. Now I am dealing with more and more disrespect from those specific students as weeks go by. I feel it’s because the principal does not stand up for others or hold students accountable when it is not an immediate issue.

Honestly, just venting here. But also, I just feel like I hold students to a higher standard, but not an unrealistic one. When I compare my rules to other teachers at other schools, I’m fairly relaxed. Just not tolerant of disrespect. I don’t know, part of me feels like I’m just taking the job too seriously. Thoughts?",-0.0235034013605442,0.5004421768707483,neutral,stricter principal much taking seriously lot mind lately mainly thought school run effectively teacher higher standard principal ever since began school three year ago problem administration first superintendent sick constantly resign current principal began role school still finishing grad school forced learn job entire career he age mids subbing semester belt becoming principal past always gave benefit doubt fresher like learn mistake build boat sinking however less patient forgiving example student decorate locker spirit week make class poster group theme mexican poster sombrero goatee locker poster vaguely racial stereotype picture cilantro another racial caricature vary severity past noticed issue locker poster let slide kind gave mentioning principal care guess worst case social medium spread parent reporting news frankly think bad representation school support another example student blatantly disrespect others front let system basically ignores solves whatever issue caused without involving needed setting concession ignored direction ignored walked away followed peer instead confronting let slide dealing disrespect specific student week feel principal stand others hold student accountable immediate issue honestly venting feel like hold student higher standard unrealistic compare rule teacher school fairly relaxed tolerant disrespect part feel like taking job seriously thought,2,0.9840080457733893
Teachers,1nswii0,Teacher loan forgiveness in GA,"I'm a Georgia teacher interested in getting a graduate degree. I've heard about teacher loan forgiveness. Has anyone done this to pay for graduate school? When researching, it seems super confusing. Does anyone understand this process? From what I'm reading, it seems like you get the loan, pay for 5 years, and then maybe have the option to apply for forgiveness? Not sure though?
",1759086007.0,/r/Teachers/comments/1nswii0/teacher_loan_forgiveness_in_ga/,kellysmileyjane42,https://www.reddit.com/r/Teachers/comments/1nswii0/teacher_loan_forgiveness_in_ga/,4,teacher,"Teacher loan forgiveness in GA I'm a Georgia teacher interested in getting a graduate degree. I've heard about teacher loan forgiveness. Has anyone done this to pay for graduate school? When researching, it seems super confusing. Does anyone understand this process? From what I'm reading, it seems like you get the loan, pay for 5 years, and then maybe have the option to apply for forgiveness? Not sure though?
",0.0083333333333333,0.6138888888888888,neutral,georgia interested getting graduate degree heard done pay graduate school researching seems super confusing understand process reading seems like pay year maybe option apply sure though,4,0.910182424283041
Teachers,1nrd3wk,Constantly being walked in on while pumping,"Hello fellow educators! 


Obligatory on mobile. 


I’m an ISS para at a middle school.


I had a baby over the summer and returned back to work in August. I let my admin team know that I will need to pump twice a day for about 15 minutes. My boss was super accommodating and said whatever I need, he will do it. He wanted to get a mother’s room in place because there are multiple pregnant women that will eventually need a space too, but for now, I’m the only one. I told him that while that gets ready, I would like to use my classroom as I have a couple comfy chairs and dim lighting. I never have more than 4-5 students in there so the plan was for me to send them to the front office to sit in the admins office while I do my thing. 


Since September 2nd, I have been walked in on three different times. Once by a male coach, once by the male assistant principal, and today by the admin assistant. 


I have a big sign that I put OVER MY DOOR HANDLE that says “DO NOT DISTURB” in big bold letters with a cow on it. I figured this would be enough context clues for an adult to understand. 


Yesterday, I was told by the admin assistant that she doesn’t want me to put my students in the office anymore because they distracted her for the 15 minutes that they were in there. I told her that wasn’t her call since it was part of the plan that admin set in place. Today, the principal told me that he would send another staff member up during my times to pump to relieve me and I can go in the tech office (my friend works as the tech lady so I felt comfortable). 


I got a note from my lactation consultant and asked my boss who to send it to at HR for documentation and he said “oh you don’t need to send that, we got it handled”. The situation is in fact, not handled. 


All 3 times I’ve been walked in on, the perpetrators had to lift the sign and used their master key to open the door. I made a big stink about it after the assistant principal came in and it didn’t happen again for a while. Then today, the admin assistant that told me not to send kids to her anymore, doesn’t even knock… just lifts the sign and starts unlocking the door. The tech office friend was by the door and told her not to come in. AA continued to come in and said she just needs to get a tablet. Tech office friend continued to say do not come in here, dubsiepop is pumping, read the sign. AA continues to walk in and shuts the door behind her and starts rummaging. She then understands what’s happening after being yelled at and me struggling to get my shirt over myself. She then claims she didn’t know because she didn’t read the sign and assumed it was something else. 


She then starts to cry because me and tech office friend were like what the hell are you doing, get out and learn to read the signs that are over the door handle. 


I have the letter from my LC and a drafted message with all the dates and times and descriptions of what I’ve been through. 


Any advice? I feel like it is not legal to tell me not to go to HR with my concerns. I like my principal but he has had since the beginning of August to come up with a solid plan and it’s going horrible. I developed mastitis last week because of it being able to adequately pump during the day. 


Please advise me! 


UPDATE: the AA continued to email me asking for forgiveness. I replied back with “thanks for the apology, have a great day!” Apparently that wasn’t good enough so she went in the assistant principals office and cried. The AP came to my class to ask me to find it in my heart to forgive the AA and then said that she wouldn’t have known what the sign meant either. I said “you don’t understand what do not disturb means?” And she said that I need to put that I’m pumping on the sign. 

I found out that the AA talked to a bunch of people about it, trying to get people on her side and to feel bad for her. 

I marched into the main principals office and said “look, I don’t want to be an HR nightmare because I like you. But I cannot continue to be disturbed or work around others that cannot read. And if we are going by these standards, I am going to need signs printed for the outside of bathrooms that state whether they are shitting or pissing. If it’s not a justifiable reason, I will have no choice but to unlock the bathroom door and go in.” He was pissed that these things keep happening, and we walked around the school to find a designated room for lactating women. We found one that fits and now I’m happy. AA and AP will be reprimanded for their behavior. 

Thanks for your support everyone! Happy teaching!",1758921000.0,/r/Teachers/comments/1nrd3wk/constantly_being_walked_in_on_while_pumping/,dubsiepop,https://www.reddit.com/r/Teachers/comments/1nrd3wk/constantly_being_walked_in_on_while_pumping/,265,teacher,"Constantly being walked in on while pumping Hello fellow educators! 


Obligatory on mobile. 


I’m an ISS para at a middle school.


I had a baby over the summer and returned back to work in August. I let my admin team know that I will need to pump twice a day for about 15 minutes. My boss was super accommodating and said whatever I need, he will do it. He wanted to get a mother’s room in place because there are multiple pregnant women that will eventually need a space too, but for now, I’m the only one. I told him that while that gets ready, I would like to use my classroom as I have a couple comfy chairs and dim lighting. I never have more than 4-5 students in there so the plan was for me to send them to the front office to sit in the admins office while I do my thing. 


Since September 2nd, I have been walked in on three different times. Once by a male coach, once by the male assistant principal, and today by the admin assistant. 


I have a big sign that I put OVER MY DOOR HANDLE that says “DO NOT DISTURB” in big bold letters with a cow on it. I figured this would be enough context clues for an adult to understand. 


Yesterday, I was told by the admin assistant that she doesn’t want me to put my students in the office anymore because they distracted her for the 15 minutes that they were in there. I told her that wasn’t her call since it was part of the plan that admin set in place. Today, the principal told me that he would send another staff member up during my times to pump to relieve me and I can go in the tech office (my friend works as the tech lady so I felt comfortable). 


I got a note from my lactation consultant and asked my boss who to send it to at HR for documentation and he said “oh you don’t need to send that, we got it handled”. The situation is in fact, not handled. 


All 3 times I’ve been walked in on, the perpetrators had to lift the sign and used their master key to open the door. I made a big stink about it after the assistant principal came in and it didn’t happen again for a while. Then today, the admin assistant that told me not to send kids to her anymore, doesn’t even knock… just lifts the sign and starts unlocking the door. The tech office friend was by the door and told her not to come in. AA continued to come in and said she just needs to get a tablet. Tech office friend continued to say do not come in here, dubsiepop is pumping, read the sign. AA continues to walk in and shuts the door behind her and starts rummaging. She then understands what’s happening after being yelled at and me struggling to get my shirt over myself. She then claims she didn’t know because she didn’t read the sign and assumed it was something else. 


She then starts to cry because me and tech office friend were like what the hell are you doing, get out and learn to read the signs that are over the door handle. 


I have the letter from my LC and a drafted message with all the dates and times and descriptions of what I’ve been through. 


Any advice? I feel like it is not legal to tell me not to go to HR with my concerns. I like my principal but he has had since the beginning of August to come up with a solid plan and it’s going horrible. I developed mastitis last week because of it being able to adequately pump during the day. 


Please advise me! 


UPDATE: the AA continued to email me asking for forgiveness. I replied back with “thanks for the apology, have a great day!” Apparently that wasn’t good enough so she went in the assistant principals office and cried. The AP came to my class to ask me to find it in my heart to forgive the AA and then said that she wouldn’t have known what the sign meant either. I said “you don’t understand what do not disturb means?” And she said that I need to put that I’m pumping on the sign. 

I found out that the AA talked to a bunch of people about it, trying to get people on her side and to feel bad for her. 

I marched into the main principals office and said “look, I don’t want to be an HR nightmare because I like you. But I cannot continue to be disturbed or work around others that cannot read. And if we are going by these standards, I am going to need signs printed for the outside of bathrooms that state whether they are shitting or pissing. If it’s not a justifiable reason, I will have no choice but to unlock the bathroom door and go in.” He was pissed that these things keep happening, and we walked around the school to find a designated room for lactating women. We found one that fits and now I’m happy. AA and AP will be reprimanded for their behavior. 

Thanks for your support everyone! Happy teaching!",0.1170454545454545,0.4092803030303029,positive,constantly walked pumping hello fellow educator obligatory mobile iss para middle school baby summer returned back work august let admin team pump twice day minute bos super accommodating said whatever wanted mother room place multiple pregnant woman eventually space told get ready like use classroom couple comfy chair dim lighting never student plan send front office sit admins office thing since september walked three different time male coach male assistant principal today admin assistant big sign put door handle say disturb big bold letter cow figured enough context clue adult understand yesterday told admin assistant doesnt want put student office anymore distracted minute told wasnt call since part plan admin set place today principal told send another staff member time pump relieve tech office friend work tech lady felt comfortable got note lactation consultant asked bos send documentation said send got handled situation fact handled time walked perpetrator lift sign used master key open door made big stink assistant principal came didnt happen today admin assistant told send kid anymore doesnt even knock lift sign start unlocking door tech office friend door told come continued come said need tablet tech office friend continued say come dubsiepop pumping read sign continues walk shuts door behind start rummaging understands whats happening yelled struggling shirt claim didnt didnt read sign assumed something else start cry tech office friend like hell learn read sign door handle letter drafted message date time description advice feel like legal tell concern like principal since beginning august come solid plan horrible developed mastitis last week able adequately pump day please advise update continued email asking replied back thanks apology great day apparently wasnt good enough went assistant principal office cried came class ask find heart forgive said wouldnt known sign meant either said understand disturb mean said put pumping sign found talked bunch people trying people side feel bad marched main principal office said look want nightmare like continue disturbed work around others read standard sign printed outside bathroom state whether shitting pissing justifiable reason choice unlock bathroom door pissed thing keep happening walked around school find designated room lactating woman found fit happy reprimanded behavior thanks support everyone happy,0,0.9916715783458776
Teachers,1nr3bud,Student loans!,"Hey everyone, 
I assume you are all educators or future educators here, and I am having tremendous trouble finding a good student loan that doesn’t require a co-signer. I’m in my junior year at WSU in Detroit MI and I am so fucking close to being “done” and getting my teaching certification, I cannot give up now. My payment for this semester is a little over 8 grand. I applied thru fafsa of course and my family receives very little income yearly literally less than 20,000 yet I only received 1,000 in aid. I’m afraid to accept more government loans as they already put me in repayment for one that shouldn’t start until I graduate (going to my financial aid office Tuesday to get that sorted out bc wtf) but do any of you know of any teaching grants or loans I could apply for for future educators? I am a first gen student if that helps with any criteria and am majoring in secondary social studies education, grades 7-12th. If you can’t tell, I’m freaking the fuck out. How are we expected to pay for school? And pay back this debt? My family is absolutely no help, as I have an alcoholic mom and a felon father lol I am quite literally shit out of luck. Sorry I know this is a very woe is me post so forgive me on that, I am just so completely lost, and stressed out. Thanks in advance for some guidance if I get any😂😮‍💨",1758898113.0,/r/Teachers/comments/1nr3bud/student_loans/,Able_Mirror7106,https://www.reddit.com/r/Teachers/comments/1nr3bud/student_loans/,3,teacher,"Student loans! Hey everyone, 
I assume you are all educators or future educators here, and I am having tremendous trouble finding a good student loan that doesn’t require a co-signer. I’m in my junior year at WSU in Detroit MI and I am so fucking close to being “done” and getting my teaching certification, I cannot give up now. My payment for this semester is a little over 8 grand. I applied thru fafsa of course and my family receives very little income yearly literally less than 20,000 yet I only received 1,000 in aid. I’m afraid to accept more government loans as they already put me in repayment for one that shouldn’t start until I graduate (going to my financial aid office Tuesday to get that sorted out bc wtf) but do any of you know of any teaching grants or loans I could apply for for future educators? I am a first gen student if that helps with any criteria and am majoring in secondary social studies education, grades 7-12th. If you can’t tell, I’m freaking the fuck out. How are we expected to pay for school? And pay back this debt? My family is absolutely no help, as I have an alcoholic mom and a felon father lol I am quite literally shit out of luck. Sorry I know this is a very woe is me post so forgive me on that, I am just so completely lost, and stressed out. Thanks in advance for some guidance if I get any😂😮‍💨",-0.0252155172413793,0.5160919540229886,neutral,hey everyone assume educator future educator tremendous trouble finding good doesnt require cosigner junior wsu detroit fucking close done getting certification give semester little grand applied thru fafsa course family receives little income yearly literally less yet received aid afraid accept government already put repayment shouldnt start graduate financial aid office tuesday sorted wtf grant apply future educator first gen help criterion majoring secondary social study education grade cant tell freaking fuck expected pay school pay back family absolutely alcoholic mom felon father lol quite literally shit luck sorry woe forgive completely lost stressed thanks advance guidance,1,0.47397172457050935
Teachers,1noyn6w,Extremly Difficult Students,"Hi all,

I am working in a pupil referral unit (for those unaware, a school/service for children who can’t attend a mainstream/regular school). My students all have additional needs (asd, adhd) and have had pretty bad starts to their lives. Taking all this on board, I try to be as positive and forgiving as I can, however lately I’m at the end of my rope. My students don’t listen to me, constantly verbally abuse me about weight, other characteristics, have started falsely accusing me of things (management know, and know that I have not done any of these + 99% there is another staff member present) and calling me severe terms e.g “a kiddie watcher” (not sure if I can use the actual word on here) My internal managers are great, but this just keeps happening again and again and I don’t really know what I can do. I have started to just stand and ignore them shouting at me as they are often trying to control the situation and getting me to leave, however understandably its taking a toll and I dread seeing them because of how horrible they are. ",1758675186.0,/r/Teachers/comments/1noyn6w/extremly_difficult_students/,seabreeze203,https://www.reddit.com/r/Teachers/comments/1noyn6w/extremly_difficult_students/,1,teacher,"Extremly Difficult Students Hi all,

I am working in a pupil referral unit (for those unaware, a school/service for children who can’t attend a mainstream/regular school). My students all have additional needs (asd, adhd) and have had pretty bad starts to their lives. Taking all this on board, I try to be as positive and forgiving as I can, however lately I’m at the end of my rope. My students don’t listen to me, constantly verbally abuse me about weight, other characteristics, have started falsely accusing me of things (management know, and know that I have not done any of these + 99% there is another staff member present) and calling me severe terms e.g “a kiddie watcher” (not sure if I can use the actual word on here) My internal managers are great, but this just keeps happening again and again and I don’t really know what I can do. I have started to just stand and ignore them shouting at me as they are often trying to control the situation and getting me to leave, however understandably its taking a toll and I dread seeing them because of how horrible they are. ",-0.1123579545454545,0.5349589646464645,negative,extremly difficult student working pupil referral unit unaware schoolservice child cant attend mainstreamregular school student additional need asd adhd pretty bad start life taking board try positive forgiving however lately end rope student listen constantly verbally abuse weight characteristic started falsely accusing thing management done another staff member present calling severe term kiddie watcher sure use actual word internal manager great keep happening really started stand ignore shouting often trying control situation getting leave however understandably taking toll dread seeing horrible,2,0.9567084559166944
Teachers,1nllr06,Do you also have school tech people that dont allow you to do your job effectively?,"Technology has been changing fast. But as I change schools and decisions have been made without input from teachers---I feel we are not allowed to use technology, especially older technology to its fullest potential. Especially those of us that are very good with it and use it.

Please feel free to comment on anything. 

  
**Issues I have had the last few years.**

a. **One screen-** Last school we had macs (2020). 14 inch screen. I asked for a second screen,  and was told that I did not need it.  Go into the tech office.  3 fucking screens.  Finally got one. But the POS macs we had would only allow two.....Main screen and smart board. So I had to buy a dock with Display link to actually do what a computer was designed to do. New school--I have a older, unpowered dock and brought in an extra screen I had at home.  Not asking for permission or forgiveness.

b. **Extra USB ports-** Those POS macs had one USB port. But we needed -a doc camera, -the smartboard, -a ten key because the pos mac does not have one, -mouse, -trackpad remote mouse,  The dock fixed that problem, but had to pull teeth to allow it. 

  
c. **Software/teaching technology-** Last school pulled all of our PROMETHEAN boards because--""no one was using them"".....I WAS!!!! Then we were given no way to convert Promethean/smartboard files to something that was usable.  I worked my ass off to put those together. Now, they are useless. 

get to new district--I am not allowed to install either software to use past work. So I get to reinvent the wheel. 

  
d. **Security beyond belief and using personal devices for everything--** New district--we are not allowed to install anything on our computers. Not Smartboard. Not Promethean. Not Displaylink. Not Easy Grade pro.  Remember Easy Grade Pro--the best gradebook ever???? I use EGP for seats because nothing compares for a seating chart. it does not connect to the internet and is very benign.  But NO. It is third party software and that is not allowed. Then said they did not have a cd-rom to install it. I DO.  I need tech admin approval to go to the bathroom. Felt like the response was a ""you will get nothing  and like it"" answer.

second part---why do schools expect teachers to use their personal devices to change passwords and log in when they are not paying for it? Kind of like the separation of church and state.  Every day, I have to use my phone for an authentication code instead of just letting me log in. Hate having it. I refuse to use my phone for anything school--schoology/email/all the fricken apps we have to use. Nope. No way. 

Last school-AD self service

  
I think that is it for now. I know I can be picky--but I know what I am doing and have the resources to teach. Tech should not limit me to what I can do. Please discuss. ",1758332998.0,/r/Teachers/comments/1nllr06/do_you_also_have_school_tech_people_that_dont/,Several-Honey-8810,https://www.reddit.com/r/Teachers/comments/1nllr06/do_you_also_have_school_tech_people_that_dont/,12,teacher,"Do you also have school tech people that dont allow you to do your job effectively? Technology has been changing fast. But as I change schools and decisions have been made without input from teachers---I feel we are not allowed to use technology, especially older technology to its fullest potential. Especially those of us that are very good with it and use it.

Please feel free to comment on anything. 

  
**Issues I have had the last few years.**

a. **One screen-** Last school we had macs (2020). 14 inch screen. I asked for a second screen,  and was told that I did not need it.  Go into the tech office.  3 fucking screens.  Finally got one. But the POS macs we had would only allow two.....Main screen and smart board. So I had to buy a dock with Display link to actually do what a computer was designed to do. New school--I have a older, unpowered dock and brought in an extra screen I had at home.  Not asking for permission or forgiveness.

b. **Extra USB ports-** Those POS macs had one USB port. But we needed -a doc camera, -the smartboard, -a ten key because the pos mac does not have one, -mouse, -trackpad remote mouse,  The dock fixed that problem, but had to pull teeth to allow it. 

  
c. **Software/teaching technology-** Last school pulled all of our PROMETHEAN boards because--""no one was using them"".....I WAS!!!! Then we were given no way to convert Promethean/smartboard files to something that was usable.  I worked my ass off to put those together. Now, they are useless. 

get to new district--I am not allowed to install either software to use past work. So I get to reinvent the wheel. 

  
d. **Security beyond belief and using personal devices for everything--** New district--we are not allowed to install anything on our computers. Not Smartboard. Not Promethean. Not Displaylink. Not Easy Grade pro.  Remember Easy Grade Pro--the best gradebook ever???? I use EGP for seats because nothing compares for a seating chart. it does not connect to the internet and is very benign.  But NO. It is third party software and that is not allowed. Then said they did not have a cd-rom to install it. I DO.  I need tech admin approval to go to the bathroom. Felt like the response was a ""you will get nothing  and like it"" answer.

second part---why do schools expect teachers to use their personal devices to change passwords and log in when they are not paying for it? Kind of like the separation of church and state.  Every day, I have to use my phone for an authentication code instead of just letting me log in. Hate having it. I refuse to use my phone for anything school--schoology/email/all the fricken apps we have to use. Nope. No way. 

Last school-AD self service

  
I think that is it for now. I know I can be picky--but I know what I am doing and have the resources to teach. Tech should not limit me to what I can do. Please discuss. ",0.0725010822510822,0.4492456709956709,neutral,school tech people allow job effectively technology changing fast change school decision made without input teachersi feel allowed use technology especially older technology fullest potential especially good use please feel free comment anything issue last year screen last school mac inch screen asked second screen told tech office fucking screen finally got po mac allow twomain screen smart board buy dock display link actually computer designed new schooli older unpowered dock brought extra screen home asking permission extra usb port po mac usb port needed doc camera smartboard ten key po mac mouse trackpad remote mouse dock fixed problem pull teeth allow softwareteaching technology last school pulled promethean board becauseno using themi given way convert prometheansmartboard file something usable worked as put together useless new districti allowed install either software use past work reinvent wheel security beyond belief using personal device everything new districtwe allowed install anything computer smartboard promethean displaylink easy grade pro remember easy grade prothe best gradebook ever use egp seat nothing compare seating chart connect internet benign third party software allowed said cdrom install tech admin approval bathroom felt like response nothing like answer second partwhy school expect teacher use personal device change password log paying kind like separation church state every day use phone authentication code instead letting log hate refuse use phone anything schoolschoologyemailall fricken apps use nope way last schoolad self think pickybut resource tech limit please discus,0,0.8631138570710287
Teachers,1nfianj,It it okay my Superintendent is sending us staff emails about politically motivated nonsense?,"Every 2 weeks we get an ""all staff email"". Everyone who gets a pay check gets this update from the super. 

It's been budget focused the past few months because Michigan hasn't passed out state budget yet. 

Today it was 9-11 based... Until it wasn't. 

Lines include:
""Please forgive me for taking a moment to share my heavy thoughts from this past week.""

Some very *patriotic* words baout what the flag means. Some 9-11 remembering... But it was all not feeling like ""remember 9/11""

""These attacks no longer come from across the world, from another country, causing us to come together as a nation. This week's horrific attacks came from within, from a fellow citizen""  

""our flag is STILL a powerful symbol, and it DOES still stand for freedom, freedom for us ALL. And I am STILL proud to be an American.."" 

And my favorite ""Thank you for letting me share my jumbled thoughts and my tears as we remember 9/11 and as we grieve another horrific act of violence in our country. I know I am not alone in these feelings. My thoughts and prayers go out to the family of Charlie Kirk; and the those injured in yet another school shooting""

She named Charlie Kirk... An influencer. A podcaster.... Not the 40+ schools shot up this year. Not the Minnesota senator who was murdered in her home. Not people being kidnapped and thrown into foreign prisons by ICE. 

I'm just... So done. Like the school shooting was an after thought to our super. 

I'm frustrated. I'm tired. I'm honestly terrified of where we're heading. I'm pissed our countries (and district?) leadership is... Sub-par. 
/end rant",1757719733.0,/r/Teachers/comments/1nfianj/it_it_okay_my_superintendent_is_sending_us_staff/,MAmoribo,https://www.reddit.com/r/Teachers/comments/1nfianj/it_it_okay_my_superintendent_is_sending_us_staff/,854,teacher,"It it okay my Superintendent is sending us staff emails about politically motivated nonsense? Every 2 weeks we get an ""all staff email"". Everyone who gets a pay check gets this update from the super. 

It's been budget focused the past few months because Michigan hasn't passed out state budget yet. 

Today it was 9-11 based... Until it wasn't. 

Lines include:
""Please forgive me for taking a moment to share my heavy thoughts from this past week.""

Some very *patriotic* words baout what the flag means. Some 9-11 remembering... But it was all not feeling like ""remember 9/11""

""These attacks no longer come from across the world, from another country, causing us to come together as a nation. This week's horrific attacks came from within, from a fellow citizen""  

""our flag is STILL a powerful symbol, and it DOES still stand for freedom, freedom for us ALL. And I am STILL proud to be an American.."" 

And my favorite ""Thank you for letting me share my jumbled thoughts and my tears as we remember 9/11 and as we grieve another horrific act of violence in our country. I know I am not alone in these feelings. My thoughts and prayers go out to the family of Charlie Kirk; and the those injured in yet another school shooting""

She named Charlie Kirk... An influencer. A podcaster.... Not the 40+ schools shot up this year. Not the Minnesota senator who was murdered in her home. Not people being kidnapped and thrown into foreign prisons by ICE. 

I'm just... So done. Like the school shooting was an after thought to our super. 

I'm frustrated. I'm tired. I'm honestly terrified of where we're heading. I'm pissed our countries (and district?) leadership is... Sub-par. 
/end rant",-0.0293859649122806,0.5399122807017542,neutral,okay superintendent sending staff email politically motivated nonsense every week staff email everyone get pay check get update super budget focused past month michigan hasnt passed state budget yet today based wasnt line include please forgive taking moment share heavy thought past week patriotic word baout flag mean remembering feeling like remember attack longer come across world another country causing come together nation week horrific attack came within fellow citizen flag still powerful symbol still stand freedom freedom still proud american favorite thank letting share jumbled thought tear remember grieve another horrific act violence country alone feeling thought prayer family charlie kirk injured yet another school shooting named charlie kirk influencer podcaster school shot minnesota senator murdered home people kidnapped thrown foreign prison ice done like school shooting thought super frustrated tired honestly terrified heading pissed country district leadership subpar end rant,2,0.9729238038417563
Teachers,1ndksq5,I am starting to hate teaching specials,"Forgive the wall of text, I just need to rant into the void. 

I am an elementary music teacher in my third year and I’m beginning to loathe teaching specials. I moved from one district to my current, thinking (hoping really) that what I was experiencing wasn’t the norm. 

I love my content. I love my students. I just hate how we are treated. 

Every day there is something. I have students with behavioral plans that I don’t find out about until week 2, IEPs that I need to beg for, a comment from a colleague about how fun and easy my subject is here and there, you name it. Students that need paras in their regular classes are sent to me without one. Last week alone I was scratched by a student, and when I reported the incident I was told “Oh, that kind of behavior is outlined in his plan.” that’s great, the plan you didn’t send me? “If you need help, use your walkie.” You didn’t give me a walkie. I had to wait 4 weeks into the year until I got hurt! I have 600+ students, yes, but I still need to know about these things *before* they happen. 

Other teachers at my school ignore me for the most part. I have a handful of trusted colleagues that keep me sane, but it’s disheartening not being able to make those connections across the board. I genuinely try so hard to be outgoing, helpful, and supportive to our classroom teachers. I’m spending additional time this year sprinkling in reading and writing because unsurprisingly, a large percentage of our students cannot read or write. 

Parents don’t view specials teachers as real teachers either. I’ve sent 5 emails, all unanswered, but 3 of them were just forwarded to the classroom teacher for their interpretation. I’ve had parents ask me “How can ___ be disruptive in music?? It’s music.”

The cherry on top and real reason for this post is I had to take two sick days, and was informed that they couldn’t find a sub, so my classes for yesterday and today are simply not having music. When other teachers miss, my admin bends over backwards to cover their rooms, but my subject isn’t important enough? I feel so guilty that 13 classes now are skipping their specials time this week. 

My heart has always been with elementary but I’m beginning to wonder if I need to work with older kids just to earn a little respect, or switch content area altogether. 

Based on conversations with my mentors and friends also teaching music at the elementary level in different states/districts it seems the general attitude towards what we handle and deal with is ‘it is the way it is’ but I don’t know if I have thick enough skin to be professionally belittled forever. ",1757525652.0,/r/Teachers/comments/1ndksq5/i_am_starting_to_hate_teaching_specials/,Nearby-Window2899,https://www.reddit.com/r/Teachers/comments/1ndksq5/i_am_starting_to_hate_teaching_specials/,10,teacher,"I am starting to hate teaching specials Forgive the wall of text, I just need to rant into the void. 

I am an elementary music teacher in my third year and I’m beginning to loathe teaching specials. I moved from one district to my current, thinking (hoping really) that what I was experiencing wasn’t the norm. 

I love my content. I love my students. I just hate how we are treated. 

Every day there is something. I have students with behavioral plans that I don’t find out about until week 2, IEPs that I need to beg for, a comment from a colleague about how fun and easy my subject is here and there, you name it. Students that need paras in their regular classes are sent to me without one. Last week alone I was scratched by a student, and when I reported the incident I was told “Oh, that kind of behavior is outlined in his plan.” that’s great, the plan you didn’t send me? “If you need help, use your walkie.” You didn’t give me a walkie. I had to wait 4 weeks into the year until I got hurt! I have 600+ students, yes, but I still need to know about these things *before* they happen. 

Other teachers at my school ignore me for the most part. I have a handful of trusted colleagues that keep me sane, but it’s disheartening not being able to make those connections across the board. I genuinely try so hard to be outgoing, helpful, and supportive to our classroom teachers. I’m spending additional time this year sprinkling in reading and writing because unsurprisingly, a large percentage of our students cannot read or write. 

Parents don’t view specials teachers as real teachers either. I’ve sent 5 emails, all unanswered, but 3 of them were just forwarded to the classroom teacher for their interpretation. I’ve had parents ask me “How can ___ be disruptive in music?? It’s music.”

The cherry on top and real reason for this post is I had to take two sick days, and was informed that they couldn’t find a sub, so my classes for yesterday and today are simply not having music. When other teachers miss, my admin bends over backwards to cover their rooms, but my subject isn’t important enough? I feel so guilty that 13 classes now are skipping their specials time this week. 

My heart has always been with elementary but I’m beginning to wonder if I need to work with older kids just to earn a little respect, or switch content area altogether. 

Based on conversations with my mentors and friends also teaching music at the elementary level in different states/districts it seems the general attitude towards what we handle and deal with is ‘it is the way it is’ but I don’t know if I have thick enough skin to be professionally belittled forever. ",0.090406976744186,0.5177080671266718,neutral,starting hate special forgive wall text rant void elementary music third beginning loathe special moved district current thinking hoping really experiencing wasnt norm love content love student hate treated every day something student behavioral plan find week ieps beg comment colleague fun easy subject name student para regular class sent without last week alone scratched reported incident told kind behavior outlined plan great plan didnt send use walkie didnt give walkie wait week got hurt student yes still thing happen teacher school ignore part handful trusted colleague keep sane disheartening able make connection across board genuinely try hard outgoing helpful supportive classroom teacher spending additional sprinkling reading writing unsurprisingly large percentage student read write parent view special teacher real teacher either sent email unanswered forwarded classroom interpretation parent ask disruptive music music cherry top real reason take two sick day informed couldnt find sub class yesterday today simply music teacher miss admin bend backwards cover room subject isnt important enough feel guilty class skipping special week heart always elementary beginning wonder work older kid earn little respect switch content area altogether based conversation mentor friend music elementary level different statesdistricts seems general attitude towards handle deal way thick enough skin professionally belittled forever,3,0.9843277860225914
Teachers,1na0gpx,Teacher loan forgiveness approved (2025),"I’ve been searching on this sub and similar for updates on the timeline for teacher loan forgiveness approval/denial process. I didn’t find much, so I’m posting this to help others have an idea of the process.

First, here’s the criteria 

https://studentaid.gov/manage-loans/forgiveness-cancellation/teacher

This past school year (24-25) was my fifth year teaching. I bounced around to different school districts and had to reach out to HRs and ask to fill out their parts for my application to verify I worked there. I submitted mine on the Mohela website on May 22nd. 

May 29th I got a letter saying my application was forwarded to the dept of ed.

June 18th another letter was sent with a repayment schedule starting April 2026 

August 7th another repayment schedule starting June 2026

The week of August 18th I signed in to my Mohela account again and no change.


This morning (9/6/25) I signed in and my balance decreased from $29,130 to $11,630.
The full $17,500 was forgiven 

I teach secondary math btw 


But I hope this helps anyone who plans on submitting an application ",1757167676.0,/r/Teachers/comments/1na0gpx/teacher_loan_forgiveness_approved_2025/,simplexseason,https://www.reddit.com/r/Teachers/comments/1na0gpx/teacher_loan_forgiveness_approved_2025/,61,teacher,"Teacher loan forgiveness approved (2025) I’ve been searching on this sub and similar for updates on the timeline for teacher loan forgiveness approval/denial process. I didn’t find much, so I’m posting this to help others have an idea of the process.

First, here’s the criteria 

https://studentaid.gov/manage-loans/forgiveness-cancellation/teacher

This past school year (24-25) was my fifth year teaching. I bounced around to different school districts and had to reach out to HRs and ask to fill out their parts for my application to verify I worked there. I submitted mine on the Mohela website on May 22nd. 

May 29th I got a letter saying my application was forwarded to the dept of ed.

June 18th another letter was sent with a repayment schedule starting April 2026 

August 7th another repayment schedule starting June 2026

The week of August 18th I signed in to my Mohela account again and no change.


This morning (9/6/25) I signed in and my balance decreased from $29,130 to $11,630.
The full $17,500 was forgiven 

I teach secondary math btw 


But I hope this helps anyone who plans on submitting an application ",-0.015,0.3533333333333333,neutral,approved searching sub similar update timeline approvaldenial process didnt find much posting others idea process first here criterion past school fifth bounced around different school district reach hr ask fill part application verify worked submitted mine mohela website may may got letter saying application forwarded dept june another letter sent repayment schedule starting april august another repayment schedule starting june week august signed mohela account change morning signed balance decreased full forgiven secondary math btw hope help plan submitting application,0,0.7096776860173413
Teachers,1n6za1p,Private Teacher,"Someone wants to hire me as their private teacher. That person will provide accomadation and visa. She said that she noticed my application in a teaching job portal and contacted me. 

I want to get that job because it is aligned from what degree I have. However, I am still new and quite ignorant from things. At the same time, I am afraid that it might not really true nor it's not safe. I would like to hear some opinion regarding this. 

P.S forgive my grammar. I am not a NES. Thanks. 
",1756856190.0,/r/Teachers/comments/1n6za1p/private_teacher/,mikii_003,https://www.reddit.com/r/Teachers/comments/1n6za1p/private_teacher/,0,teacher,"Private Teacher Someone wants to hire me as their private teacher. That person will provide accomadation and visa. She said that she noticed my application in a teaching job portal and contacted me. 

I want to get that job because it is aligned from what degree I have. However, I am still new and quite ignorant from things. At the same time, I am afraid that it might not really true nor it's not safe. I would like to hear some opinion regarding this. 

P.S forgive my grammar. I am not a NES. Thanks. 
",-0.0542929292929292,0.4088383838383838,neutral,private someone want hire private person provide accomadation visa said noticed application job portal contacted want job aligned degree however still new quite ignorant thing afraid might really true safe like hear opinion regarding forgive grammar ne thanks,4,0.9451538140761178
Teachers,1n2ejrb,Need guidance on becoming an early childhood teacher in IL,"Forgive me please as I am not a teacher, but my wife wants to become one. She doesn't have a Reddit account, so here I am. She's here next to me as I type. My wife is currently a teaching assistant in a preschool class and wants to become a full-blown Early Childhood teacher. She has her bachelor's degree in an unrelated field (hospitality business management if it's relevant), and she's unsure what additional steps she needs to take. A teaching certificate? Does she need a whole second bachelor's degree? We have see information about ""short-term"" approval"" and an PEL... Lot's of very confusing information out there that we can't make heads or tails of. 

We have a local community college with an early childhood program, but I like to think you all can help us make sure she's headed down the right path and avoid wasting time before she starts registering for classes. I know it will come up, she has an appointment with an advisor at the college, but I place some value in the aggregate knowledge of random teachers on the internet.

  
Mods, let me know if I have broken any rules. I read through them and I don't think I have, but I will correct or fix anything that needs correcting or fixing.",1756393080.0,/r/Teachers/comments/1n2ejrb/need_guidance_on_becoming_an_early_childhood/,Fucking_Casuals,https://www.reddit.com/r/Teachers/comments/1n2ejrb/need_guidance_on_becoming_an_early_childhood/,3,teacher,"Need guidance on becoming an early childhood teacher in IL Forgive me please as I am not a teacher, but my wife wants to become one. She doesn't have a Reddit account, so here I am. She's here next to me as I type. My wife is currently a teaching assistant in a preschool class and wants to become a full-blown Early Childhood teacher. She has her bachelor's degree in an unrelated field (hospitality business management if it's relevant), and she's unsure what additional steps she needs to take. A teaching certificate? Does she need a whole second bachelor's degree? We have see information about ""short-term"" approval"" and an PEL... Lot's of very confusing information out there that we can't make heads or tails of. 

We have a local community college with an early childhood program, but I like to think you all can help us make sure she's headed down the right path and avoid wasting time before she starts registering for classes. I know it will come up, she has an appointment with an advisor at the college, but I place some value in the aggregate knowledge of random teachers on the internet.

  
Mods, let me know if I have broken any rules. I read through them and I don't think I have, but I will correct or fix anything that needs correcting or fixing.",0.0605643738977072,0.3768606701940035,neutral,guidance becoming early childhood forgive please wife want become doesnt account shes next type wife currently assistant preschool class want become fullblown early childhood bachelor degree unrelated field hospitality business management relevant shes unsure additional step need take certificate whole second bachelor degree see information shortterm approval pel lot confusing information cant make head tail local community college early childhood program like think make sure shes headed right path avoid wasting start registering class come appointment advisor college place value aggregate knowledge random teacher internet mod let broken rule read think correct fix anything need correcting fixing,4,0.764917011949872
Teachers,1mvu5go,EdWeek - Some Teachers Could Lose Out on Student Loan Forgiveness,"I'm not sure if anyone saw this article from EdWeek yesterday (https://www.edweek.org/teaching-learning/some-teachers-could-lose-out-on-loan-forgiveness-under-trump-admin-proposal/2025/08) that again raises concerns about disqualifying districts that serve undocumented and transgender students as eligible employers under PSLF.

I know others have said this fear is overblown and won't be applied, but I have zero trust that this administration won't attempt to inflict maximum pain to accomplish their agenda.",1755730601.0,/r/Teachers/comments/1mvu5go/edweek_some_teachers_could_lose_out_on_student/,Familiar-Midnight-12,https://www.reddit.com/r/Teachers/comments/1mvu5go/edweek_some_teachers_could_lose_out_on_student/,124,teacher,"EdWeek - Some Teachers Could Lose Out on Student Loan Forgiveness I'm not sure if anyone saw this article from EdWeek yesterday (https://www.edweek.org/teaching-learning/some-teachers-could-lose-out-on-loan-forgiveness-under-trump-admin-proposal/2025/08) that again raises concerns about disqualifying districts that serve undocumented and transgender students as eligible employers under PSLF.

I know others have said this fear is overblown and won't be applied, but I have zero trust that this administration won't attempt to inflict maximum pain to accomplish their agenda.",-0.25,0.8888888888888888,negative,edweek teacher lose sure saw article edweek yesterday raise concern disqualifying district serve undocumented transgender student eligible employer others said fear overblown wont applied zero trust administration wont attempt inflict maximum pain accomplish agenda,0,0.5886728369136013
Teachers,1mtwvp4,Input Needed on Required for ASB/Leadership Hours,"Hi everyone!

**Background:** I am the ASB advisor at my mid-sized (1700 student) school. I teach a 90-minute class period with my leadership students 2-3 days a week (rolling block). I took over the program a couple of years ago and it lacked structure and accountability, I have been working on changing it since then.

**Question:** I want to require a certain number of service hours that my students need to complete each semester for their grade, to encourage accountability of students actually working the events we plan and staying involved in their community. *How many hours is reasonable?* These kids are super involved in lots of school activities and jobs and I don't want to overwhelm them, but I've also struggled to get them to support their own events, so clearly a requirement is needed. I also don't think this class should be the automatic A that it has been in the past.

* Maybe working an event vs. attending an event could yield different points.
* I like the idea that the requirement increases by grade, so 12th grade students need to engage more than 9th grade students.
* I'm also toying with the idea of a passport of sorts to get them to attend other events, i.e. one theater production, one sporting event, etc.

Open to any and all suggestions. Thank you in advance!!

ETA: Please forgive the typo in my post title, I changed it and didn't notice until it was posted. :(",1755547468.0,/r/Teachers/comments/1mtwvp4/input_needed_on_required_for_asbleadership_hours/,pitasmama,https://www.reddit.com/r/Teachers/comments/1mtwvp4/input_needed_on_required_for_asbleadership_hours/,2,teacher,"Input Needed on Required for ASB/Leadership Hours Hi everyone!

**Background:** I am the ASB advisor at my mid-sized (1700 student) school. I teach a 90-minute class period with my leadership students 2-3 days a week (rolling block). I took over the program a couple of years ago and it lacked structure and accountability, I have been working on changing it since then.

**Question:** I want to require a certain number of service hours that my students need to complete each semester for their grade, to encourage accountability of students actually working the events we plan and staying involved in their community. *How many hours is reasonable?* These kids are super involved in lots of school activities and jobs and I don't want to overwhelm them, but I've also struggled to get them to support their own events, so clearly a requirement is needed. I also don't think this class should be the automatic A that it has been in the past.

* Maybe working an event vs. attending an event could yield different points.
* I like the idea that the requirement increases by grade, so 12th grade students need to engage more than 9th grade students.
* I'm also toying with the idea of a passport of sorts to get them to attend other events, i.e. one theater production, one sporting event, etc.

Open to any and all suggestions. Thank you in advance!!

ETA: Please forgive the typo in my post title, I changed it and didn't notice until it was posted. :(",0.1016156462585033,0.5318877551020408,positive,input needed required asbleadership hour everyone background asb advisor midsized school minute class period leadership student day week rolling block took program couple year ago lacked structure accountability working changing since want require certain number hour student complete semester grade encourage accountability student actually working event plan staying involved community many hour reasonable kid super involved lot school activity job want overwhelm struggled support event clearly requirement needed think class automatic past maybe working event attending event yield different point like idea requirement increase grade grade student engage grade student toying idea passport sort attend event theater production sporting event etc open suggestion thank advance eta please forgive typo title changed didnt notice posted,2,0.9742650124475684
Teachers,1mrg0ne,"My admin tried to belittle me by printing out an email and ""teaching me English"" at my door this morning...","So, a 7th-grade boy at my school told a female student to ""suck his &lt;peepee&gt;"" this week. A different teacher on my interdisciplinary team tried to write a referral, as that kind of language, especially directed specifically at another student, is just not acceptable in any learning environment.

The grade level admin (who I already despise tbh because he's a useless coward) said ""that's a teacher-managed problem,"" and basically set the precedent that hateful, crass language directed at anyone is a ""teacher-managed"" issue. Setting that precedent, the student then told the same teacher the next day to ""shut the fuck up.""

The teacher reasonably asked for help because she was basically told she couldn't write referrals for those instances of behavior. I then e-mailed said AP, CC-ing the other teacher on it, and did a ""just to confirm with you and circle back... THESE are teacher-managed?""

Man was so fucking shook up he came to my door this morning, with the same email, and took out his pen with the famous words of ""I was an English teacher, so I love doing this..."" as he proceeded to try and belittle me by ""correcting my English."" (I literally had maybe one or two mistyped things that were autocorrected incorrectly).

I literally was so pissed I threw professionalism out the window for a moment and cut him off with a ""Are we here to talk about the typos or the content? Because I think the content of the email is significantly more important...""

He then proceeded to break it down and tell me that even though the teacher heard the student say ""suck my..."" because she didn't hear the FULL word that followed, ""it doesn't count."" &gt;\_&gt;

He then brought up the second development and was like ""and I had no idea about this."" (in regard to the ""shut the fuck up"" one). However, I emphasized that he had set a false precedent that this kind of language is a teacher-managed issue, and basically confused the other teacher (and me) into believing that this was now her/our problem, and not his. He also did this last year with several issues that arose. If he could make it not his problem, that's exactly what he did (coward).

He insinuated an almost ""how dare I put it in email"" vibe without directly saying so.

But honestly, man wasn't shit last year, and I came into this year with a fresh mindset ready to forgive and forget. We're on week 2 and he's already on my permanent shit list for this year because of this unprofessional and highly unnecessary interaction. Hope his 30-second power trip was worth it, because all he did was solidify what a useless, cowardly, persnickety, petty, pompous asshole he is. Which basically means, beyond the bare minimum civility, I will not be going out of my way to be pleasant or nice with him.

Why do admins feel the need to infantilize their staff for holding them accountable for their lackluster support of teachers and extreme behavior from students?",1755305546.0,/r/Teachers/comments/1mrg0ne/my_admin_tried_to_belittle_me_by_printing_out_an/,Careful_Feedback6940,https://www.reddit.com/r/Teachers/comments/1mrg0ne/my_admin_tried_to_belittle_me_by_printing_out_an/,1240,teacher,"My admin tried to belittle me by printing out an email and ""teaching me English"" at my door this morning... So, a 7th-grade boy at my school told a female student to ""suck his &lt;peepee&gt;"" this week. A different teacher on my interdisciplinary team tried to write a referral, as that kind of language, especially directed specifically at another student, is just not acceptable in any learning environment.

The grade level admin (who I already despise tbh because he's a useless coward) said ""that's a teacher-managed problem,"" and basically set the precedent that hateful, crass language directed at anyone is a ""teacher-managed"" issue. Setting that precedent, the student then told the same teacher the next day to ""shut the fuck up.""

The teacher reasonably asked for help because she was basically told she couldn't write referrals for those instances of behavior. I then e-mailed said AP, CC-ing the other teacher on it, and did a ""just to confirm with you and circle back... THESE are teacher-managed?""

Man was so fucking shook up he came to my door this morning, with the same email, and took out his pen with the famous words of ""I was an English teacher, so I love doing this..."" as he proceeded to try and belittle me by ""correcting my English."" (I literally had maybe one or two mistyped things that were autocorrected incorrectly).

I literally was so pissed I threw professionalism out the window for a moment and cut him off with a ""Are we here to talk about the typos or the content? Because I think the content of the email is significantly more important...""

He then proceeded to break it down and tell me that even though the teacher heard the student say ""suck my..."" because she didn't hear the FULL word that followed, ""it doesn't count."" &gt;\_&gt;

He then brought up the second development and was like ""and I had no idea about this."" (in regard to the ""shut the fuck up"" one). However, I emphasized that he had set a false precedent that this kind of language is a teacher-managed issue, and basically confused the other teacher (and me) into believing that this was now her/our problem, and not his. He also did this last year with several issues that arose. If he could make it not his problem, that's exactly what he did (coward).

He insinuated an almost ""how dare I put it in email"" vibe without directly saying so.

But honestly, man wasn't shit last year, and I came into this year with a fresh mindset ready to forgive and forget. We're on week 2 and he's already on my permanent shit list for this year because of this unprofessional and highly unnecessary interaction. Hope his 30-second power trip was worth it, because all he did was solidify what a useless, cowardly, persnickety, petty, pompous asshole he is. Which basically means, beyond the bare minimum civility, I will not be going out of my way to be pleasant or nice with him.

Why do admins feel the need to infantilize their staff for holding them accountable for their lackluster support of teachers and extreme behavior from students?",0.0500617283950617,0.4701234567901234,neutral,admin tried belittle printing email english door morning thgrade boy school told female suck ltpeepeegt week different interdisciplinary team tried write referral kind language especially directed specifically another acceptable learning environment grade level admin already despise tbh he useless coward said teachermanaged problem basically set precedent hateful crass language directed teachermanaged issue setting precedent told next day shut fuck reasonably asked basically told couldnt write referral instance behavior emailed said ccing confirm circle back teachermanaged man fucking shook came door morning email took pen famous word english love proceeded try belittle correcting english literally maybe two mistyped thing autocorrected incorrectly literally pissed threw professionalism window moment cut talk typo content think content email significantly important proceeded break tell even though heard say suck didnt hear full word followed doesnt count gtgt brought second development like idea regard shut fuck however emphasized set false precedent kind language teachermanaged issue basically confused believing herour problem last several issue arose make problem exactly coward insinuated almost dare put email vibe without directly saying honestly man wasnt shit last came fresh mindset ready forgive forget week he already permanent shit list unprofessional highly unnecessary interaction hope second power trip worth solidify useless cowardly persnickety petty pompous asshole basically mean beyond bare minimum civility way pleasant nice admins feel infantilize staff holding accountable lackluster support teacher extreme behavior student,0,0.9803820507901665
Teachers,1mkz69n,Recs for ES Classroom Materials?,"Hello all! This is my first time making a Reddit post, so please forgive any inaccuracies of structure or anything like that...

  
This is my first year teaching! My classroom will be Emotional Support Elementary - primarily upper elementary. My caseload is currently at eight kiddos, with three of those being full-time, the rest being a mix of supplemental and itinerant.

  
I am used to teaching self-contained Autistic Support, so I am a little out of my realm of comfort, but I'm taking it as a challenge with open arms! As it stands, the previous teacher to my classroom is leaving a lot of academic materials, such as manipulatives for academics.

  
I'm really not one to decorate (since I'm not savvy in that department). I was hoping for some recommendations on where to purchase supplies, helpful tips for situating desks, etc.

  
As it stands now, my three full-time students will have their own ""stations"". Three of my classroom paras will have their space next to those students. I'm going to more or less let them supply their own materials to match their comfort, since two of the three full-time paras have been in my classroom for a handful of years. 

My room is actually quite large! It's the shape of a rectangle - smart board is on the center right wall, de-escalation (padded corner) is in the back right, kidney tables is in front of smart board, waist-height bookshelf is located on the left side wall to section out space. It was recommended to me to have students not facing one another, since they can egg each other on per say.

  
The one thing I am certain about is that I will be making a visual block schedule on the sliding whiteboard (length of space by the door on the short end of the rectangle). This will serve as a good reference for my paras and to, hopefully, aid in transitions for students.

  
But yes! Any recommendations for how to separate space? Any materials out of pocket I should prioritize?",1754668935.0,/r/Teachers/comments/1mkz69n/recs_for_es_classroom_materials/,AlpsSoft4582,https://www.reddit.com/r/Teachers/comments/1mkz69n/recs_for_es_classroom_materials/,2,teacher,"Recs for ES Classroom Materials? Hello all! This is my first time making a Reddit post, so please forgive any inaccuracies of structure or anything like that...

  
This is my first year teaching! My classroom will be Emotional Support Elementary - primarily upper elementary. My caseload is currently at eight kiddos, with three of those being full-time, the rest being a mix of supplemental and itinerant.

  
I am used to teaching self-contained Autistic Support, so I am a little out of my realm of comfort, but I'm taking it as a challenge with open arms! As it stands, the previous teacher to my classroom is leaving a lot of academic materials, such as manipulatives for academics.

  
I'm really not one to decorate (since I'm not savvy in that department). I was hoping for some recommendations on where to purchase supplies, helpful tips for situating desks, etc.

  
As it stands now, my three full-time students will have their own ""stations"". Three of my classroom paras will have their space next to those students. I'm going to more or less let them supply their own materials to match their comfort, since two of the three full-time paras have been in my classroom for a handful of years. 

My room is actually quite large! It's the shape of a rectangle - smart board is on the center right wall, de-escalation (padded corner) is in the back right, kidney tables is in front of smart board, waist-height bookshelf is located on the left side wall to section out space. It was recommended to me to have students not facing one another, since they can egg each other on per say.

  
The one thing I am certain about is that I will be making a visual block schedule on the sliding whiteboard (length of space by the door on the short end of the rectangle). This will serve as a good reference for my paras and to, hopefully, aid in transitions for students.

  
But yes! Any recommendations for how to separate space? Any materials out of pocket I should prioritize?",0.1264790764790765,0.3933982683982684,positive,recs classroom material hello first making please forgive inaccuracy structure anything like first classroom emotional support elementary primarily upper elementary caseload currently eight kiddos three fulltime rest mix supplemental itinerant used selfcontained autistic support little realm comfort taking challenge open arm stand previous classroom leaving lot academic material manipulatives academic really decorate since savvy department hoping recommendation purchase supply helpful tip situating desk etc stand three fulltime student station three classroom para space next student less let supply material match comfort since two three fulltime para classroom handful year room actually quite large shape rectangle smart board center right wall deescalation padded corner back right kidney table front smart board waistheight bookshelf located left side wall section space recommended student facing another since egg per say thing certain making visual block schedule sliding whiteboard length space door short end rectangle serve good reference para hopefully aid transition student yes recommendation separate space material pocket prioritize,4,0.6197859993599932
Teachers,1mkja7b,FYT - Red Flag Admin? Should I take this position (if offered)? (HELP),"**Please forgive me in advance for the length of this post, but I am** ***stressed*** **and need some friendly neighborhood teacher advice.** 

**Rundown**:   
First year teacher. VERY high needs public school (in-house social worker). Principal lied to my face in my first interview. Taking forever to get the hiring process rolling, I haven't even gotten the official job offer yet, haven't heard anything in days, and school starts on Monday (I write this the Thursday evening before). BUT, this may be the first job offer I've had, and school starts Monday. In most other districts near me school has already started.

**In-depth Context:**   
Tuesday July 22nd. During my first interview I asked the principal about the school culture; how was parent engagement, what's the community like, etc. She said they don't have huge attendance issues, very involved parents; her main goal was to increase scores to match state-wide averages. Okay, sounds great. I can definitely work with that. She says I can expect to hear back by the end of the week. 

Spoiler alert: I don't hear back. No calls or return calls from my voicemails, no emails. I assume they've chosen someone with more experience, as is with every interview I've done thus far. I move on.

Friday August 1st I get a call from said school asking if I'm still interested in the position and if I'd like to come interview for it. I said, ""Uh, yes ma'am, but I've already interviewed for it.""   She says, ""You've already interviewed? Hang on, let me call you back so I can go ask."" We hang up; a few minutes later she calls back saying this is a second interview. I'm like, ""Oh okay, sure."" We schedule the second interview for Monday the 4th.

Monday August 4th. *Note, this is the first day back for teachers. Workday, followed by three PD days, then Friday another workday.* I go in for this second interview. Instead of the principal, this time I meet with the curriculum coach. I'm like great! I have some questions about the curriculum. She asks me the exact same questions as the principal, from the very same chart and list of questions. I don't mind, it's good to have standards and a baseline to review candidates by--but I'm really starting to think they either forgot they interviewed me, lost the paperwork, or the candidate they chose last time withdrew their interest for whatever reason, and now they're scrambling to fill it again. 

Either way, the interview goes well. We chat, it becomes more of a conversation than an interview, I ask questions of my own, but when I ask about the school culture, I get a starkly different answer from the curriculum coach than I did the principal. Major attendance issues, parents tend to fight the teachers on disciplinary and resource measures, behavior issues across the board. She says all this much more diplomatically than that, but it's what it translates to. 

And really, I did my first clinical in a school with needs like that, I don't mind high needs students---UNLESS I have to be yelling at the students to be taken seriously. During my clinical, the majority of teachers were yelling at the children, and it seemed like they *truly had to* in order to be obeyed, because that's all those kids got at home, it's all they knew discipline wise. I don't want to have to do that. I don't want to have to yell at these kids to be heard and taken as a figure of authority. And I don't want the potential parent and admin trouble that would probably come with it. Equally as much, I don't want to be looked down on by parents who think I can't handle myself because it's my first year teaching, or because I look younger than I am, though that's probably unavoidable regardless of where I go.

Well anyway--the interview went well, she said I can expect to hear back by the end of the week. I left feeling confident in my odds, but unsure if that's the school I should be spending my first year at, then also unsure if I'll really get any other offer this close to school starting, then *also* unsure about the timeline she mentioned. By the end of the week? That means I'll miss all professional development, I'll only have the weekend to get my classroom ready, IF I've even signed my contract at that point. I haven't toured the school yet. I haven't met any faculty or staff besides the people I've been interviewed by. The first day of school will probably be the day I meet everyone. 

The last time I was contacted by anyone was Tuesday, when a woman from the office called asking for my references---as if they weren't attached to my digital application. I suspected they were proceeding with onboarding me since she mentioned ""getting me in as quick as possible,"" but I haven't heard anything since then. 

I don't want to start my first year teaching in a scramble, but what choice do I have? Wait for another position to open up elsewhere, despite it then being a matter of jumping in in the middle of the school year? 

I want *so badly* to be a teacher, to be a *good* teacher, but I'm scared my enthusiasm for the job will be squashed by ill behaved students, parents who don't parent, and an admin who lied to me day one. 

Should I leap on this potential disaster of a job? Or maybe wait for something better?",1754619810.0,/r/Teachers/comments/1mkja7b/fyt_red_flag_admin_should_i_take_this_position_if/,Character_End1827,https://www.reddit.com/r/Teachers/comments/1mkja7b/fyt_red_flag_admin_should_i_take_this_position_if/,2,teacher,"FYT - Red Flag Admin? Should I take this position (if offered)? (HELP) **Please forgive me in advance for the length of this post, but I am** ***stressed*** **and need some friendly neighborhood teacher advice.** 

**Rundown**:   
First year teacher. VERY high needs public school (in-house social worker). Principal lied to my face in my first interview. Taking forever to get the hiring process rolling, I haven't even gotten the official job offer yet, haven't heard anything in days, and school starts on Monday (I write this the Thursday evening before). BUT, this may be the first job offer I've had, and school starts Monday. In most other districts near me school has already started.

**In-depth Context:**   
Tuesday July 22nd. During my first interview I asked the principal about the school culture; how was parent engagement, what's the community like, etc. She said they don't have huge attendance issues, very involved parents; her main goal was to increase scores to match state-wide averages. Okay, sounds great. I can definitely work with that. She says I can expect to hear back by the end of the week. 

Spoiler alert: I don't hear back. No calls or return calls from my voicemails, no emails. I assume they've chosen someone with more experience, as is with every interview I've done thus far. I move on.

Friday August 1st I get a call from said school asking if I'm still interested in the position and if I'd like to come interview for it. I said, ""Uh, yes ma'am, but I've already interviewed for it.""   She says, ""You've already interviewed? Hang on, let me call you back so I can go ask."" We hang up; a few minutes later she calls back saying this is a second interview. I'm like, ""Oh okay, sure."" We schedule the second interview for Monday the 4th.

Monday August 4th. *Note, this is the first day back for teachers. Workday, followed by three PD days, then Friday another workday.* I go in for this second interview. Instead of the principal, this time I meet with the curriculum coach. I'm like great! I have some questions about the curriculum. She asks me the exact same questions as the principal, from the very same chart and list of questions. I don't mind, it's good to have standards and a baseline to review candidates by--but I'm really starting to think they either forgot they interviewed me, lost the paperwork, or the candidate they chose last time withdrew their interest for whatever reason, and now they're scrambling to fill it again. 

Either way, the interview goes well. We chat, it becomes more of a conversation than an interview, I ask questions of my own, but when I ask about the school culture, I get a starkly different answer from the curriculum coach than I did the principal. Major attendance issues, parents tend to fight the teachers on disciplinary and resource measures, behavior issues across the board. She says all this much more diplomatically than that, but it's what it translates to. 

And really, I did my first clinical in a school with needs like that, I don't mind high needs students---UNLESS I have to be yelling at the students to be taken seriously. During my clinical, the majority of teachers were yelling at the children, and it seemed like they *truly had to* in order to be obeyed, because that's all those kids got at home, it's all they knew discipline wise. I don't want to have to do that. I don't want to have to yell at these kids to be heard and taken as a figure of authority. And I don't want the potential parent and admin trouble that would probably come with it. Equally as much, I don't want to be looked down on by parents who think I can't handle myself because it's my first year teaching, or because I look younger than I am, though that's probably unavoidable regardless of where I go.

Well anyway--the interview went well, she said I can expect to hear back by the end of the week. I left feeling confident in my odds, but unsure if that's the school I should be spending my first year at, then also unsure if I'll really get any other offer this close to school starting, then *also* unsure about the timeline she mentioned. By the end of the week? That means I'll miss all professional development, I'll only have the weekend to get my classroom ready, IF I've even signed my contract at that point. I haven't toured the school yet. I haven't met any faculty or staff besides the people I've been interviewed by. The first day of school will probably be the day I meet everyone. 

The last time I was contacted by anyone was Tuesday, when a woman from the office called asking for my references---as if they weren't attached to my digital application. I suspected they were proceeding with onboarding me since she mentioned ""getting me in as quick as possible,"" but I haven't heard anything since then. 

I don't want to start my first year teaching in a scramble, but what choice do I have? Wait for another position to open up elsewhere, despite it then being a matter of jumping in in the middle of the school year? 

I want *so badly* to be a teacher, to be a *good* teacher, but I'm scared my enthusiasm for the job will be squashed by ill behaved students, parents who don't parent, and an admin who lied to me day one. 

Should I leap on this potential disaster of a job? Or maybe wait for something better?",0.1587493055555555,0.3850909722222221,positive,fyt red flag admin take position offered please forgive advance length stressed friendly neighborhood advice rundown first high need school inhouse social worker principal lied face first interview taking forever hiring process rolling havent even gotten official job offer yet havent heard anything day school start monday write thursday evening may first job offer school start monday district near school already started indepth context tuesday july first interview asked principal school culture parent engagement whats community like etc said huge attendance issue involved parent main goal increase score match statewide average okay sound great definitely work say expect hear back end week spoiler alert hear back call return call voicemail email assume theyve chosen someone experience every interview done thus far move friday august call said school asking still interested position like come interview said yes maam already interviewed say youve already interviewed hang let call back ask hang minute later call back saying second interview like okay sure schedule second interview monday monday august note first day back teacher workday followed three day friday another workday second interview instead principal meet curriculum coach like great question curriculum asks exact question principal chart list question mind good standard baseline review candidate bybut really starting think either forgot interviewed lost paperwork candidate chose last withdrew interest whatever reason theyre scrambling fill either way interview go well chat becomes conversation interview ask question ask school culture starkly different answer curriculum coach principal major attendance issue parent tend fight teacher disciplinary resource measure behavior issue across board say much diplomatically translates really first clinical school need like mind high need studentsunless yelling student taken seriously clinical majority teacher yelling child seemed like truly order obeyed kid got home knew discipline wise want want yell kid heard taken figure authority want potential parent admin trouble probably come equally much want looked parent think cant handle first look younger though probably unavoidable regardless well anywaythe interview went well said expect hear back end week left feeling confident odds unsure school spending first unsure ill really offer close school starting unsure timeline mentioned end week mean ill miss professional development ill weekend classroom ready even signed contract point havent toured school yet havent met faculty staff besides people interviewed first day school probably day meet everyone last contacted tuesday woman office called asking referencesas werent attached digital application suspected proceeding onboarding since mentioned getting quick possible havent heard anything since want start first scramble choice wait another position open elsewhere despite matter jumping middle school want badly good scared enthusiasm job squashed ill behaved student parent parent admin lied day leap potential disaster job maybe wait something better,0,0.9943292491902787
Teachers,1mjj72p,AP Lang teachers: What score would you give this essay?,"Amanda Gorman is the first National Youth Poet Laureate of the United States, an honor given to a young person for exceptional artistic expression, civic engagement, and social impact. In a 2021 interview in Time magazine, when asked how to maintain optimism in challenging times, Gorman stated: “Optimism shouldn’t be seen as opposed to pessimism, but in conversation with it. Your optimism will never be as powerful as it is in that exact moment when you want to give it up.”

 Write an essay that argues your position on the extent to which Gorman’s claim about the relationship between optimism and pessimism is valid. In your response you should do the following:

 • Respond to the prompt with a thesis that presents a defensible position. 
• Provide evidence to support your line of reasoning. 
• Explain how the evidence supports your line of reasoning. 
• Use appropriate grammar and punctuation in communicating your argument.

—————Response Below—————-

Once upon a time, I was driving along with a good friend of mine. My friend, in mid conversation, casually said, “I’m an optimist, and I just can’t stand pessimists.”

Feeling a little cheeky, I gave a smart-aleck response: “I’m a pessimist and I don’t hate anyone, since I don’t have high expectations for them to begin with.” I chuckled a little at the irony that I had pointed out: that my optimist friend was full of hate, whereas I had nothing in my heart but acceptance. 

I couldn’t help but remember that story as I read the words of Amanda Gorman, the Youth Poet Laureate, in regards to optimism in the face of a challenge: “Optimism shouldn’t be seen as opposed to pessimism, but in conversation with it. Your optimism will never be as powerful as it is in that exact moment when you want to give it up.” Gorman is mostly correct in that optimism and pessimism are two parts of a whole and that they need each other. 

Some, like my friend, have wholly invested into the belief of optimism as always the ideal and pessimism as solely villainous.That is a mistake. 

For example: Imagine two Gods. Each God has made mankind in their image and has constructed man to be perfect, holy beings. One God is solely an optimist; they expect only the best, and believe all things will work out well. The other God is a pessimist; they expect failure and cannot fathom anything going as it should. Now, imagine that each of their creations results in mixed success. In each case half of the god’s respective followers achieve enlightenment and behave in the holy fashion intended, while the other half fall into sin and become victims of excess and evil. 

The Optimist God would predominantly see the sinners as failures. The people had every reason to succeed; fate itself was in their favor and they SHOULD have succeeded, but they still failed. How embarrassing for the people…

The Pessimist God would see things differently. Those that failed merely fell prey to a harsh world. Pessimist God had expected this outcome. The Pessimist God would empathize with his people and be more likely to forgive. “Of course the people failed,” They would think, “But those that succeeded did so AGAINST the odds and are all the more impressive for it.” A pessimist God sees the victories of his people as outstanding, while an Optimist God would see it as the norm, not worth celebrating. 

Of course, if one continues this line of reasoning then the Pessimist God wouldn’t be all sunshine and praise. The Pessimist god would have no faith in continued success. “Those victories were a fluke!” they might think. This is where the Optimist God’s view would be more desirable. 

So, the best case scenario? The two gods work together. They “converse.”  And so it is within people. 


Pessimism serves a purpose: It allows us to prepare for the worst and to empathize with and forgive not just others, but even ourselves when we make mistakes, but optimism is necessary if we want to be willing to take risks and to keep us going when there are no other options but to move forward. The “conversation” between our inner optimism and pessimism gods is what keeps us going, but lets us forgive ourselves when we fail, or tells us to bail out of an unwinnable situation. 

Ultimately the “powerful” nature of our optimism at the moment when we “want to give up,” comes down to its place in that conversation. It is not that our optimism is powerful because it should or will always win, but because it exists as an option, a choice. It is one side of a conversation that in those moments of decision can be the difference between enduring, or forgiving yourself and starting again. 
",1754520264.0,/r/Teachers/comments/1mjj72p/ap_lang_teachers_what_score_would_you_give_this/,Dwingp,https://www.reddit.com/r/Teachers/comments/1mjj72p/ap_lang_teachers_what_score_would_you_give_this/,1,teacher,"AP Lang teachers: What score would you give this essay? Amanda Gorman is the first National Youth Poet Laureate of the United States, an honor given to a young person for exceptional artistic expression, civic engagement, and social impact. In a 2021 interview in Time magazine, when asked how to maintain optimism in challenging times, Gorman stated: “Optimism shouldn’t be seen as opposed to pessimism, but in conversation with it. Your optimism will never be as powerful as it is in that exact moment when you want to give it up.”

 Write an essay that argues your position on the extent to which Gorman’s claim about the relationship between optimism and pessimism is valid. In your response you should do the following:

 • Respond to the prompt with a thesis that presents a defensible position. 
• Provide evidence to support your line of reasoning. 
• Explain how the evidence supports your line of reasoning. 
• Use appropriate grammar and punctuation in communicating your argument.

—————Response Below—————-

Once upon a time, I was driving along with a good friend of mine. My friend, in mid conversation, casually said, “I’m an optimist, and I just can’t stand pessimists.”

Feeling a little cheeky, I gave a smart-aleck response: “I’m a pessimist and I don’t hate anyone, since I don’t have high expectations for them to begin with.” I chuckled a little at the irony that I had pointed out: that my optimist friend was full of hate, whereas I had nothing in my heart but acceptance. 

I couldn’t help but remember that story as I read the words of Amanda Gorman, the Youth Poet Laureate, in regards to optimism in the face of a challenge: “Optimism shouldn’t be seen as opposed to pessimism, but in conversation with it. Your optimism will never be as powerful as it is in that exact moment when you want to give it up.” Gorman is mostly correct in that optimism and pessimism are two parts of a whole and that they need each other. 

Some, like my friend, have wholly invested into the belief of optimism as always the ideal and pessimism as solely villainous.That is a mistake. 

For example: Imagine two Gods. Each God has made mankind in their image and has constructed man to be perfect, holy beings. One God is solely an optimist; they expect only the best, and believe all things will work out well. The other God is a pessimist; they expect failure and cannot fathom anything going as it should. Now, imagine that each of their creations results in mixed success. In each case half of the god’s respective followers achieve enlightenment and behave in the holy fashion intended, while the other half fall into sin and become victims of excess and evil. 

The Optimist God would predominantly see the sinners as failures. The people had every reason to succeed; fate itself was in their favor and they SHOULD have succeeded, but they still failed. How embarrassing for the people…

The Pessimist God would see things differently. Those that failed merely fell prey to a harsh world. Pessimist God had expected this outcome. The Pessimist God would empathize with his people and be more likely to forgive. “Of course the people failed,” They would think, “But those that succeeded did so AGAINST the odds and are all the more impressive for it.” A pessimist God sees the victories of his people as outstanding, while an Optimist God would see it as the norm, not worth celebrating. 

Of course, if one continues this line of reasoning then the Pessimist God wouldn’t be all sunshine and praise. The Pessimist god would have no faith in continued success. “Those victories were a fluke!” they might think. This is where the Optimist God’s view would be more desirable. 

So, the best case scenario? The two gods work together. They “converse.”  And so it is within people. 


Pessimism serves a purpose: It allows us to prepare for the worst and to empathize with and forgive not just others, but even ourselves when we make mistakes, but optimism is necessary if we want to be willing to take risks and to keep us going when there are no other options but to move forward. The “conversation” between our inner optimism and pessimism gods is what keeps us going, but lets us forgive ourselves when we fail, or tells us to bail out of an unwinnable situation. 

Ultimately the “powerful” nature of our optimism at the moment when we “want to give up,” comes down to its place in that conversation. It is not that our optimism is powerful because it should or will always win, but because it exists as an option, a choice. It is one side of a conversation that in those moments of decision can be the difference between enduring, or forgiving yourself and starting again. 
",0.0934658119658119,0.5357008547008549,neutral,lang teacher score give essay amanda gorman first national youth poet laureate united state honor given young person exceptional artistic expression civic engagement social impact interview magazine asked maintain optimism challenging time gorman stated optimism shouldnt seen opposed pessimism conversation optimism never powerful exact moment want give write essay argues position extent gormans claim relationship optimism pessimism valid response following respond prompt thesis present defensible position provide evidence support line reasoning explain evidence support line reasoning use appropriate grammar punctuation communicating argument response upon driving along good friend mine friend mid conversation casually said optimist cant stand pessimist feeling little cheeky gave smartaleck response pessimist hate since high expectation begin chuckled little irony pointed optimist friend full hate whereas nothing heart acceptance couldnt remember story read word amanda gorman youth poet laureate regard optimism face challenge optimism shouldnt seen opposed pessimism conversation optimism never powerful exact moment want give gorman mostly correct optimism pessimism two part whole like friend wholly invested belief optimism always ideal pessimism solely villainousthat mistake example imagine two god god made mankind image constructed man perfect holy being god solely optimist expect best believe thing work well god pessimist expect failure fathom anything imagine creation result mixed success case half god respective follower achieve enlightenment behave holy fashion intended half fall sin become victim excess evil optimist god predominantly see sinner failure people every reason succeed fate favor succeeded still failed embarrassing people pessimist god see thing differently failed merely fell prey harsh world pessimist god expected outcome pessimist god empathize people likely forgive course people failed think succeeded odds impressive pessimist god see victory people outstanding optimist god see norm worth celebrating course continues line reasoning pessimist god wouldnt sunshine praise pessimist god faith continued success victory fluke might think optimist god view desirable best case scenario two god work together converse within people pessimism serf purpose allows prepare worst empathize forgive others even make mistake optimism necessary want willing take risk keep option move forward conversation inner optimism pessimism god keep let forgive fail tell bail unwinnable situation ultimately powerful nature optimism moment want give come place conversation optimism powerful always win exists option choice side conversation moment decision difference enduring forgiving starting,0,0.986477241937964
Teachers,1m7wldj,Being a better person,"Back when I was a sophomore in high school (1993-1994), I was enrolled in an Honors English II class. Our original teacher sought to be an inspirational type--heavily influenced by the film, *Dead Poets Society*. In fact, she showed it to us early on in the school year. At some point in the class, she even had us standing on our desks to take in the lesson of ""seeing the world from another point of view"". I didn't think much of it at the time--but for some students in the class, they cringed at the idea of it, being rather verbal in their disapproval of her taking such a shying to the schmaltz of the movie.

She ended up leaving teaching within a week or two of those words being thrown at her.

Her replacement was a woman who literally JUST got her teaching credential--and she was plugged into my Honors English II class straightaway. Unfortunately, the work she gave us felt a lot like *busywork*, and I balked at the seeming idiocy of it, and of her (or at least, my idea of her).

I rebelled a lot, and I became a prankster in her class. I hid her chalk, her erasers--at one point, I switched out her teacher's desk for a smaller desk, placing the items the same way they'd been lain out on her original workplace in the same way. It took her 5 minutes to realize something was off.

I was not kind. (And I failed her class. *Duh me.*)

Fast forward to 2023 (THIRTY YEARS LATER!). I *just* got my teaching credential, and I was teaching my very first classes at my alma mater--when who should appear at my door as a substitute one day but that same Honors English II teacher. She had since retired, and was doing sub gigs to supplement her retirement/vacations. I reminded her of who I was, and I apologized *profusely* for being such a little turd in her class. She brushed it off, saying I was ""a good kid who just needed some focus"".

I made it a point to make sure that 1) I asked her to be my go-to sub, and 2) that my students would be SO good to her, and NOT the kind that would make her ever want to tear out her hair like a certain someone did.

I apparently made good on that, because she never turned me down if she could help it. In fact, there were times she enjoyed my class, because I'd be teaching things like how to hand-sew (I teach technical theatre)--and it was something she could actually help the students with!

I wish I didn't have to leave that school, but I was pushed out after a reduction in force. But I was happy to know that in some small way, I could pay her back. And I was happy that even after all these years, she could find it in her heart to forgive me.

I gave the flair, ""humor"", because it does bring a smile to my face whenever I think of the situation--that thirty years later, literally, the fates would allow me to make up for being a shit to someone in a well-fitting way.",1753337207.0,/r/Teachers/comments/1m7wldj/being_a_better_person/,Argent_Kitsune,https://www.reddit.com/r/Teachers/comments/1m7wldj/being_a_better_person/,15,teacher,"Being a better person Back when I was a sophomore in high school (1993-1994), I was enrolled in an Honors English II class. Our original teacher sought to be an inspirational type--heavily influenced by the film, *Dead Poets Society*. In fact, she showed it to us early on in the school year. At some point in the class, she even had us standing on our desks to take in the lesson of ""seeing the world from another point of view"". I didn't think much of it at the time--but for some students in the class, they cringed at the idea of it, being rather verbal in their disapproval of her taking such a shying to the schmaltz of the movie.

She ended up leaving teaching within a week or two of those words being thrown at her.

Her replacement was a woman who literally JUST got her teaching credential--and she was plugged into my Honors English II class straightaway. Unfortunately, the work she gave us felt a lot like *busywork*, and I balked at the seeming idiocy of it, and of her (or at least, my idea of her).

I rebelled a lot, and I became a prankster in her class. I hid her chalk, her erasers--at one point, I switched out her teacher's desk for a smaller desk, placing the items the same way they'd been lain out on her original workplace in the same way. It took her 5 minutes to realize something was off.

I was not kind. (And I failed her class. *Duh me.*)

Fast forward to 2023 (THIRTY YEARS LATER!). I *just* got my teaching credential, and I was teaching my very first classes at my alma mater--when who should appear at my door as a substitute one day but that same Honors English II teacher. She had since retired, and was doing sub gigs to supplement her retirement/vacations. I reminded her of who I was, and I apologized *profusely* for being such a little turd in her class. She brushed it off, saying I was ""a good kid who just needed some focus"".

I made it a point to make sure that 1) I asked her to be my go-to sub, and 2) that my students would be SO good to her, and NOT the kind that would make her ever want to tear out her hair like a certain someone did.

I apparently made good on that, because she never turned me down if she could help it. In fact, there were times she enjoyed my class, because I'd be teaching things like how to hand-sew (I teach technical theatre)--and it was something she could actually help the students with!

I wish I didn't have to leave that school, but I was pushed out after a reduction in force. But I was happy to know that in some small way, I could pay her back. And I was happy that even after all these years, she could find it in her heart to forgive me.

I gave the flair, ""humor"", because it does bring a smile to my face whenever I think of the situation--that thirty years later, literally, the fates would allow me to make up for being a shit to someone in a well-fitting way.",0.1178381283068783,0.4489070767195768,positive,better person back sophomore high school enrolled honor english class original sought inspirational typeheavily influenced film dead poet society fact showed early school point class even standing desk take lesson seeing world another point view didnt think much timebut student class cringed idea rather verbal disapproval taking shying schmaltz movie ended leaving within week two word thrown replacement woman literally got credentialand plugged honor english class straightaway unfortunately work gave felt lot like busywork balked seeming idiocy least idea rebelled lot became prankster class hid chalk erasersat point switched teacher desk smaller desk placing item way theyd lain original workplace way took minute realize something kind failed class duh fast forward thirty year later got credential first class alma materwhen appear door substitute day honor english since retired sub gig supplement retirementvacations reminded apologized profusely little turd class brushed saying good kid needed focus made point make sure asked goto sub student good kind make ever want tear hair like certain someone apparently made good never turned fact time enjoyed class thing like handsew technical theatreand something actually student wish didnt leave school pushed reduction force happy small way pay back happy even year find heart forgive gave flair humor bring smile face whenever think situationthat thirty year later literally fate allow make shit someone wellfitting way,0,0.9884902371570903
Teachers,1m4n1nf,Songs that go with history,"Hello fellow teachers! Not looking to add any work to anyone’s plate but I have this idea for next year. I want to start every class with a song relating to the main idea of the lesson. I teach US history 1865- present so reconstruction to Vietnam. Any songs come to mind? Is this too lofty of a goal?

Example:
Reconstruction:
Problems of reconstruction: (fight for your right- beastie boys)
Plans of reconstruction- forgiveness ",1753012351.0,/r/Teachers/comments/1m4n1nf/songs_that_go_with_history/,mitchdigs01,https://www.reddit.com/r/Teachers/comments/1m4n1nf/songs_that_go_with_history/,7,teacher,"Songs that go with history Hello fellow teachers! Not looking to add any work to anyone’s plate but I have this idea for next year. I want to start every class with a song relating to the main idea of the lesson. I teach US history 1865- present so reconstruction to Vietnam. Any songs come to mind? Is this too lofty of a goal?

Example:
Reconstruction:
Problems of reconstruction: (fight for your right- beastie boys)
Plans of reconstruction- forgiveness ",-0.0595238095238095,0.3738095238095238,neutral,song history hello fellow teacher looking add work anyones plate idea next want start every class song relating main idea lesson history present reconstruction vietnam song come mind lofty goal example reconstruction problem reconstruction fight right beastie boy plan reconstruction,0,0.6057878252690166
Teachers,1m2m4m1,PSLF at Risk for Public School Educators,"A new federal proposal could strip Public Service Loan Forgiveness (PSLF) from educators working in some public schools by removing their districts as qualifying employers.  This comes from an Executive Order created in March but moved forward this month based on a series of meetings held at the Department of Education.  There will be a rule-making period, and the change may take effect around July 2026.  The EO explicitly targets states and schools that support transgender students, but states that have inclusive curriculum and DEI practices, support immigrant students, etc., could all be targeted.  

Not only could that stop PSLF in many states, but some sources are also saying the administration wants to make the rule retroactive, meaning if an employer is disqualified, you would lose your progress towards forgiveness, as all of the payments you made while working for the employer would no longer qualify.

Here are links where you can read more:

From the DOE meeting earlier this month - [https://www.ed.gov/laws-and-policy/higher-education-laws-and-policy/higher-education-policy/negotiated-rulemaking-for-higher-education-2025-2026](https://www.ed.gov/laws-and-policy/higher-education-laws-and-policy/higher-education-policy/negotiated-rulemaking-for-higher-education-2025-2026)

From the Associated Press - [https://apnews.com/article/student-loan-forgiveness-public-service-trump-145f6a07a477e5c82f4374bc89e1eea7](https://apnews.com/article/student-loan-forgiveness-public-service-trump-145f6a07a477e5c82f4374bc89e1eea7)

From The Advocate - [https://www.advocate.com/news/pslf-lgbtq-nonprofits-trump-transgender#rebelltitem5](https://www.advocate.com/news/pslf-lgbtq-nonprofits-trump-transgender#rebelltitem5)

From Forbes - [https://www.forbes.com/sites/adamminsky/2025/04/07/these-5-groups-could-be-denied-student-loan-forgiveness-under-trump-rules/](https://www.forbes.com/sites/adamminsky/2025/04/07/these-5-groups-could-be-denied-student-loan-forgiveness-under-trump-rules/)",1752793217.0,/r/Teachers/comments/1m2m4m1/pslf_at_risk_for_public_school_educators/,Familiar-Midnight-12,https://www.reddit.com/r/Teachers/comments/1m2m4m1/pslf_at_risk_for_public_school_educators/,75,teacher,"PSLF at Risk for Public School Educators A new federal proposal could strip Public Service Loan Forgiveness (PSLF) from educators working in some public schools by removing their districts as qualifying employers.  This comes from an Executive Order created in March but moved forward this month based on a series of meetings held at the Department of Education.  There will be a rule-making period, and the change may take effect around July 2026.  The EO explicitly targets states and schools that support transgender students, but states that have inclusive curriculum and DEI practices, support immigrant students, etc., could all be targeted.  

Not only could that stop PSLF in many states, but some sources are also saying the administration wants to make the rule retroactive, meaning if an employer is disqualified, you would lose your progress towards forgiveness, as all of the payments you made while working for the employer would no longer qualify.

Here are links where you can read more:

From the DOE meeting earlier this month - [https://www.ed.gov/laws-and-policy/higher-education-laws-and-policy/higher-education-policy/negotiated-rulemaking-for-higher-education-2025-2026](https://www.ed.gov/laws-and-policy/higher-education-laws-and-policy/higher-education-policy/negotiated-rulemaking-for-higher-education-2025-2026)

From the Associated Press - [https://apnews.com/article/student-loan-forgiveness-public-service-trump-145f6a07a477e5c82f4374bc89e1eea7](https://apnews.com/article/student-loan-forgiveness-public-service-trump-145f6a07a477e5c82f4374bc89e1eea7)

From The Advocate - [https://www.advocate.com/news/pslf-lgbtq-nonprofits-trump-transgender#rebelltitem5](https://www.advocate.com/news/pslf-lgbtq-nonprofits-trump-transgender#rebelltitem5)

From Forbes - [https://www.forbes.com/sites/adamminsky/2025/04/07/these-5-groups-could-be-denied-student-loan-forgiveness-under-trump-rules/](https://www.forbes.com/sites/adamminsky/2025/04/07/these-5-groups-could-be-denied-student-loan-forgiveness-under-trump-rules/)",0.1484848484848485,0.3616161616161616,positive,risk school educator new federal proposal strip educator working school removing district qualifying employer come executive order created march moved forward month based series meeting held department education rulemaking period change may take effect around july explicitly target state school support transgender student state inclusive curriculum dei practice support immigrant student etc targeted stop many state source saying administration want make rule retroactive meaning employer disqualified lose progress towards made working employer longer qualify link read doe meeting earlier month associated press advocate forbes,1,0.3680978468709748
Teachers,1m1hao9,Student loan forgiveness help,Hi all! I am going on year 4 of teaching. I am currently on the save program. I am trying to double check to make sure that the school I worked at is on the 5 year teacher loan forgiveness’s for high needs schools and teachers. I special ed at an out place school. It was there about 2 years ago. I went to look today and it wasn’t there. I called into the department of education and they couldn’t find it either. Like no schools were on the list anymore. What do I do about this?? Advice?  ,1752683464.0,/r/Teachers/comments/1m1hao9/student_loan_forgiveness_help/,Brilliant_Long_7684,https://www.reddit.com/r/Teachers/comments/1m1hao9/student_loan_forgiveness_help/,6,teacher,Student loan forgiveness help Hi all! I am going on year 4 of teaching. I am currently on the save program. I am trying to double check to make sure that the school I worked at is on the 5 year teacher loan forgiveness’s for high needs schools and teachers. I special ed at an out place school. It was there about 2 years ago. I went to look today and it wasn’t there. I called into the department of education and they couldn’t find it either. Like no schools were on the list anymore. What do I do about this?? Advice?  ,0.2034285714285714,0.4800634920634919,positive,currently save program trying double check make sure school worked forgiveness high need school teacher special place school year ago went look today wasnt called department education couldnt find either like school list anymore advice,4,0.9542242751431642
Teachers,1lvd324,I feel like admin supports some teachers more than others,"Is it just me or has anyone else hear had experiences with their admin favoring or being blatantly more supportive of other teachers than with them? My experience was that I felt like the feedback I got was very lackluster and unclear where as other teachers had better relationships with teachers and have more actionable and even forgiving feedback. I couldn’t tell if I was being sensitive though or this was really happening. 

Edit: I wonder what it’s like to feel like a non targeted teacher as I bet that would create some bias as to how you view admin and the evaluation system ",1752048059.0,/r/Teachers/comments/1lvd324/i_feel_like_admin_supports_some_teachers_more/,godisinthischilli,https://www.reddit.com/r/Teachers/comments/1lvd324/i_feel_like_admin_supports_some_teachers_more/,71,teacher,"I feel like admin supports some teachers more than others Is it just me or has anyone else hear had experiences with their admin favoring or being blatantly more supportive of other teachers than with them? My experience was that I felt like the feedback I got was very lackluster and unclear where as other teachers had better relationships with teachers and have more actionable and even forgiving feedback. I couldn’t tell if I was being sensitive though or this was really happening. 

Edit: I wonder what it’s like to feel like a non targeted teacher as I bet that would create some bias as to how you view admin and the evaluation system ",0.275,0.515,positive,feel like admin support teacher others else hear experience admin favoring blatantly supportive teacher experience felt like feedback got lackluster unclear teacher better relationship teacher actionable even forgiving feedback couldnt tell sensitive though really happening edit wonder like feel like non targeted bet create bias view admin evaluation system,4,0.7038806263426697
Teachers,1lls1wn,Career change: is it worth it?,"I'm considering a career change (at 50). Taught college and adult ed long ago, have 2 kids, and I've worked in tech for 30+ years.

While I'd love to teach, the financial hit has been my biggest hang-up while getting my kids through college. They're adults now &amp; I'd like to do something for the next generation.

I see a mix of positive and negative posts here so I'm left wondering, ""Is it worth it?"" Why or why not? Do you have side gigs, coaching, or other things you do to supplement the salary?

Mods: Please forgive if this is answered elsewhere. I didn't find a FAQ.",1751025583.0,/r/Teachers/comments/1lls1wn/career_change_is_it_worth_it/,sloppyredditor,https://www.reddit.com/r/Teachers/comments/1lls1wn/career_change_is_it_worth_it/,2,teacher,"Career change: is it worth it? I'm considering a career change (at 50). Taught college and adult ed long ago, have 2 kids, and I've worked in tech for 30+ years.

While I'd love to teach, the financial hit has been my biggest hang-up while getting my kids through college. They're adults now &amp; I'd like to do something for the next generation.

I see a mix of positive and negative posts here so I'm left wondering, ""Is it worth it?"" Why or why not? Do you have side gigs, coaching, or other things you do to supplement the salary?

Mods: Please forgive if this is answered elsewhere. I didn't find a FAQ.",0.0865702479338843,0.2564049586776859,neutral,career change worth considering career change taught college adult long ago kid worked tech year love financial hit biggest hangup getting kid college theyre adult amp like something next generation see mix positive negative post left wondering worth side gig coaching thing supplement salary mod please forgive answered elsewhere didnt find faq,4,0.9569648736289676
Teachers,1l6fbx9,What can I do?,"So im just a parent and my boy will soon go to school. Which made wonder, what could I do to make the best of his time and what behaviours should I encourage?

Im a single parent so please dont hate me for asking ""obvious"" questions. I know that I should Not have to ask these questions, but Im really not Sure how to procced right now.


(English aint my mothertounge please forgive my mistakes).",1749397709.0,/r/Teachers/comments/1l6fbx9/what_can_i_do/,Specific_Ad_2533,https://www.reddit.com/r/Teachers/comments/1l6fbx9/what_can_i_do/,3,teacher,"What can I do? So im just a parent and my boy will soon go to school. Which made wonder, what could I do to make the best of his time and what behaviours should I encourage?

Im a single parent so please dont hate me for asking ""obvious"" questions. I know that I should Not have to ask these questions, but Im really not Sure how to procced right now.


(English aint my mothertounge please forgive my mistakes).",0.023469387755102,0.4769841269841269,neutral,parent boy soon school made wonder make best behaviour encourage single parent please hate asking obvious question ask question really sure procced right english aint mothertounge please forgive mistake,4,0.47526534750395427
teaching,1mzuqha,Mad About Masters,"Hello! 

I’m looking for any advice or opinions from people who know more about the continuing education world than me. I am a teacher in New York with a bachelor’s in Early Childhood Education. I am starting my 4th year of teaching here and it is a requirement in NY to obtain a master’s degree within 5 years of teaching here. Although I love learning and always want to stay up to date in my practice I really do not want to get a master’s. I am dreading the idea of taking on more debt and barely even being paid more after the fact. I am hoping I can make the most of this required degree by mastering in something that can extend my future job opportunities if I don’t want to be a K-2 classroom teacher until I retire. 

I’d love input on two things: 

1. Any tips on finding the cheapest master’s degrees possible. Whether they are NYS specific ones or online ones. I have a toddler at home so any flexibility in a program is great. 

2. Any advice on what I could master in that would extend my future job opportunities. I really love and prefer early childhood and cannot see myself being a 5th grade classroom teacher but I would be open to working with older students in a smaller group offering supplementary lessons. I would never want to be an administrator but I could see myself working as a coach for other teachers. I’m definitely going to be in the education realm for life and need help imaging other careers besides classroom teacher! 

Thank you and cheers! Hope you’re all taking care of yourselves and thank you for the hard work you do.",1756138187.0,/r/teaching/comments/1mzuqha/mad_about_masters/,whateverisfinebyme,https://www.reddit.com/r/teaching/comments/1mzuqha/mad_about_masters/,3,teacher,"Mad About Masters Hello! 

I’m looking for any advice or opinions from people who know more about the continuing education world than me. I am a teacher in New York with a bachelor’s in Early Childhood Education. I am starting my 4th year of teaching here and it is a requirement in NY to obtain a master’s degree within 5 years of teaching here. Although I love learning and always want to stay up to date in my practice I really do not want to get a master’s. I am dreading the idea of taking on more debt and barely even being paid more after the fact. I am hoping I can make the most of this required degree by mastering in something that can extend my future job opportunities if I don’t want to be a K-2 classroom teacher until I retire. 

I’d love input on two things: 

1. Any tips on finding the cheapest master’s degrees possible. Whether they are NYS specific ones or online ones. I have a toddler at home so any flexibility in a program is great. 

2. Any advice on what I could master in that would extend my future job opportunities. I really love and prefer early childhood and cannot see myself being a 5th grade classroom teacher but I would be open to working with older students in a smaller group offering supplementary lessons. I would never want to be an administrator but I could see myself working as a coach for other teachers. I’m definitely going to be in the education realm for life and need help imaging other careers besides classroom teacher! 

Thank you and cheers! Hope you’re all taking care of yourselves and thank you for the hard work you do.",0.1292231206293706,0.4424825174825175,positive,mad master hello looking advice opinion people continuing education world new york bachelor early childhood education starting requirement obtain master degree within year although love learning always want stay date practice really want master dreading idea taking barely even paid fact hoping make required degree mastering something extend future job opportunity want classroom retire love input two thing tip finding cheapest master degree possible whether ny specific one online one toddler home flexibility program great advice master extend future job opportunity really love prefer early childhood see grade classroom open working older student smaller group offering supplementary lesson never want administrator see working coach teacher definitely education realm life imaging career besides classroom thank cheer hope youre taking care thank hard work,4,0.9826741971725856
teaching,1myj8zo,Teaching at private school post-undergrad - is this ill-advised?,"Hello all!

So I'm a senior, finishing up my undergrad degree come spring. I'm a math major and have been determined on the general field/path of math education, broadly, for several years now (I am minoring in education). In the past I have left options open, from classroom teaching to curriculum development to math education research.

Naturally, as of late I have had to start thinking more specifically about what it is I actually want to do. Due to several experiences in past internships and work experiences, I'm not sure if I would be satisfied doing anything other than classroom teaching. However, I'm not even sure if I would... like it? I THINK I might, but I'm not sure. I do know, out of everything I could do, this is the path that by far excites me the most and feels the most right for me.

Because of this, I've been leaning towards attempting to teach at a private school post-grad, primarily so that I do not have to go thousands of dollars more into debt to get a certificate/masters for something I'm not even sure I would like. Is this a good idea at all? Is it even a good idea to start teaching despite being unsure if I'll like it? Is is true I just need to feel a natural 'calling'? I'm really worried I'll mess up some kid's education by doing something I'm ill-prepared and not really meant to do. Did you all know for sure when you started teaching?

Thanks so much in advance. I've been thinking a lot about this recently and would really appreciate some perspectives from actual teachers. I really want to make sure I won't be doing a disservice to any of my potential future students.",1756000116.0,/r/teaching/comments/1myj8zo/teaching_at_private_school_postundergrad_is_this/,parisinsalem,https://www.reddit.com/r/teaching/comments/1myj8zo/teaching_at_private_school_postundergrad_is_this/,6,teacher,"Teaching at private school post-undergrad - is this ill-advised? Hello all!

So I'm a senior, finishing up my undergrad degree come spring. I'm a math major and have been determined on the general field/path of math education, broadly, for several years now (I am minoring in education). In the past I have left options open, from classroom teaching to curriculum development to math education research.

Naturally, as of late I have had to start thinking more specifically about what it is I actually want to do. Due to several experiences in past internships and work experiences, I'm not sure if I would be satisfied doing anything other than classroom teaching. However, I'm not even sure if I would... like it? I THINK I might, but I'm not sure. I do know, out of everything I could do, this is the path that by far excites me the most and feels the most right for me.

Because of this, I've been leaning towards attempting to teach at a private school post-grad, primarily so that I do not have to go thousands of dollars more into debt to get a certificate/masters for something I'm not even sure I would like. Is this a good idea at all? Is it even a good idea to start teaching despite being unsure if I'll like it? Is is true I just need to feel a natural 'calling'? I'm really worried I'll mess up some kid's education by doing something I'm ill-prepared and not really meant to do. Did you all know for sure when you started teaching?

Thanks so much in advance. I've been thinking a lot about this recently and would really appreciate some perspectives from actual teachers. I really want to make sure I won't be doing a disservice to any of my potential future students.",0.1474025974025974,0.4541260822510822,positive,private school postundergrad illadvised hello senior finishing undergrad degree come spring math major determined general fieldpath math education broadly several year minoring education past left option open classroom curriculum development math education research naturally late start thinking specifically actually want due several experience past internship work experience sure satisfied anything classroom however even sure like think might sure everything path far excites feel right leaning towards attempting private school postgrad primarily thousand dollar certificatemasters something even sure like good idea even good idea start despite unsure ill like true feel natural calling really worried ill mess kid education something illprepared really meant sure started thanks much advance thinking lot recently really appreciate perspective actual teacher really want make sure wont disservice potential future student,4,0.9854429565520568
teaching,1mvm8hp,Sped teacher to BCBA worth it?,"I’ve been a SpEd teacher for years and I love it but I am so tired of having to work a second job and never getting to spend time with my family. I’ve thought about going back to get my license in BCBA. I already have a masters in Ed. Psych and a graduate certificate in autism spectrum disorders. I *think* I would still have to go back and do the specific course sequence for the BCBA exam- and I just want to know if others have gone down this route and felt it was worth it to take on more debt but hopefully have more financial freedom after…? 
Thoughts ",1755712796.0,/r/teaching/comments/1mvm8hp/sped_teacher_to_bcba_worth_it/,No-Cancel-3550,https://www.reddit.com/r/teaching/comments/1mvm8hp/sped_teacher_to_bcba_worth_it/,1,teacher,"Sped teacher to BCBA worth it? I’ve been a SpEd teacher for years and I love it but I am so tired of having to work a second job and never getting to spend time with my family. I’ve thought about going back to get my license in BCBA. I already have a masters in Ed. Psych and a graduate certificate in autism spectrum disorders. I *think* I would still have to go back and do the specific course sequence for the BCBA exam- and I just want to know if others have gone down this route and felt it was worth it to take on more debt but hopefully have more financial freedom after…? 
Thoughts ",0.1287037037037036,0.242824074074074,positive,sped bcba worth sped year love tired work second job never getting spend family thought back license bcba already master psych graduate certificate autism spectrum disorder think still back specific course sequence bcba exam want others gone route felt worth take hopefully financial freedom thought,4,0.9545665801860727
teaching,1mppc7y,Thinking of a career switch/unsure what to do? (Adviceee),"So I previously got a BA in history but stopped short of the cert program. In recent years ive thought about pursuing teaching again but all my background is in retail management, granted ive managed high schoolers a ton its not a school setting lol.

I initially wanted to go straight to HS teaching, however student loan debt, and the idea of adding an extra year with unpaid student teaching caused me to just finish the Bachelors and keep working.

I randomly applied to some school postings and started getting interview requests this week (I guess right before school starts they had last minute openings, hell its NC so im sure no ones chomping at the bit for most of the openings)

Im just nervous because I make decent (essentially im a big box retail assistant manager, been in role for a while so I have some raises) and id be taking a paycut, super nervous id try it hate it then be stuck or have to start over again and I'm 38 so that adds to the stress lol.

I don't absolutely HATE my job now, I like some of the people and the ones I supervise but its unfulfilling, the dreaded ""corporate visits"" are getting annoying and I feel like it gradually gets worse (I guess maybe thats any job?)

any advice? how did anyone who went the teaching route without education experience figure out it was right for you?",1755141673.0,/r/teaching/comments/1mppc7y/thinking_of_a_career_switchunsure_what_to_do/,ZyurangerDX,https://www.reddit.com/r/teaching/comments/1mppc7y/thinking_of_a_career_switchunsure_what_to_do/,3,teacher,"Thinking of a career switch/unsure what to do? (Adviceee) So I previously got a BA in history but stopped short of the cert program. In recent years ive thought about pursuing teaching again but all my background is in retail management, granted ive managed high schoolers a ton its not a school setting lol.

I initially wanted to go straight to HS teaching, however student loan debt, and the idea of adding an extra year with unpaid student teaching caused me to just finish the Bachelors and keep working.

I randomly applied to some school postings and started getting interview requests this week (I guess right before school starts they had last minute openings, hell its NC so im sure no ones chomping at the bit for most of the openings)

Im just nervous because I make decent (essentially im a big box retail assistant manager, been in role for a while so I have some raises) and id be taking a paycut, super nervous id try it hate it then be stuck or have to start over again and I'm 38 so that adds to the stress lol.

I don't absolutely HATE my job now, I like some of the people and the ones I supervise but its unfulfilling, the dreaded ""corporate visits"" are getting annoying and I feel like it gradually gets worse (I guess maybe thats any job?)

any advice? how did anyone who went the teaching route without education experience figure out it was right for you?",0.0318650793650793,0.4715410052910053,neutral,thinking career switchunsure adviceee previously got history stopped short cert program recent year thought pursuing background retail management granted managed high schoolers ton school setting lol initially wanted straight however idea adding extra unpaid caused finish bachelor keep working randomly applied school posting started getting interview request week guess right school start last minute opening hell sure one chomping bit opening nervous make decent essentially big box retail assistant manager role raise taking paycut super nervous try hate stuck start add stress lol absolutely hate job like people one supervise unfulfilling dreaded corporate visit getting annoying feel like gradually get worse guess maybe job advice went route without education experience figure right,4,0.5603710824586862
teaching,1mo9pki,Anyone left and came back?,"I taught for seven years before having my daughter. I was in a testing a grade for all of my career. Between behaviors and the test being the center of everything I felt burned out and hated teaching. In 2022 when my daughter was born I left and started working in early intervention. I enjoy it. I get to make my own schedule and it has more earning potential than teaching as well, but right now I’m only working 2-3 days a week so I’m not making what I was teaching.  It also doesn’t have any benefits and I deal with last minute cancellations. I also work on a referral system so some months are better than others. But as I said  do love this job. However, my husband and I’d like to pay off most of our debt so I thought about returning to the classroom. We’re currently living on his income and we’d be able to throw most of my teaching salary at our student loans and cars and have it all paid off in several years. So has anyone taken time off after hating teaching and returned and loved it again? There are times I really miss it but just unsure.",1755007640.0,/r/teaching/comments/1mo9pki/anyone_left_and_came_back/,Ljwell20,https://www.reddit.com/r/teaching/comments/1mo9pki/anyone_left_and_came_back/,10,teacher,"Anyone left and came back? I taught for seven years before having my daughter. I was in a testing a grade for all of my career. Between behaviors and the test being the center of everything I felt burned out and hated teaching. In 2022 when my daughter was born I left and started working in early intervention. I enjoy it. I get to make my own schedule and it has more earning potential than teaching as well, but right now I’m only working 2-3 days a week so I’m not making what I was teaching.  It also doesn’t have any benefits and I deal with last minute cancellations. I also work on a referral system so some months are better than others. But as I said  do love this job. However, my husband and I’d like to pay off most of our debt so I thought about returning to the classroom. We’re currently living on his income and we’d be able to throw most of my teaching salary at our student loans and cars and have it all paid off in several years. So has anyone taken time off after hating teaching and returned and loved it again? There are times I really miss it but just unsure.",0.1948051948051948,0.4466991341991342,positive,left came back taught seven year daughter testing grade career behavior test center everything felt burned hated daughter born left started working early intervention enjoy make schedule earning potential well right working day week making doesnt benefit deal last minute cancellation work referral system month better others said love job however husband like pay thought returning classroom currently living income wed able throw salary car paid several year taken hating returned loved time really miss unsure,4,0.6723233988570302
teaching,1mexabu,Cheapest programs for master’s degree in California?,"I want to get my Master’s degree in single subject science. (I’ve been subbing for 4 yrs). My husband and I just paid off his master’s, so I really don’t want to get into debt for this. What is a good, cheaper option for credentialing in SoCal? I don’t want to spend $30-40k for this!",1754056864.0,/r/teaching/comments/1mexabu/cheapest_programs_for_masters_degree_in_california/,Dangerous-Mistake-91,https://www.reddit.com/r/teaching/comments/1mexabu/cheapest_programs_for_masters_degree_in_california/,2,teacher,"Cheapest programs for master’s degree in California? I want to get my Master’s degree in single subject science. (I’ve been subbing for 4 yrs). My husband and I just paid off his master’s, so I really don’t want to get into debt for this. What is a good, cheaper option for credentialing in SoCal? I don’t want to spend $30-40k for this!",0.2092261904761904,0.3369047619047619,positive,cheapest program master degree california want master degree single subject science subbing yr husband paid master really want good cheaper option credentialing socal want spend,4,0.9329361720910015
teaching,1m8zv6e,English Teacher who doesn’t want to teach anymore… what can I do without going for another degree?,"Hi, I’m an English teacher, high school and middle school level, who never really had much luck with finding a permanent position. I’ve ended up with leave replacement positions every year going on four years and I am just so done with it. This job was supposed to be one that I would love, but I’m afraid I have burnt out and cannot continue. 

However, I do NOT want to get another degree, I already have my masters degree in education and my bachelor’s in literature, not to mention an associate’s in liberal arts and a paralegal certification. While I love school, I do not love being in debt and do not want to accrue more in student loans. 

That being said I was hoping for some advice as to what on earth I can do for a job that’s not retail or going back to being a paralegal, utilizing my education and teaching skill set. There were parts of teaching I really enjoyed: getting to know the students, forming relationships, and having conversations with them. 

If anyone can offer some guidance as to what I can do going forward I’d really appreciate it! ",1753451840.0,/r/teaching/comments/1m8zv6e/english_teacher_who_doesnt_want_to_teach_anymore/,Camp_Particular2,https://www.reddit.com/r/teaching/comments/1m8zv6e/english_teacher_who_doesnt_want_to_teach_anymore/,95,teacher,"English Teacher who doesn’t want to teach anymore… what can I do without going for another degree? Hi, I’m an English teacher, high school and middle school level, who never really had much luck with finding a permanent position. I’ve ended up with leave replacement positions every year going on four years and I am just so done with it. This job was supposed to be one that I would love, but I’m afraid I have burnt out and cannot continue. 

However, I do NOT want to get another degree, I already have my masters degree in education and my bachelor’s in literature, not to mention an associate’s in liberal arts and a paralegal certification. While I love school, I do not love being in debt and do not want to accrue more in student loans. 

That being said I was hoping for some advice as to what on earth I can do for a job that’s not retail or going back to being a paralegal, utilizing my education and teaching skill set. There were parts of teaching I really enjoyed: getting to know the students, forming relationships, and having conversations with them. 

If anyone can offer some guidance as to what I can do going forward I’d really appreciate it! ",0.1185714285714285,0.36,positive,english doesnt want anymore without another degree english high school middle school level never really much luck finding permanent position ended leave replacement position every four year done job supposed love afraid burnt continue however want another degree already master degree education bachelor literature mention associate liberal art paralegal certification love school love want accrue said hoping advice earth job retail back paralegal utilizing education skill set part really enjoyed getting student forming relationship conversation offer guidance forward really appreciate,4,0.9767117979251299
teaching,1l96ug0,Debt relief for teachers,Is this a real thing? I keep seeing ads on Instagram about how there are these special programs for debt relief for teachers. How real are these? Are they a scam? Does something like this really exist? Thanks!,1749682628.0,/r/teaching/comments/1l96ug0/debt_relief_for_teachers/,mirrraculous,https://www.reddit.com/r/teaching/comments/1l96ug0/debt_relief_for_teachers/,9,teacher,Debt relief for teachers Is this a real thing? I keep seeing ads on Instagram about how there are these special programs for debt relief for teachers. How real are these? Are they a scam? Does something like this really exist? Thanks!,0.2414285714285714,0.3142857142857143,positive,relief teacher real thing keep seeing ad instagram special program relief teacher real scam something like really exist thanks,4,0.6564787156056349
teaching,1kr1y2v,"After 15 years, I feel like teaching is not a good fit","I have been teaching for more than 15 years now. The field has had its ups and downs. To be honest, a lot more Downs than ups particularly in the very high need, budget strapped district I spent most of my teaching years in. (Helloooooo, over 5 years no raise, even in a supposed union job) If I had to be perfectly honest, the main reason I got into teaching in the first place was because I needed a job during the Great recession following a layoff and tons of struggle to land full time employment after that. I had been homeless twice before in my life and feared God that I might end up homeless again. Since then, I stuck with it for various reasons including: feeling financially trapped, not finding another job, being strung along with the empty promise of title one teacher loan forgiveness for all of the graduate school debt I took out just to become a teacher, and every now and then I had a few decent school years where teaching seemed pretty nice.

Although people at my current and previous job will say that I am a great teacher and I am too hard on myself, truthfully, I have always struggled with classroom management. The only reason I haven't had huge ongoing classroom management struggles in recent years is because I have worked in special ed where the class sizes are very small, often with other stuff members present in the room to help out with special needs or whatnot. In fact, I stayed in a job that was very far away and vastly underpaid me for years because I was afraid to go back to general ed, knowing I couldn't handle a full size class by myself.

Some teachers will claim that classroom management can be taught, that anybody can learn how to be good at it, but I humbly disagree. I think some people simply don't have the knack for it. I feel that if I am still struggling with it more than other teachers, including new Young teachers, after 15 years, then it might just be something I'm not good at. I am on the autism spectrum and I firmly believe that my weaknesses from my autism contribute to not being good at classroom management. I get overwhelmed easily, I suck at multitasking, I am sensitive, and I am very anxious and socially awkward. Yes, I have been in therapy and no, it has not been helpful except for a few therapist who didn't have availability or accept my insurance. No I do not want to be medicated. Thanks but no thanks, sorry not sorry. 

I honestly think I would be better as a special education coordinator, as opposed to directly teaching in a classroom. That way, I don't have to change employers, I can get hired from within which is always easier for me than applying from scratch, and I can use all of the strengths that make other people think I am a good teacher, without having to deal with classroom management. I am a great writer, great with analyzing and presenting data, very diligent with parent contacts, so I think the skill set would be a better fit. The problem is, obviously there's a lot less job positions available for that then teachers especially considering that all the subjects I teach are extremely high needs subjects that have high turnover. I have already reached out to a few people who successfully made the transition from teacher to special ed coordinator. I want to meet with one of the Union reps today to discuss it further because the last thing I need is to have a meltdown because terrible disrespect eventually drives nicey nice little me over the edge, or a poor evaluation next year because I can't handle the much larger class sizes they are planning to give me. Help! Any advice?",1747738565.0,/r/teaching/comments/1kr1y2v/after_15_years_i_feel_like_teaching_is_not_a_good/,Square-Variety6528,https://www.reddit.com/r/teaching/comments/1kr1y2v/after_15_years_i_feel_like_teaching_is_not_a_good/,5,teacher,"After 15 years, I feel like teaching is not a good fit I have been teaching for more than 15 years now. The field has had its ups and downs. To be honest, a lot more Downs than ups particularly in the very high need, budget strapped district I spent most of my teaching years in. (Helloooooo, over 5 years no raise, even in a supposed union job) If I had to be perfectly honest, the main reason I got into teaching in the first place was because I needed a job during the Great recession following a layoff and tons of struggle to land full time employment after that. I had been homeless twice before in my life and feared God that I might end up homeless again. Since then, I stuck with it for various reasons including: feeling financially trapped, not finding another job, being strung along with the empty promise of title one teacher loan forgiveness for all of the graduate school debt I took out just to become a teacher, and every now and then I had a few decent school years where teaching seemed pretty nice.

Although people at my current and previous job will say that I am a great teacher and I am too hard on myself, truthfully, I have always struggled with classroom management. The only reason I haven't had huge ongoing classroom management struggles in recent years is because I have worked in special ed where the class sizes are very small, often with other stuff members present in the room to help out with special needs or whatnot. In fact, I stayed in a job that was very far away and vastly underpaid me for years because I was afraid to go back to general ed, knowing I couldn't handle a full size class by myself.

Some teachers will claim that classroom management can be taught, that anybody can learn how to be good at it, but I humbly disagree. I think some people simply don't have the knack for it. I feel that if I am still struggling with it more than other teachers, including new Young teachers, after 15 years, then it might just be something I'm not good at. I am on the autism spectrum and I firmly believe that my weaknesses from my autism contribute to not being good at classroom management. I get overwhelmed easily, I suck at multitasking, I am sensitive, and I am very anxious and socially awkward. Yes, I have been in therapy and no, it has not been helpful except for a few therapist who didn't have availability or accept my insurance. No I do not want to be medicated. Thanks but no thanks, sorry not sorry. 

I honestly think I would be better as a special education coordinator, as opposed to directly teaching in a classroom. That way, I don't have to change employers, I can get hired from within which is always easier for me than applying from scratch, and I can use all of the strengths that make other people think I am a good teacher, without having to deal with classroom management. I am a great writer, great with analyzing and presenting data, very diligent with parent contacts, so I think the skill set would be a better fit. The problem is, obviously there's a lot less job positions available for that then teachers especially considering that all the subjects I teach are extremely high needs subjects that have high turnover. I have already reached out to a few people who successfully made the transition from teacher to special ed coordinator. I want to meet with one of the Union reps today to discuss it further because the last thing I need is to have a meltdown because terrible disrespect eventually drives nicey nice little me over the edge, or a poor evaluation next year because I can't handle the much larger class sizes they are planning to give me. Help! Any advice?",0.140554186343959,0.5405235143644235,positive,year feel like good fit year field ups down honest lot down ups particularly high budget strapped district spent year helloooooo year raise even supposed union job perfectly honest main reason got first place needed job great recession following layoff ton struggle land full employment homeless twice life feared god might end homeless since stuck various reason including feeling financially trapped finding another job strung along empty promise title graduate school took become every decent school year seemed pretty nice although people current previous job say great hard truthfully always struggled classroom management reason havent huge ongoing classroom management struggle recent year worked special class size small often stuff member present room special need whatnot fact stayed job far away vastly underpaid year afraid back general knowing couldnt handle full size class teacher claim classroom management taught anybody learn good humbly disagree think people simply knack feel still struggling teacher including new young teacher year might something good autism spectrum firmly believe weakness autism contribute good classroom management overwhelmed easily suck multitasking sensitive anxious socially awkward yes therapy helpful except therapist didnt availability accept insurance want medicated thanks thanks sorry sorry honestly think better special education coordinator opposed directly classroom way change employer hired within always easier applying scratch use strength make people think good without deal classroom management great writer great analyzing presenting data diligent parent contact think skill set better fit problem obviously there lot less job position available teacher especially considering subject extremely high need subject high turnover already reached people successfully made transition special coordinator want meet union rep today discus last thing meltdown terrible disrespect eventually drive nicey nice little edge poor evaluation next cant handle much larger class size planning give advice,4,0.6528643647031733
teaching,1kdtluk,When is it too late to find a job?,"I have been looking for a teaching job since March. I am finishing my first year and relocating to be closer to family. I’ve had 4 interviews, 2 job offers. 2 interviews were in a lesser paying district, 2 were in a district that pays the most in our state. The 2 in the lesser paying district have offered me a job. 

I come from a low income family so I am trying to spend these next few years setting myself up better financially. This includes paying off student loans and other debt so I can pursue a masters. I am also probably going to have to finance a car in the next year or so. All of that paired with rent means I could greatly benefit from the higher paying job. 

My current district said I have until June 1st to forward them a contract from a new district if I want to keep my benefits. I am considering one of the schools that offered me their position but I want to keep holding out for the better pay. My other idea is since this higher paying district is competitive, it may not be a bad idea to start out in this neighboring district for networking purposes. 

I am not being picky about schools by any means, I am purely just focused on my future. At what point should I be worried about finding a job as a second year teacher? Contracts for the higher paying district aren’t due back until May 10th. 

Any advice on what to do would be helpful. ",1746280731.0,/r/teaching/comments/1kdtluk/when_is_it_too_late_to_find_a_job/,curlyocean,https://www.reddit.com/r/teaching/comments/1kdtluk/when_is_it_too_late_to_find_a_job/,4,teacher,"When is it too late to find a job? I have been looking for a teaching job since March. I am finishing my first year and relocating to be closer to family. I’ve had 4 interviews, 2 job offers. 2 interviews were in a lesser paying district, 2 were in a district that pays the most in our state. The 2 in the lesser paying district have offered me a job. 

I come from a low income family so I am trying to spend these next few years setting myself up better financially. This includes paying off student loans and other debt so I can pursue a masters. I am also probably going to have to finance a car in the next year or so. All of that paired with rent means I could greatly benefit from the higher paying job. 

My current district said I have until June 1st to forward them a contract from a new district if I want to keep my benefits. I am considering one of the schools that offered me their position but I want to keep holding out for the better pay. My other idea is since this higher paying district is competitive, it may not be a bad idea to start out in this neighboring district for networking purposes. 

I am not being picky about schools by any means, I am purely just focused on my future. At what point should I be worried about finding a job as a second year teacher? Contracts for the higher paying district aren’t due back until May 10th. 

Any advice on what to do would be helpful. ",0.0805796055796056,0.3464646464646465,neutral,late find job looking job since march finishing first relocating closer family interview job offer interview lesser paying district district pay state lesser paying district offered job come low income family trying spend next year setting better financially includes paying pursue master probably finance car next paired rent mean greatly benefit higher paying job current district said june forward contract new district want keep benefit considering school offered position want keep holding better pay idea since higher paying district competitive may bad idea start neighboring district networking purpose picky school mean purely focused future point worried finding job second contract higher paying district arent due back may advice helpful,1,0.9363050442260364
teaching,1kb2aa7,Thinking of leaving teaching but want to stay in education,"I’m in my ninth year teaching high school. Have had some great experiences, formed lifelong friendships, and I think I’ve been a good teacher too. I’ve also been feeling burnt out more often in the last few years, and I think it might be best for me to leave soon. I want to stay for at least one more year so I’m vested in the state pension system.

What other kind of work is there (in public education or elsewhere) for ex-teachers that doesn’t require going back to school and taking on more debt?",1745969512.0,/r/teaching/comments/1kb2aa7/thinking_of_leaving_teaching_but_want_to_stay_in/,SEA-DG83,https://www.reddit.com/r/teaching/comments/1kb2aa7/thinking_of_leaving_teaching_but_want_to_stay_in/,4,teacher,"Thinking of leaving teaching but want to stay in education I’m in my ninth year teaching high school. Have had some great experiences, formed lifelong friendships, and I think I’ve been a good teacher too. I’ve also been feeling burnt out more often in the last few years, and I think it might be best for me to leave soon. I want to stay for at least one more year so I’m vested in the state pension system.

What other kind of work is there (in public education or elsewhere) for ex-teachers that doesn’t require going back to school and taking on more debt?",0.269,0.4132222222222222,positive,thinking leaving want stay education ninth high school great experience formed lifelong friendship think good feeling burnt often last year think might best leave soon want stay least vested state pension system kind work education elsewhere exteachers doesnt require back school taking,4,0.9593569906635316
teaching,1jqwwb8,Teaching Credential Programs in California,"Trying to start a program in Sacramento but I need advice on what to do. So I missed the deadlines of both Sacramento State University and UC Davis because I mixed up the dates with other programs. I either put my career on hold for another year or I pay double for a place like National Univeristy. 

SCOE or TeachStart both seem promising but they both also seem like they're way long of a program (around 3 years instead of 1) but I'm not sure if that includes student teaching or not. It's unclear on their websites. It's all completely overwhelming because either I go into serious debt or I stay stagnate for a whole year. 

Are there programs I'm missing? An easier program I'm just not aware of? Any help or advice is appreciated. ",1743721021.0,/r/teaching/comments/1jqwwb8/teaching_credential_programs_in_california/,terra4355,https://www.reddit.com/r/teaching/comments/1jqwwb8/teaching_credential_programs_in_california/,1,teacher,"Teaching Credential Programs in California Trying to start a program in Sacramento but I need advice on what to do. So I missed the deadlines of both Sacramento State University and UC Davis because I mixed up the dates with other programs. I either put my career on hold for another year or I pay double for a place like National Univeristy. 

SCOE or TeachStart both seem promising but they both also seem like they're way long of a program (around 3 years instead of 1) but I'm not sure if that includes student teaching or not. It's unclear on their websites. It's all completely overwhelming because either I go into serious debt or I stay stagnate for a whole year. 

Are there programs I'm missing? An easier program I'm just not aware of? Any help or advice is appreciated. ",0.0013888888888888,0.4067129629629629,neutral,credential program california trying start program sacramento advice missed deadline sacramento state university davis mixed date program either put career hold another pay double place like national univeristy scoe teachstart seem promising seem like theyre way long program around year instead sure includes unclear website completely overwhelming either serious stay stagnate whole program missing easier program aware advice appreciated,2,0.9628171867464432
teaching,1j4f1j2,ESOL teachers: is anyone familiar with GLAD?,"It's the newest thing our district has decided to spend money on (despite the fact that we're millions in debt...). Just wondering if anyone has experienced this (""Guided Language Acquisition Design"") and what their thoughts are.

Taking as curriculum since that seems to be the closest flair.",1741211349.0,/r/teaching/comments/1j4f1j2/esol_teachers_is_anyone_familiar_with_glad/,lunarinterlude,https://www.reddit.com/r/teaching/comments/1j4f1j2/esol_teachers_is_anyone_familiar_with_glad/,7,teacher,"ESOL teachers: is anyone familiar with GLAD? It's the newest thing our district has decided to spend money on (despite the fact that we're millions in debt...). Just wondering if anyone has experienced this (""Guided Language Acquisition Design"") and what their thoughts are.

Taking as curriculum since that seems to be the closest flair.",0.5583333333333333,0.7999999999999999,positive,esol teacher familiar glad newest thing district decided spend money despite fact million wondering experienced guided language acquisition design thought taking curriculum since seems closest flair,2,0.4795643639730551
teaching,1imjd79,"For the non traditional teachers, how did you get into teaching?","For those who do not have a bachelors in education, how did you get into teaching?

I have a bachelors in linguistics and a minor in Arabic, and a masters in TESOL. I have taught ESL adults for three years, but would like to get a teaching license. 

It seems to get a teaching license, you need to teach. But to teach, you need a license.

I'm willing to go back to school, but would like to know what other paths there might be without saddling myself with a lot of debt. ",1739227206.0,/r/teaching/comments/1imjd79/for_the_non_traditional_teachers_how_did_you_get/,Lizard_G0d,https://www.reddit.com/r/teaching/comments/1imjd79/for_the_non_traditional_teachers_how_did_you_get/,10,teacher,"For the non traditional teachers, how did you get into teaching? For those who do not have a bachelors in education, how did you get into teaching?

I have a bachelors in linguistics and a minor in Arabic, and a masters in TESOL. I have taught ESL adults for three years, but would like to get a teaching license. 

It seems to get a teaching license, you need to teach. But to teach, you need a license.

I'm willing to go back to school, but would like to know what other paths there might be without saddling myself with a lot of debt. ",0.015,0.415,neutral,non traditional teacher bachelor education bachelor linguistics minor arabic master tesol taught esl adult three year like license seems license license willing back school like path might without saddling lot,4,0.9189574509851413
teaching,1iitje3,Giving up CalTPA,"I'm set to finish my MA degree at Pacific Oaks (PO) College in May. I haven't taken the CalTPAs yet, but PO is making me complete 10-12 page lesson plans with paragraphs to practice for the CalTPA EVERY WEEK. It is due every Thursday, and I am observed every Friday. I'm honestly exhausted because I enjoy teaching, but all of this extra work is making me want to give up. I'm in my 30s, I have ADHD, health concerns, and I'm a mother of three sons (one 7 weeks old), whom I'm nursing, but all of this stress is causing me to lose milk supply, and I honestly don't think it's worth it anymore. I'm not even making any money from student teaching. I need to complete 600 FREE UNPAID hours teaching (paying me still would have me just as stressed though) The only reason I am still pushing would be that I am nearly $80,000 in debt with student loans. I regret going to PO so badly... and I regret attempting to get my credentials here in California. This is simply not worth it anymore. I feel like this is destroying my dream of retiring as a teacher.",1738813750.0,/r/teaching/comments/1iitje3/giving_up_caltpa/,Efficient-Fig-1128,https://www.reddit.com/r/teaching/comments/1iitje3/giving_up_caltpa/,5,teacher,"Giving up CalTPA I'm set to finish my MA degree at Pacific Oaks (PO) College in May. I haven't taken the CalTPAs yet, but PO is making me complete 10-12 page lesson plans with paragraphs to practice for the CalTPA EVERY WEEK. It is due every Thursday, and I am observed every Friday. I'm honestly exhausted because I enjoy teaching, but all of this extra work is making me want to give up. I'm in my 30s, I have ADHD, health concerns, and I'm a mother of three sons (one 7 weeks old), whom I'm nursing, but all of this stress is causing me to lose milk supply, and I honestly don't think it's worth it anymore. I'm not even making any money from student teaching. I need to complete 600 FREE UNPAID hours teaching (paying me still would have me just as stressed though) The only reason I am still pushing would be that I am nearly $80,000 in debt with student loans. I regret going to PO so badly... and I regret attempting to get my credentials here in California. This is simply not worth it anymore. I feel like this is destroying my dream of retiring as a teacher.",0.0453125,0.4401041666666667,neutral,giving caltpa set finish degree pacific oak college may havent taken caltpas yet making complete page lesson plan paragraph practice caltpa every week due every thursday observed every friday honestly exhausted enjoy extra work making want give adhd health concern mother three son week old nursing stress causing lose milk supply honestly think worth anymore even making money complete free unpaid hour paying still stressed though reason still pushing nearly regret badly regret attempting credential california simply worth anymore feel like destroying dream retiring,4,0.5303020599457876
teaching,1hzlect,Advice?,"I hope this is the right place and I know it’s such a general title but I have too many questions to just focus on one! So, I am 20f, and I’d preferably love to be an art teacher maybe middle school/high school but.. how does one get into teaching? I know you have to get your bachelor’s degree and then it’s recommended to just immediately enroll for your masters. I’m just going to rattle off some questions if anyone can help me answer any of them that would be amazing!!

Is it worth it to start teaching with the U.S. in the state it’s in? (worries about violence or shootings and what not)

What are the least expensive schools to get your teaching degree in? What do you major in?

I’ve been deep diving in Tik Tok about teaching and I’m scared to dive deeper into this, I’m not really worried about the money I know K won’t be rich but I know it’s a stable career and I won’t be poor.

My main concern is, what schooling does it really require? I’ve seen 6 years on average plus student teaching and I just want to know if it’s possible without insane amounts of student debt. As much as I would like to be a teacher I would also like to not be in severe student debt.

If anyone has any advice please let me know I appreciate it so so much!!!!",1736683910.0,/r/teaching/comments/1hzlect/advice/,thoughtdaughter01,https://www.reddit.com/r/teaching/comments/1hzlect/advice/,3,teacher,"Advice? I hope this is the right place and I know it’s such a general title but I have too many questions to just focus on one! So, I am 20f, and I’d preferably love to be an art teacher maybe middle school/high school but.. how does one get into teaching? I know you have to get your bachelor’s degree and then it’s recommended to just immediately enroll for your masters. I’m just going to rattle off some questions if anyone can help me answer any of them that would be amazing!!

Is it worth it to start teaching with the U.S. in the state it’s in? (worries about violence or shootings and what not)

What are the least expensive schools to get your teaching degree in? What do you major in?

I’ve been deep diving in Tik Tok about teaching and I’m scared to dive deeper into this, I’m not really worried about the money I know K won’t be rich but I know it’s a stable career and I won’t be poor.

My main concern is, what schooling does it really require? I’ve seen 6 years on average plus student teaching and I just want to know if it’s possible without insane amounts of student debt. As much as I would like to be a teacher I would also like to not be in severe student debt.

If anyone has any advice please let me know I appreciate it so so much!!!!",0.0791210091991342,0.478138528138528,neutral,advice hope right place general title many question focus preferably love art maybe middle schoolhigh school bachelor degree recommended immediately enroll master rattle question answer amazing worth start state worry violence shooting least expensive school degree major deep diving tik tok scared dive deeper really worried money wont rich stable career wont poor main concern schooling really require seen year average plus want possible without insane amount much like like severe advice please let appreciate much,4,0.9631724529728887
teaching,1hrzvl0,Acceptable Amount of Debt to Take on for a Teaching License? (CA),"Looking for some advice from current teachers based in CA. (TLDR below)

At the moment I am teaching full time in a private learning centre in South Korea. I got here with a TEFL certificate + Bachelors. I've realised I enjoy teaching, I'd like to pursue something more legitimate with room for actual growth and professional development.

I grew up in the Bay Area, and that's where I'd like to teach. However I haven't lived in the states for 13 years, currently I'm 27. Family is now based in Ireland.

I would aim to teach later primary with a multiple subject credential.

Today I was researching paths to a CA teaching credential, I was drawn to the CSUs. Looking at 1 year intensive courses. But while I was poking around I realised, it seems I'll need to pay out of state tuition.

In Ireland I managed to get a bachelors without any debt.

Out of state tuition seems to start at 30K. Teachers in the Bay Area seem to start at 90K annually. This is an acceptable amount of debt... isn't it?

I could go and live in CA for a year to then avail of in-state tuition. Not sure what I'd do during that year, perhaps subbing (need to look into that) and teaching ESL online... 

I am inclined not to study online, but if anyone has a strong case to make I am all ears.

Happy to hear thoughts on all this. Any recommendations on which University, or things I am overlooking and should look into...

I am still in my own research phase, all leads appreciated.

Let me know if I can clarify anything.

TLDR: well, actually... please read haha :-)",1735840828.0,/r/teaching/comments/1hrzvl0/acceptable_amount_of_debt_to_take_on_for_a/,Affectionate_Dig729,https://www.reddit.com/r/teaching/comments/1hrzvl0/acceptable_amount_of_debt_to_take_on_for_a/,3,teacher,"Acceptable Amount of Debt to Take on for a Teaching License? (CA) Looking for some advice from current teachers based in CA. (TLDR below)

At the moment I am teaching full time in a private learning centre in South Korea. I got here with a TEFL certificate + Bachelors. I've realised I enjoy teaching, I'd like to pursue something more legitimate with room for actual growth and professional development.

I grew up in the Bay Area, and that's where I'd like to teach. However I haven't lived in the states for 13 years, currently I'm 27. Family is now based in Ireland.

I would aim to teach later primary with a multiple subject credential.

Today I was researching paths to a CA teaching credential, I was drawn to the CSUs. Looking at 1 year intensive courses. But while I was poking around I realised, it seems I'll need to pay out of state tuition.

In Ireland I managed to get a bachelors without any debt.

Out of state tuition seems to start at 30K. Teachers in the Bay Area seem to start at 90K annually. This is an acceptable amount of debt... isn't it?

I could go and live in CA for a year to then avail of in-state tuition. Not sure what I'd do during that year, perhaps subbing (need to look into that) and teaching ESL online... 

I am inclined not to study online, but if anyone has a strong case to make I am all ears.

Happy to hear thoughts on all this. Any recommendations on which University, or things I am overlooking and should look into...

I am still in my own research phase, all leads appreciated.

Let me know if I can clarify anything.

TLDR: well, actually... please read haha :-)",0.2001443001443001,0.4466931216931217,positive,acceptable amount take license looking advice current teacher based tldr moment full private learning centre south korea got tefl certificate bachelor realised enjoy like pursue something legitimate room actual growth professional development grew bay area like however havent lived state year currently family based ireland aim later primary multiple subject credential today researching path credential drawn csus looking intensive course poking around realised seems ill pay state tuition ireland managed bachelor without state tuition seems start teacher bay area seem start annually acceptable amount isnt live avail instate tuition sure perhaps subbing look esl online inclined study online strong case make ear happy hear thought recommendation university thing overlooking look still research phase lead appreciated let clarify anything tldr well actually please read haha,4,0.9725081499619478
teaching,1grb6q9,Is Teaching Right For Me?,"Hello Reddit! Allow me to explain my situation. I am 25 years old with a bachelors degree in mechanical engineering technology from Purdue university. I was unable to find an engineering job in Indiana after 110 applications submitted. I got a response on 3, and they were all rejections. While discouraging, I went on to do other things. CNC operation at first, but having been working in my father's machine shop since I was 7 years old I thoroughly hated that. So I decided to try something else. Primarily serving at high dining restaurants that require long descriptions of various dishes on the menu.

Now we move on. I have discovered that I have a passion for teaching. I've always had a love for history and enjoy giving lectures to my friends on various historical topics. And I enjoyed giving lectures in college as well. And I am trying to figure out whether or not I should become a teacher. The only reason I got an engineering degree was because it's what everyone told me I should do. But I have always really enjoyed history. But teachers are paid very very badly in most of the US, so if I would pursue it I would want to be either a teacher at a private school or a professor at a university.

Here is the problem. I've never known a professor to have anything less than a masters degree. So I would have to go back to school for at least 6 years. And at Purdue every professor I knew had been there for 10-20 years at a minimum. So in other words there is almost no demand for new professors. So from my perspective it seems like I would get 6 years of additional college debt only to have next to no chance to get a job in teaching that actually pays.

So I wanted to get your perspectives on this situation. Is there more demand than I think there is? Is a Masters degree not required? Or is the situation as hopeless as I've made it sound?

As always, any and all advice is appreciated, and have a lovely day!",1731607917.0,/r/teaching/comments/1grb6q9/is_teaching_right_for_me/,flamin_shotgun,https://www.reddit.com/r/teaching/comments/1grb6q9/is_teaching_right_for_me/,18,teacher,"Is Teaching Right For Me? Hello Reddit! Allow me to explain my situation. I am 25 years old with a bachelors degree in mechanical engineering technology from Purdue university. I was unable to find an engineering job in Indiana after 110 applications submitted. I got a response on 3, and they were all rejections. While discouraging, I went on to do other things. CNC operation at first, but having been working in my father's machine shop since I was 7 years old I thoroughly hated that. So I decided to try something else. Primarily serving at high dining restaurants that require long descriptions of various dishes on the menu.

Now we move on. I have discovered that I have a passion for teaching. I've always had a love for history and enjoy giving lectures to my friends on various historical topics. And I enjoyed giving lectures in college as well. And I am trying to figure out whether or not I should become a teacher. The only reason I got an engineering degree was because it's what everyone told me I should do. But I have always really enjoyed history. But teachers are paid very very badly in most of the US, so if I would pursue it I would want to be either a teacher at a private school or a professor at a university.

Here is the problem. I've never known a professor to have anything less than a masters degree. So I would have to go back to school for at least 6 years. And at Purdue every professor I knew had been there for 10-20 years at a minimum. So in other words there is almost no demand for new professors. So from my perspective it seems like I would get 6 years of additional college debt only to have next to no chance to get a job in teaching that actually pays.

So I wanted to get your perspectives on this situation. Is there more demand than I think there is? Is a Masters degree not required? Or is the situation as hopeless as I've made it sound?

As always, any and all advice is appreciated, and have a lovely day!",0.1081824945887446,0.4314143668831169,positive,right hello allow explain situation year old bachelor degree mechanical engineering technology purdue university unable find engineering job indiana application submitted got response rejection discouraging went thing cnc operation first working father machine shop since year old thoroughly hated decided try something else primarily serving high dining restaurant require long description various dish menu move discovered passion always love history enjoy giving lecture friend various historical topic enjoyed giving lecture college well trying figure whether become reason got engineering degree everyone told always really enjoyed history teacher paid badly pursue want either private school professor university problem never known professor anything less master degree back school least year purdue every professor knew year minimum word almost demand new professor perspective seems like year additional college next chance job actually pay wanted perspective situation demand think master degree required situation hopeless made sound always advice appreciated lovely day,4,0.8761454335738187
teaching,1c2iy2s,Is a double bachelor worth it to teach in the U.S?,"EDIT: thank you to everyone who’s commented about their experiences and opinions! I appreciate the help. I’m leaning towards not getting a double bachelors so far but I’ll make a real decision once I have my appointment with my advisor. 

Hi, I’m a Florida college student about to graduate from a small community college with my AA. I’m transferring to a nearby university soon that has a highly rated education program. I want to start teaching at the elementary school level but I also don’t want to get stuck at that level, hence why I’m majoring in English instead of education. I know the education field is in pieces right now so I want as much flexibility as possible. I’m good with kids and I’m really passionate about teaching but I hear so many stories about burn out ESPECIALLY from k-6 teachers, so I want to keep my options open. My favorite teachers were my AP teachers in high school, so if I switch to high school I’d definitely be interested in getting an AP certificate post graduates degree. But for now, I’d like to stick with elementary school as it just feels right for me right now. 

My university offers reading and ESOL endorsements to education majors which is why I’m considering doing a double degree, English and elementary education. To my knowledge, they don’t offer these endorsements to education minors. I plan to stay in Florida for a while (at least 2ish years) until I pursue a graduate program in another state. I don’t want to live here forever, haha.

So far, I’ve managed to stay debt free (gap year to save up and living with parents) and I’d like it to stay that way until graduate school as I’m completely in charge of funding my education. I’m aiming for merit scholarships right now but the biggest one I’m qualified for is a 2 year one. I understand that a double degree can add on a year so I’d definitely have to find more financial aid to cover that last year. I do not know yet what I would do for my graduates but I’m leaning towards sticking to English so that teaching at the college level is an option later on. I’ve also heard mixed things about getting a masters in education so I’m not sure if that’s something I’d want to pursue or not. 

TLDR; is a double degree in English and elementary education worth it? I’d start teaching at the elementary school level then transition to high school later on. I’m trying to stay flexible as the education field is rough right now. Is getting the second degree in elementary education worth it for reading and ESOL endorsements? 
",1712952600.0,/r/teaching/comments/1c2iy2s/is_a_double_bachelor_worth_it_to_teach_in_the_us/,Bloomriinee-art,https://www.reddit.com/r/teaching/comments/1c2iy2s/is_a_double_bachelor_worth_it_to_teach_in_the_us/,3,teacher,"Is a double bachelor worth it to teach in the U.S? EDIT: thank you to everyone who’s commented about their experiences and opinions! I appreciate the help. I’m leaning towards not getting a double bachelors so far but I’ll make a real decision once I have my appointment with my advisor. 

Hi, I’m a Florida college student about to graduate from a small community college with my AA. I’m transferring to a nearby university soon that has a highly rated education program. I want to start teaching at the elementary school level but I also don’t want to get stuck at that level, hence why I’m majoring in English instead of education. I know the education field is in pieces right now so I want as much flexibility as possible. I’m good with kids and I’m really passionate about teaching but I hear so many stories about burn out ESPECIALLY from k-6 teachers, so I want to keep my options open. My favorite teachers were my AP teachers in high school, so if I switch to high school I’d definitely be interested in getting an AP certificate post graduates degree. But for now, I’d like to stick with elementary school as it just feels right for me right now. 

My university offers reading and ESOL endorsements to education majors which is why I’m considering doing a double degree, English and elementary education. To my knowledge, they don’t offer these endorsements to education minors. I plan to stay in Florida for a while (at least 2ish years) until I pursue a graduate program in another state. I don’t want to live here forever, haha.

So far, I’ve managed to stay debt free (gap year to save up and living with parents) and I’d like it to stay that way until graduate school as I’m completely in charge of funding my education. I’m aiming for merit scholarships right now but the biggest one I’m qualified for is a 2 year one. I understand that a double degree can add on a year so I’d definitely have to find more financial aid to cover that last year. I do not know yet what I would do for my graduates but I’m leaning towards sticking to English so that teaching at the college level is an option later on. I’ve also heard mixed things about getting a masters in education so I’m not sure if that’s something I’d want to pursue or not. 

TLDR; is a double degree in English and elementary education worth it? I’d start teaching at the elementary school level then transition to high school later on. I’m trying to stay flexible as the education field is rough right now. Is getting the second degree in elementary education worth it for reading and ESOL endorsements? 
",0.1407131261595547,0.4356094104308389,positive,double bachelor worth edit thank everyone who commented experience opinion appreciate leaning towards getting double bachelor far ill make real decision appointment advisor florida college graduate small community college transferring nearby university soon highly rated education program want start elementary school level want stuck level hence majoring english instead education education field piece right want much flexibility possible good kid really passionate hear many story burn especially teacher want keep option open favorite teacher teacher high school switch high school definitely interested getting certificate graduate degree like stick elementary school feel right right university offer reading esol endorsement education major considering double degree english elementary education knowledge offer endorsement education minor plan stay florida least ish year pursue graduate program another state want live forever haha far managed stay free gap save living parent like stay way graduate school completely charge funding education aiming merit scholarship right biggest qualified understand double degree add definitely find financial aid cover last yet graduate leaning towards sticking english college level option later heard mixed thing getting master education sure something want pursue tldr double degree english elementary education worth start elementary school level transition high school later trying stay flexible education field rough right getting second degree elementary education worth reading esol endorsement,4,0.9906440241293915
teaching,1bkgmb7,Who wants to help me make a life-altering decision?,"Should I keep my current job or interview for a new, intriguing position?


**CURRENT JOB**

* Good pay for what it is
* Low cost of living
* I get to use my Master’s degree to teach college-level courses, which I enjoy

*Cons*

* Besides my college courses, I don’t like most of my students. Lots of ignorance, apathy, laziness, and hatred of school.
* I know I don’t want to live in this area forever. Was originally planning to wait to wait to move, though, until my wife and I could pay off some more debt (2-3 years)


**ENTICING JOB OPENING**

*Pros*

* One of the best schools in my state
* Average student is high achieving and gives a shit about school/doing well
* Considerably higher pay
* In an area I could see myself settling down

*Cons*

* Considerably higher cost of living
* Might not get to use my Masters/teach college level
* I’ve never taught at a high-achieving wealthy school, but maybe helicopter parents? I feel like I’d prefer that over my current parents who don’t respond and hate teachers as much as their kids


**HELP**

Amazing school. Area we’d like to settle down in. But is it worth it to give up our financial plan and put ourselves under more financial stress? Does anyone have thought or experience with a similar situation?",1711053103.0,/r/teaching/comments/1bkgmb7/who_wants_to_help_me_make_a_lifealtering_decision/,TheLizardDeity,https://www.reddit.com/r/teaching/comments/1bkgmb7/who_wants_to_help_me_make_a_lifealtering_decision/,3,teacher,"Who wants to help me make a life-altering decision? Should I keep my current job or interview for a new, intriguing position?


**CURRENT JOB**

* Good pay for what it is
* Low cost of living
* I get to use my Master’s degree to teach college-level courses, which I enjoy

*Cons*

* Besides my college courses, I don’t like most of my students. Lots of ignorance, apathy, laziness, and hatred of school.
* I know I don’t want to live in this area forever. Was originally planning to wait to wait to move, though, until my wife and I could pay off some more debt (2-3 years)


**ENTICING JOB OPENING**

*Pros*

* One of the best schools in my state
* Average student is high achieving and gives a shit about school/doing well
* Considerably higher pay
* In an area I could see myself settling down

*Cons*

* Considerably higher cost of living
* Might not get to use my Masters/teach college level
* I’ve never taught at a high-achieving wealthy school, but maybe helicopter parents? I feel like I’d prefer that over my current parents who don’t respond and hate teachers as much as their kids


**HELP**

Amazing school. Area we’d like to settle down in. But is it worth it to give up our financial plan and put ourselves under more financial stress? Does anyone have thought or experience with a similar situation?",0.1848872053872053,0.4474107744107744,positive,want make lifealtering decision keep current job interview new intriguing position current job good pay low cost living use master degree collegelevel course enjoy con besides college course like student lot ignorance apathy laziness hatred school want live area forever originally planning wait wait move though wife pay year enticing job opening pro best school state average high achieving give shit schooldoing well considerably higher pay area see settling con considerably higher cost living might use mastersteach college level never taught highachieving wealthy school maybe helicopter parent feel like prefer current parent respond hate teacher much kid amazing school area wed like settle worth give financial plan put financial stress thought experience similar situation,4,0.9824033782776317
teaching,1be5657,Is Job Embedding teaching worth it for masters.,I was wondering if job embedded teaching is worth it for masters in teaching. There is a special education award I can get. I was looking at Lipscomb college and Nazerine. What appeals to me is that I can work a salary rate while in school. What worries me is the debt. I want to work in special education and want my salary to go up.,1710369565.0,/r/teaching/comments/1be5657/is_job_embedding_teaching_worth_it_for_masters/,Latter_Stock7624,https://www.reddit.com/r/teaching/comments/1be5657/is_job_embedding_teaching_worth_it_for_masters/,2,teacher,Is Job Embedding teaching worth it for masters. I was wondering if job embedded teaching is worth it for masters in teaching. There is a special education award I can get. I was looking at Lipscomb college and Nazerine. What appeals to me is that I can work a salary rate while in school. What worries me is the debt. I want to work in special education and want my salary to go up.,0.3285714285714285,0.3357142857142857,positive,job embedding worth master wondering job embedded worth master special education award looking lipscomb college nazerine appeal work salary rate school worry want work special education want salary,4,0.9462224958762823
teaching,191xb1l,"Current teaching fellow, advice for next year?","Hi all! I'm not sure what to do next year and would love some advice. I graduated from university last year with an English degree, not an education degree. This year, I'm working as a teaching fellow (3rd grade) at a private K-8 school. It is a year-long position that ends at the end of the school year.  


I love teaching so far, and specifically see myself teaching middle school English (maybe even grades 9 or 10). I've also considered becoming an ESL teacher, but have less experience with that. I was extremely burnt out of school my last year of uni, and I'm not dying to go back to school at the moment, but I'm considering it. From my understanding, my 3 options currently are:  


1) Complete a teaching program at a community college

2) Get a Master's in education 

3) Do neither and apply to work at private schools hiring English teachers, who may hire candidates with just an English degree   


I'm not sure the best route to take. I'm nervous that if I put time and money into a grad program right now, I might decide in a few years teaching actually isn't for me, and I'll regret the time and money (and probably still be in debt). However, there's not that many private schools in the area (I'm not planning on moving next year and am wanting to stay in my current mid-size city), and I also obviously have limited experience, so I'm worried I won't be hired anywhere.   


Other maybe relevant info: I live in a non-union state where private school pay is similar to public school pay. I'd also like to move to a new state/city in the next couple years, so I'm a bit worried about getting a teaching license in my current state, and then having to do another process for a different state.   


Thank you for any advice!! ",1704751005.0,/r/teaching/comments/191xb1l/current_teaching_fellow_advice_for_next_year/,janey110,https://www.reddit.com/r/teaching/comments/191xb1l/current_teaching_fellow_advice_for_next_year/,1,teacher,"Current teaching fellow, advice for next year? Hi all! I'm not sure what to do next year and would love some advice. I graduated from university last year with an English degree, not an education degree. This year, I'm working as a teaching fellow (3rd grade) at a private K-8 school. It is a year-long position that ends at the end of the school year.  


I love teaching so far, and specifically see myself teaching middle school English (maybe even grades 9 or 10). I've also considered becoming an ESL teacher, but have less experience with that. I was extremely burnt out of school my last year of uni, and I'm not dying to go back to school at the moment, but I'm considering it. From my understanding, my 3 options currently are:  


1) Complete a teaching program at a community college

2) Get a Master's in education 

3) Do neither and apply to work at private schools hiring English teachers, who may hire candidates with just an English degree   


I'm not sure the best route to take. I'm nervous that if I put time and money into a grad program right now, I might decide in a few years teaching actually isn't for me, and I'll regret the time and money (and probably still be in debt). However, there's not that many private schools in the area (I'm not planning on moving next year and am wanting to stay in my current mid-size city), and I also obviously have limited experience, so I'm worried I won't be hired anywhere.   


Other maybe relevant info: I live in a non-union state where private school pay is similar to public school pay. I'd also like to move to a new state/city in the next couple years, so I'm a bit worried about getting a teaching license in my current state, and then having to do another process for a different state.   


Thank you for any advice!! ",0.0663715072805981,0.3409673028991211,neutral,current fellow advice next sure next love advice graduated university last english degree education degree working fellow grade private school yearlong position end end school love far specifically see middle school english maybe even grade considered becoming esl less experience extremely burnt school last uni dying back school moment considering understanding option currently complete program community college master education neither apply work private school hiring english teacher may hire candidate english degree sure best route take nervous put money grad program right might decide year actually isnt ill regret money probably still however there many private school area planning moving next wanting stay current midsize city obviously limited experience worried wont hired anywhere maybe relevant info live nonunion state private school pay similar school pay like move new statecity next couple year bit worried getting license current state another process different state thank advice,4,0.9876883233292382
teaching,18mtycb,Advice needed for a college student,"I am a 22 year old female and currently an education major. I made the change during COVID from BSW to education not really thinking about all of the disadvantages people say about the teaching profession. I am regretting my decision but close to the finish line. Is anyone in a similar situation? I feel so alone and lost. Everyone around me knows what they want and I just do not want to be another miserable teacher. I love working with kids, and have enjoyed the experience in the schools but I do not want to struggle on the teacher salary. I am currently thinking about going to grad school for something a bit different and within my values (helping people). Like MSW, or speech language pathology. But then again, it’s just more work and more debt. Any advice?",1703076944.0,/r/teaching/comments/18mtycb/advice_needed_for_a_college_student/,Hour_Ticket8047,https://www.reddit.com/r/teaching/comments/18mtycb/advice_needed_for_a_college_student/,25,teacher,"Advice needed for a college student I am a 22 year old female and currently an education major. I made the change during COVID from BSW to education not really thinking about all of the disadvantages people say about the teaching profession. I am regretting my decision but close to the finish line. Is anyone in a similar situation? I feel so alone and lost. Everyone around me knows what they want and I just do not want to be another miserable teacher. I love working with kids, and have enjoyed the experience in the schools but I do not want to struggle on the teacher salary. I am currently thinking about going to grad school for something a bit different and within my values (helping people). Like MSW, or speech language pathology. But then again, it’s just more work and more debt. Any advice?",0.0817307692307692,0.4743589743589744,neutral,advice needed college old female currently education major made change covid bsw education really thinking disadvantage people say profession regretting decision close finish line similar situation feel alone lost everyone around know want want another miserable love working kid enjoyed experience school want struggle salary currently thinking grad school something bit different within value helping people like msw speech language pathology work advice,4,0.9717572441701317
teaching,18ihnsj,Is going to school to be a teacher worth it?,"I am currently in school to be a teacher and am on my 2 year. I currently make 17$ an hour at my daycare job where I am a lead teacher for 3 year olds. I spend about 1500$ for 6 months at my college. I just moved out on my own and I’ve been focusing on paying my debt. I feel that I might just be wasting my time and money going to college for education if I am currently doing what I want to be doing. Granted 17$ an hour isn’t great but I did just start this job and I have benefits, paid holidays and PTO. I don’t really know what to do in this situation. On top of completing college I also have to do my inservice hours which would take 6 months to complete with no pay at all. Would it be dumb for me to drop out?",1702585215.0,/r/teaching/comments/18ihnsj/is_going_to_school_to_be_a_teacher_worth_it/,Lost_Needleworker_87,https://www.reddit.com/r/teaching/comments/18ihnsj/is_going_to_school_to_be_a_teacher_worth_it/,38,teacher,"Is going to school to be a teacher worth it? I am currently in school to be a teacher and am on my 2 year. I currently make 17$ an hour at my daycare job where I am a lead teacher for 3 year olds. I spend about 1500$ for 6 months at my college. I just moved out on my own and I’ve been focusing on paying my debt. I feel that I might just be wasting my time and money going to college for education if I am currently doing what I want to be doing. Granted 17$ an hour isn’t great but I did just start this job and I have benefits, paid holidays and PTO. I don’t really know what to do in this situation. On top of completing college I also have to do my inservice hours which would take 6 months to complete with no pay at all. Would it be dumb for me to drop out?",0.2125,0.465,positive,school worth currently school currently make hour daycare job lead old spend month college moved focusing paying feel might wasting money college education currently want granted hour isnt great start job benefit paid holiday pto really situation top completing college inservice hour take month complete pay dumb drop,4,0.7799923258020127
teaching,17yoxof,Stuck on if I want to continue my education degree,"i’m 22 and i’m an early childhood education major (EC-6). i’ve completed 3 years 69 credits but still have a full 2 years left until graduation and honestly i’m stuck on if i even want to finish my degree. This all started when i began working at a daycare &amp; i was there about 5 months &amp; ik ik daycare is very different from teaching at a school but the way i would see the kids act and the outrageous things they’d do has honestly scared me away some 😭i’m talking a 9 year bringing a bebe gun to the center which he also brought to school but wasn’t caught with it, kids slapping teachers, teachers getting cussed out left &amp; right &amp;  all over social media &amp; even here everyone’s leaving the profession and the points and reasons as to why are VERY valid so it has me just completely stuck on if i even want to go through the trouble of finishing. 
Just to add in - my schooling is paid for by the state (TX) so i don’t have to worry about debt or anything like that but i feel like such a waste &amp; like i did those 3 years for nothing if i quit now :/ 
however i have been looking into rad tech school not completely sure on it but it’s something i’m definitely interested in if i do decide to not finish my ed degree so i have a somewhat backup 

I guess all in all i’m making this post to hear some of you guys advice and stories on if you left teaching and took a complete different route and if you did decide to stay did it get better? are the thoughts i’m having while completing my program normal did you feel the same?",1700368046.0,/r/teaching/comments/17yoxof/stuck_on_if_i_want_to_continue_my_education_degree/,Careless_Argument_72,https://www.reddit.com/r/teaching/comments/17yoxof/stuck_on_if_i_want_to_continue_my_education_degree/,10,teacher,"Stuck on if I want to continue my education degree i’m 22 and i’m an early childhood education major (EC-6). i’ve completed 3 years 69 credits but still have a full 2 years left until graduation and honestly i’m stuck on if i even want to finish my degree. This all started when i began working at a daycare &amp; i was there about 5 months &amp; ik ik daycare is very different from teaching at a school but the way i would see the kids act and the outrageous things they’d do has honestly scared me away some 😭i’m talking a 9 year bringing a bebe gun to the center which he also brought to school but wasn’t caught with it, kids slapping teachers, teachers getting cussed out left &amp; right &amp;  all over social media &amp; even here everyone’s leaving the profession and the points and reasons as to why are VERY valid so it has me just completely stuck on if i even want to go through the trouble of finishing. 
Just to add in - my schooling is paid for by the state (TX) so i don’t have to worry about debt or anything like that but i feel like such a waste &amp; like i did those 3 years for nothing if i quit now :/ 
however i have been looking into rad tech school not completely sure on it but it’s something i’m definitely interested in if i do decide to not finish my ed degree so i have a somewhat backup 

I guess all in all i’m making this post to hear some of you guys advice and stories on if you left teaching and took a complete different route and if you did decide to stay did it get better? are the thoughts i’m having while completing my program normal did you feel the same?",0.0512133699633699,0.4498565323565324,neutral,stuck want continue education degree early childhood education major completed year credit still full year left graduation honestly stuck even want finish degree started began working daycare amp month amp daycare different school way see kid act outrageous thing theyd honestly scared away talking bringing bebe gun center brought school wasnt caught kid slapping teacher teacher getting cussed left amp right amp social medium amp even everyones leaving profession point reason valid completely stuck even want trouble finishing add schooling paid state worry anything like feel like waste amp like year nothing quit however looking rad tech school completely sure something definitely interested decide finish degree somewhat backup guess making hear guy advice story left took complete different route decide stay better thought completing program normal feel,4,0.984635581103665
PSLF,1o1k1nn,"Mohela, StudentAid, Nelnet","Any difference between Nelnet, StudentAid, and Mohela when submitting a buyback request? I was told to change out of Mohela a while ago but people still mention them on here. How long has it taken for requesting a buyback while in the SAVE plan to be approved ?",1759950939.0,/r/PSLF/comments/1o1k1nn/mohela_studentaid_nelnet/,RidingtheWave07,https://www.reddit.com/r/PSLF/comments/1o1k1nn/mohela_studentaid_nelnet/,1,teacher,"Mohela, StudentAid, Nelnet Any difference between Nelnet, StudentAid, and Mohela when submitting a buyback request? I was told to change out of Mohela a while ago but people still mention them on here. How long has it taken for requesting a buyback while in the SAVE plan to be approved ?",-0.05,0.4,neutral,mohela studentaid nelnet difference nelnet studentaid mohela submitting buyback request told change mohela ago people still mention long taken requesting buyback save plan approved,1,0.5971895847957618
PSLF,1o1jy0m,FSA Balance 0 now - PSLF Complete,"Green banners 08/21

Golden Letter 09/24

DOn't know when, but today my FSA Balance is 0.

Waiting for credit report update.",1759950715.0,/r/PSLF/comments/1o1jy0m/fsa_balance_0_now_pslf_complete/,chappan-tikli,https://www.reddit.com/r/PSLF/comments/1o1jy0m/fsa_balance_0_now_pslf_complete/,2,teacher,"FSA Balance 0 now - PSLF Complete Green banners 08/21

Golden Letter 09/24

DOn't know when, but today my FSA Balance is 0.

Waiting for credit report update.",0.0666666666666666,0.3999999999999999,neutral,fsa balance complete green banner golden letter today fsa balance waiting credit report update,2,0.864447335539455
PSLF,1o1jfde,WTF is going on with FSA PSLF payment counts???,"I am missing June 2025. I didn’t make a payment that month because I was in SAVE forbearance, but the month doesn’t show up as “Ineligible,” it’s just completely missing. I know a lot of people have had this problem.

I got out of forbearance and made my first payment in August, which shows up in the payment history, no problem. 

Now, my September 2025 payment is not there. I made it more than 10 days ago. Does it usually take that long to post to FSA? It shows up on Mohela’s count. Am I missing something?",1759949592.0,/r/PSLF/comments/1o1jfde/wtf_is_going_on_with_fsa_pslf_payment_counts/,Infamous_Pudding5165,https://www.reddit.com/r/PSLF/comments/1o1jfde/wtf_is_going_on_with_fsa_pslf_payment_counts/,1,teacher,"WTF is going on with FSA PSLF payment counts??? I am missing June 2025. I didn’t make a payment that month because I was in SAVE forbearance, but the month doesn’t show up as “Ineligible,” it’s just completely missing. I know a lot of people have had this problem.

I got out of forbearance and made my first payment in August, which shows up in the payment history, no problem. 

Now, my September 2025 payment is not there. I made it more than 10 days ago. Does it usually take that long to post to FSA? It shows up on Mohela’s count. Am I missing something?",-0.0812499999999999,0.3291666666666666,neutral,wtf fsa count missing june didnt make month save forbearance month doesnt show ineligible completely missing lot people problem got forbearance made first august show history problem september made day ago usually take long fsa show mohelas count missing something,1,0.6617961797232486
PSLF,1o1j7kq,Non-qualifying payments due to employment certification,"Just wanted to ask here to see if anyone has had a similar problem, because FSA was unhelpful and said I would need to wait 45 business days for a reconsideration. 

I graduated school in May, consolidated my loans, and entered PAYE so I could start with $0 payments for my first year of PSLF. I went through the process of employment certification, and my first payment in July qualified. I did not think there would be any issues going forward since I had auto pay set up, but now I checked to make sure the payments had counted and my August and September payments both do not have employer certification. I was wondering if anyone else had this issue and knew of any solutions, because it seems a little ridiculous that I have to wait over 2 months for an answer from FSA.",1759949113.0,/r/PSLF/comments/1o1j7kq/nonqualifying_payments_due_to_employment/,playoffpetey,https://www.reddit.com/r/PSLF/comments/1o1j7kq/nonqualifying_payments_due_to_employment/,2,teacher,"Non-qualifying payments due to employment certification Just wanted to ask here to see if anyone has had a similar problem, because FSA was unhelpful and said I would need to wait 45 business days for a reconsideration. 

I graduated school in May, consolidated my loans, and entered PAYE so I could start with $0 payments for my first year of PSLF. I went through the process of employment certification, and my first payment in July qualified. I did not think there would be any issues going forward since I had auto pay set up, but now I checked to make sure the payments had counted and my August and September payments both do not have employer certification. I was wondering if anyone else had this issue and knew of any solutions, because it seems a little ridiculous that I have to wait over 2 months for an answer from FSA.",0.050595238095238,0.5472222222222223,neutral,nonqualifying due employment certification wanted ask see similar problem fsa unhelpful said wait business day reconsideration graduated school may consolidated entered paye start first went process employment certification first july qualified think issue forward since auto pay set checked make sure counted august september employer certification wondering else issue knew solution seems little ridiculous wait month answer fsa,0,0.6174052003590503
PSLF,1o1j1mk,"On save, Forbearance Ending","Hi everyone

I’ve been stuck on Save for months. I submitted for a new IDR plan a couple months ago to get back on track with PSLF payments but it hasn’t processed yet. I’ve been in forbearance during this time, but today received and email saying “The deferment or forbearance to postpone payments on the loan(s) listed below will end on 11/03” with my previous Save plan amount set to be taken out starting next month? Anyone else get this? Not really sure what to do considering these Save plan payments aren’t counting for anything ",1759948746.0,/r/PSLF/comments/1o1j1mk/on_save_forbearance_ending/,tumble_weed_22,https://www.reddit.com/r/PSLF/comments/1o1j1mk/on_save_forbearance_ending/,1,teacher,"On save, Forbearance Ending Hi everyone

I’ve been stuck on Save for months. I submitted for a new IDR plan a couple months ago to get back on track with PSLF payments but it hasn’t processed yet. I’ve been in forbearance during this time, but today received and email saying “The deferment or forbearance to postpone payments on the loan(s) listed below will end on 11/03” with my previous Save plan amount set to be taken out starting next month? Anyone else get this? Not really sure what to do considering these Save plan payments aren’t counting for anything ",-0.0467171717171717,0.2683501683501683,neutral,save forbearance ending everyone stuck save month submitted new idr plan couple month ago back track hasnt processed yet forbearance today received email saying deferment forbearance postpone listed end previous save plan amount set taken starting next month else really sure considering save plan arent counting anything,1,0.9648085967954083
PSLF,1o1i5vo,PSLF oops...,"In my excitement over hitting 120 payments, I did not notice 4 of my loans had not hit the magical 120 payment mark before submitting the application.

Now, 6 of my loans have the magical green banner with the notification I have zero obligation on those loans. 4 do not. Why? I don't know.

Randomly, I just received notification that my 4 other loans are in an education deferment (how do they know I'm taking masters courses?) I did request a forebearance. 

Anyway. I'm still planning on making payments out of an abundance of caution -- I just want this gone and done.

Here's to hoping that they still forgive those 4 loans? Anybody else experience anything similar? I could cry.

",1759947069.0,/r/PSLF/comments/1o1i5vo/pslf_oops/,West_Arrival852,https://www.reddit.com/r/PSLF/comments/1o1i5vo/pslf_oops/,2,teacher,"PSLF oops... In my excitement over hitting 120 payments, I did not notice 4 of my loans had not hit the magical 120 payment mark before submitting the application.

Now, 6 of my loans have the magical green banner with the notification I have zero obligation on those loans. 4 do not. Why? I don't know.

Randomly, I just received notification that my 4 other loans are in an education deferment (how do they know I'm taking masters courses?) I did request a forebearance. 

Anyway. I'm still planning on making payments out of an abundance of caution -- I just want this gone and done.

Here's to hoping that they still forgive those 4 loans? Anybody else experience anything similar? I could cry.

",0.0291666666666666,0.5958333333333333,neutral,oops excitement hitting notice hit magical mark submitting application magical green banner notification zero obligation randomly received notification education deferment taking master course request forebearance anyway still planning making abundance caution want gone done here hoping still forgive anybody else experience anything similar cry,4,0.5471301628151004
PSLF,1o1g8i6,PSLF Fall 2025 question,"Hello all- After a very arduous journey thru PSLF I finally got my green banners!! Can anyone say how long it has been taking recently to get that Golden Ketter? I am so anxious over all of this process.
Thanks in advance for your answers.",1759942886.0,/r/PSLF/comments/1o1g8i6/pslf_fall_2025_question/,Fickle_Love_5096,https://www.reddit.com/r/PSLF/comments/1o1g8i6/pslf_fall_2025_question/,1,teacher,"PSLF Fall 2025 question Hello all- After a very arduous journey thru PSLF I finally got my green banners!! Can anyone say how long it has been taking recently to get that Golden Ketter? I am so anxious over all of this process.
Thanks in advance for your answers.",-0.0709375,0.5812499999999999,neutral,fall hello arduous journey thru finally got green banner say long taking recently golden ketter anxious process thanks advance answer,3,0.8367261110690449
PSLF,1o1fb1s,IDR switch finally processed after I submitted for buyback,"I reached 120 months of qualifying employment and applied for buyback yesterday. Today I received a letter from Mohela that my IDR plan switch (from SAVE) request that I submitted before the inauguration in Jan '25 was finally processed. 

Do you think these are related, or just a coincidence that they finally processed my IDR the day after I submitted buyback?",1759940848.0,/r/PSLF/comments/1o1fb1s/idr_switch_finally_processed_after_i_submitted/,ControllingImagesPHC,https://www.reddit.com/r/PSLF/comments/1o1fb1s/idr_switch_finally_processed_after_i_submitted/,2,teacher,"IDR switch finally processed after I submitted for buyback I reached 120 months of qualifying employment and applied for buyback yesterday. Today I received a letter from Mohela that my IDR plan switch (from SAVE) request that I submitted before the inauguration in Jan '25 was finally processed. 

Do you think these are related, or just a coincidence that they finally processed my IDR the day after I submitted buyback?",0.0,0.85,neutral,idr switch finally processed submitted buyback reached month qualifying employment applied buyback yesterday today received letter mohela idr plan switch save request submitted inauguration jan finally processed think related coincidence finally processed idr day submitted buyback,1,0.7261518289372048
PSLF,1o1f8zk,New PAYE repayment falsely low.,"I switched from SAVE to PAYE to start getting qualifying months. 

My income decreased significantly due to an illness so when I applied for PAYE, I used the paystubs method. 

My application got approved and I was shocked to see my payments be $0. Both aidvantage and studentaid.gov have me as successfully in PAYE now. 

My payments should not be $0, our family income is still relatively high. 


Aidvantage offers a “printable account information” which shows 0$ payments for the next 11 months then “121 months @ $xxx” which I believe is the right amount per the fsa calculation. 

Would you reach out to aidvantage to see why I have 11 months at $0 or just don’t ask questions and be grateful….
",1759940718.0,/r/PSLF/comments/1o1f8zk/new_paye_repayment_falsely_low/,Zelda0310,https://www.reddit.com/r/PSLF/comments/1o1f8zk/new_paye_repayment_falsely_low/,2,teacher,"New PAYE repayment falsely low. I switched from SAVE to PAYE to start getting qualifying months. 

My income decreased significantly due to an illness so when I applied for PAYE, I used the paystubs method. 

My application got approved and I was shocked to see my payments be $0. Both aidvantage and studentaid.gov have me as successfully in PAYE now. 

My payments should not be $0, our family income is still relatively high. 


Aidvantage offers a “printable account information” which shows 0$ payments for the next 11 months then “121 months @ $xxx” which I believe is the right amount per the fsa calculation. 

Would you reach out to aidvantage to see why I have 11 months at $0 or just don’t ask questions and be grateful….
",0.0207077922077922,0.465525974025974,neutral,new paye repayment falsely low switched save paye start getting qualifying month income decreased significantly due illness applied paye used paystubs method application got approved shocked see aidvantage studentaidgov successfully paye family income still relatively high aidvantage offer printable account information show next month month xxx believe right amount per fsa calculation reach aidvantage see month ask question grateful,1,0.9611684084333005
PSLF,1o1f5rg,Application Timing Question,"Hello r/PSLF! The autopay for my 120th payment just went through yesterday. Usually I wait about a week after a payment to submit my ECF to give FSA more time to update, but should I go ahead and file my application using the PSLF help tool immediately? Wait a week? Longer? Any advice is appreciated!",1759940517.0,/r/PSLF/comments/1o1f5rg/application_timing_question/,BonecrusherEsq,https://www.reddit.com/r/PSLF/comments/1o1f5rg/application_timing_question/,4,teacher,"Application Timing Question Hello r/PSLF! The autopay for my 120th payment just went through yesterday. Usually I wait about a week after a payment to submit my ECF to give FSA more time to update, but should I go ahead and file my application using the PSLF help tool immediately? Wait a week? Longer? Any advice is appreciated!",0.1666666666666666,0.2833333333333333,positive,application timing hello rpslf autopay went yesterday usually wait week submit ecf give fsa update ahead file application using tool immediately wait week longer advice appreciated,2,0.83807294175141
PSLF,1o1d8jp,"Reached 120 months of qualifying employment, but July 2025 is missing","I've been in the SAVE forbearance for months and just reached 120 months of qualifying employment (with 106/120 actual, qualifying payments to date). I submitted an ECF yesterday, and it was already processed. My next step is to submit a buyback request, but July 2025 is completely missing from my PSLF Tracking Tool on the Student Aid site. 

Do I need to try and get this resolved *before* I submit the buyback request? Or can I just submit the buyback request now since I have the qualifying months of employment? 

Thanks in advance for any help/insight you can offer me here. ",1759936341.0,/r/PSLF/comments/1o1d8jp/reached_120_months_of_qualifying_employment_but/,Prudent-Property8476,https://www.reddit.com/r/PSLF/comments/1o1d8jp/reached_120_months_of_qualifying_employment_but/,4,teacher,"Reached 120 months of qualifying employment, but July 2025 is missing I've been in the SAVE forbearance for months and just reached 120 months of qualifying employment (with 106/120 actual, qualifying payments to date). I submitted an ECF yesterday, and it was already processed. My next step is to submit a buyback request, but July 2025 is completely missing from my PSLF Tracking Tool on the Student Aid site. 

Do I need to try and get this resolved *before* I submit the buyback request? Or can I just submit the buyback request now since I have the qualifying months of employment? 

Thanks in advance for any help/insight you can offer me here. ",-0.04,0.08,neutral,reached month qualifying employment july missing save forbearance month reached month qualifying employment actual qualifying date submitted ecf yesterday already processed next step submit buyback request july completely missing tracking tool aid site try resolved submit buyback request submit buyback request since qualifying month employment thanks advance helpinsight offer,1,0.9425870450895696
PSLF,1o1bk38,"June 2025 payment fix isn't coming, is it?","Now at 117/120. Payment #117 (September 2025) was just added to the FSA dashboard count.

However, when I go into the FSA payment history, everything is there except June 2025. If June 2025 was there, I'd be at 118/120.

First we heard that June 2025 would be fixed by late September. Still nothing. I'm never going to get credit for that payment, am I?",1759932607.0,/r/PSLF/comments/1o1bk38/june_2025_payment_fix_isnt_coming_is_it/,JimEJawn,https://www.reddit.com/r/PSLF/comments/1o1bk38/june_2025_payment_fix_isnt_coming_is_it/,5,teacher,"June 2025 payment fix isn't coming, is it? Now at 117/120. Payment #117 (September 2025) was just added to the FSA dashboard count.

However, when I go into the FSA payment history, everything is there except June 2025. If June 2025 was there, I'd be at 118/120.

First we heard that June 2025 would be fixed by late September. Still nothing. I'm never going to get credit for that payment, am I?",0.0166666666666666,0.3777777777777777,neutral,june fix isnt coming september added fsa dashboard count however fsa history everything except june june first heard june fixed late september still nothing never credit,2,0.8651918906515866
PSLF,1o1ahpu,Student Loans off credit report,"Got my FSA golden letter on 8/5/25 &amp; have been monitoring my credit report weekly, and today my student loans are off of my credit report. I’ve heard people who have had substantial student debt say their credit scores have dropped after forgiveness &amp; I was concerned because I had 208k, but my score went up 5 points! Thankful this is over! For everyone working towards forgiveness, stay diligent! Your day is coming! 

Timeline:

Green banners: 6/5

FSA Golden Letter: 8/5

Zeroed out on Aidvantage: 8/6

Aidvantage Golden letter: 8/7

Zeroed on FSA: 8/12.

Refund check: 9/10

Loans off credit report: 10/8",1759930052.0,/r/PSLF/comments/1o1ahpu/student_loans_off_credit_report/,Parking-Phone4238,https://www.reddit.com/r/PSLF/comments/1o1ahpu/student_loans_off_credit_report/,10,teacher,"Student Loans off credit report Got my FSA golden letter on 8/5/25 &amp; have been monitoring my credit report weekly, and today my student loans are off of my credit report. I’ve heard people who have had substantial student debt say their credit scores have dropped after forgiveness &amp; I was concerned because I had 208k, but my score went up 5 points! Thankful this is over! For everyone working towards forgiveness, stay diligent! Your day is coming! 

Timeline:

Green banners: 6/5

FSA Golden Letter: 8/5

Zeroed out on Aidvantage: 8/6

Aidvantage Golden letter: 8/7

Zeroed on FSA: 8/12.

Refund check: 9/10

Loans off credit report: 10/8",0.28310546875,0.45,positive,credit report got fsa golden letter amp monitoring credit report weekly today credit report heard people substantial say credit score dropped amp concerned score went point thankful everyone working towards stay diligent day coming timeline green banner fsa golden letter zeroed aidvantage aidvantage golden letter zeroed fsa refund check credit report,2,0.749075175953166
PSLF,1o1a35v,Pslf 120th payment,My last payment is due on October 21st…can I pay that now or is it too early? I just want to make sure it counts but also be done…,1759929053.0,/r/PSLF/comments/1o1a35v/pslf_120th_payment/,meggity1,https://www.reddit.com/r/PSLF/comments/1o1a35v/pslf_120th_payment/,2,teacher,Pslf 120th payment My last payment is due on October 21st…can I pay that now or is it too early? I just want to make sure it counts but also be done…,0.11875,0.4076388888888889,positive,last due october stcan pay early want make sure count done,4,0.8637481482305236
PSLF,1o18vtg,Mohela put me in a forbearance after being on IBR. They won’t take me off. Should I reapply?,Got approved for IBR in March 2025 and was making $0 payments until apparently June 2025 when they put me in a SAVE forbearance.  They refuse to take me off. Should I just reapply for IBR? ,1759925984.0,/r/PSLF/comments/1o18vtg/mohela_put_me_in_a_forbearance_after_being_on_ibr/,Spiritual-Mud-5470,https://www.reddit.com/r/PSLF/comments/1o18vtg/mohela_put_me_in_a_forbearance_after_being_on_ibr/,1,teacher,Mohela put me in a forbearance after being on IBR. They won’t take me off. Should I reapply? Got approved for IBR in March 2025 and was making $0 payments until apparently June 2025 when they put me in a SAVE forbearance.  They refuse to take me off. Should I just reapply for IBR? ,0.05,0.35,neutral,mohela put forbearance ibr wont take reapply got approved ibr march making apparently june put save forbearance refuse take reapply ibr,1,0.9100256276159976
PSLF,1o182eq,Buyback,I’ve seen some recommendations on contacting the ombudsman to have your buyback processed quicker ?? Anyone have this actually happen ??? I FINALLY hit my 120 this month and really don’t have patience to wait lol ,1759923619.0,/r/PSLF/comments/1o182eq/buyback/,Successful_Sky_1654,https://www.reddit.com/r/PSLF/comments/1o182eq/buyback/,2,teacher,Buyback I’ve seen some recommendations on contacting the ombudsman to have your buyback processed quicker ?? Anyone have this actually happen ??? I FINALLY hit my 120 this month and really don’t have patience to wait lol ,0.25,0.5,positive,buyback seen recommendation contacting ombudsman buyback processed quicker actually happen finally hit month really patience wait lol,1,0.8649399951891011
PSLF,1o16r01,Looking for advice - husband a government employee,"Hi everyone,
I have 2 payments to go until 120. My husband and I file joint taxes so my current loan payments reflect his income too; when I switched from SAVE to an IBR plan my payments went up significantly (it’s only recently that my husband makes close to my income and it only negatively impacted my payment amount when I left SAVE). I only had 7 payments left when I got out of SAVE so we were planning to dip into savings to get me through these last couple. But now he doesn’t have an income at all. He is an essential worker so he’s still working and by all normal rules will get back pay. The payments were already pushing our expenses over our total income though so if the shutdown lasts the next two months or more, this will be a huge strain. 
I’m wondering if I should redo my IBR plan using paystubs for my income and say my husband currently has no income? I’m worried if they throw me into a processing forbearance it somehow won’t actually count. Alternatively do they do audits of income at the point of forgiveness and if the government opens back up and my husband has income again will there be a problem with my last two payments being lowered and stick me in some other kind of processing mess before forgiveness? 

What would everyone here do?

Thanks for reading and anyone willing to give me some advice!",1759919290.0,/r/PSLF/comments/1o16r01/looking_for_advice_husband_a_government_employee/,ROAT7373,https://www.reddit.com/r/PSLF/comments/1o16r01/looking_for_advice_husband_a_government_employee/,1,teacher,"Looking for advice - husband a government employee Hi everyone,
I have 2 payments to go until 120. My husband and I file joint taxes so my current loan payments reflect his income too; when I switched from SAVE to an IBR plan my payments went up significantly (it’s only recently that my husband makes close to my income and it only negatively impacted my payment amount when I left SAVE). I only had 7 payments left when I got out of SAVE so we were planning to dip into savings to get me through these last couple. But now he doesn’t have an income at all. He is an essential worker so he’s still working and by all normal rules will get back pay. The payments were already pushing our expenses over our total income though so if the shutdown lasts the next two months or more, this will be a huge strain. 
I’m wondering if I should redo my IBR plan using paystubs for my income and say my husband currently has no income? I’m worried if they throw me into a processing forbearance it somehow won’t actually count. Alternatively do they do audits of income at the point of forgiveness and if the government opens back up and my husband has income again will there be a problem with my last two payments being lowered and stick me in some other kind of processing mess before forgiveness? 

What would everyone here do?

Thanks for reading and anyone willing to give me some advice!",0.0625,0.4073333333333333,neutral,looking advice husband government employee everyone husband file joint tax current reflect income switched save ibr plan went significantly recently husband make close income negatively impacted amount left save left got save planning dip saving last couple doesnt income essential worker he still working normal rule back pay already pushing expense total income though shutdown last next two month huge strain wondering redo ibr plan using paystubs income say husband currently income worried throw processing forbearance somehow wont actually count alternatively audit income point government open back husband income problem last two lowered stick kind processing mess everyone thanks reading willing give advice,1,0.9796978958635915
PSLF,1o10amh,Update missing payments are now listed in as eligible in NSLDS for a period certified twice already.,"I submitted a final ECF last week, that's still in review. NSLDS finally updated to include an additional 6 months (presumably the missing months) in the eligible column but certified now says 114 not 120, FSA still says 112.

So with the final ECF, I was able to certify (per NSLDS count) the most recent period since my last certification but it didn't certify the missing months. FSA hasn't updated yet but usually it matches NSLDS for me.",1759895469.0,/r/PSLF/comments/1o10amh/update_missing_payments_are_now_listed_in_as/,EddieDubbers,https://www.reddit.com/r/PSLF/comments/1o10amh/update_missing_payments_are_now_listed_in_as/,5,teacher,"Update missing payments are now listed in as eligible in NSLDS for a period certified twice already. I submitted a final ECF last week, that's still in review. NSLDS finally updated to include an additional 6 months (presumably the missing months) in the eligible column but certified now says 114 not 120, FSA still says 112.

So with the final ECF, I was able to certify (per NSLDS count) the most recent period since my last certification but it didn't certify the missing months. FSA hasn't updated yet but usually it matches NSLDS for me.",0.0124999999999999,0.4090277777777777,neutral,update missing listed eligible nslds period certified twice already submitted final ecf last week still review nslds finally updated include additional month presumably missing month eligible column certified say fsa still say final ecf able certify per nslds count recent period since last certification didnt certify missing month fsa hasnt updated yet usually match nslds,2,0.9489255601581684
PSLF,1o0vy69,Still No Refund :(,I have been waiting for an overpayment refund since last December. Any idea how to get Mohela to speed this up?,1759882809.0,/r/PSLF/comments/1o0vy69/still_no_refund/,Big-Caramel-5574,https://www.reddit.com/r/PSLF/comments/1o0vy69/still_no_refund/,3,teacher,Still No Refund :( I have been waiting for an overpayment refund since last December. Any idea how to get Mohela to speed this up?,-0.375,0.5333333333333333,negative,still refund waiting overpayment refund since last december idea mohela speed,2,0.837775592283866
PSLF,1o0v0vd,Aidvantage randomly showing missed payment amounts even though my autopay is same as always.,"I am making all of my monthly payments via autopay and for a long while there has been no issue. In September I get an email that says “Your account is at risk: Payment Not Received” I log in and noticed that my regular September autopay went through, my online banking account shows the amount withdrawn to Aidvantage, but the Aidvantage website shows a missing payment of $115.13. I check my inbox on Aidvantage and there is no mention of payment changing, of a need to report income for income contingent repayment plan I called them twice, and even they thought it was weird. They placed a review on my account and said I should hear back. But didn’t hear anything so I called and someone else told me that they don’t have a timeline for when the review will be completed but that it will remove the excess charge amount of $115.13. Well now, another month has gone by and guess what? I have another “missed payments” and am now in the hole $230.26 according to them. I called again and another review request was put in.

I am also 3 months/payments away from reaching 120 qualifying payments of PSLF. I don’t want missed payments prolonging that date for 120 qualifying payments. I’m really annoyed.

Does anyone have any advice? Anyone know anything I don’t know? Should I just bite them bullet and pay the extra amount? Any help would be appreciated!",1759880319.0,/r/PSLF/comments/1o0v0vd/aidvantage_randomly_showing_missed_payment/,This-Speed3999,https://www.reddit.com/r/PSLF/comments/1o0v0vd/aidvantage_randomly_showing_missed_payment/,1,teacher,"Aidvantage randomly showing missed payment amounts even though my autopay is same as always. I am making all of my monthly payments via autopay and for a long while there has been no issue. In September I get an email that says “Your account is at risk: Payment Not Received” I log in and noticed that my regular September autopay went through, my online banking account shows the amount withdrawn to Aidvantage, but the Aidvantage website shows a missing payment of $115.13. I check my inbox on Aidvantage and there is no mention of payment changing, of a need to report income for income contingent repayment plan I called them twice, and even they thought it was weird. They placed a review on my account and said I should hear back. But didn’t hear anything so I called and someone else told me that they don’t have a timeline for when the review will be completed but that it will remove the excess charge amount of $115.13. Well now, another month has gone by and guess what? I have another “missed payments” and am now in the hole $230.26 according to them. I called again and another review request was put in.

I am also 3 months/payments away from reaching 120 qualifying payments of PSLF. I don’t want missed payments prolonging that date for 120 qualifying payments. I’m really annoyed.

Does anyone have any advice? Anyone know anything I don’t know? Should I just bite them bullet and pay the extra amount? Any help would be appreciated!",-0.1363636363636363,0.3410839160839161,negative,aidvantage randomly showing missed amount even though autopay always making monthly via autopay long issue september email say account risk received log noticed regular september autopay went online banking account show amount withdrawn aidvantage aidvantage website show missing check inbox aidvantage mention changing report income income contingent repayment plan called twice even thought weird placed review account said hear back didnt hear anything called someone else told timeline review completed remove excess charge amount well another month gone guess another missed hole according called another review request put monthspayments away reaching qualifying want missed prolonging date qualifying really annoyed advice anything bite bullet pay extra amount appreciated,0,0.5926288605682899
PSLF,1o0ug5a,Explanation of Difference between FSA's EPs &amp; QPs and NSLDS' EPs &amp; QPs for (TE)PSLF Correct?,"PSLFers,

Hi All! Am I correct in that the reason for the discrepancy between FSA EPs &amp; QPs when compared to NSLDS EPs &amp; QPs originates from the fact that FSA's EP counts are solely pertaining to (TE)PSLF and NSLDS' EP count is the collective from all the forms of payment/forgivness programs/plans?

More granular, via NSLDS, I have 156 EPs &amp; 114 QPs, with EPs being that payment has applied to such months, but are not certified, by definition. These particular EP &amp; QP counts are listed under the PSLF header from the NSLDS' API info. Aside from the FSA's 10 month difference in EPs &amp; QPs counts (as is displayed with a letter at ECF approval or via the FSA API), I have otherwise all months from 10/01/2007 - Current certiied.. 

Now, when I ""run the numbers"" on all the months combined I made both bofore and after PSLF, it appears NSLDSs EPs do match all such payments that I have ever made (all include $0 payments for COVID era, etc).

Are my 2 conclusions of (1) the NSLDS' method of counting EPs &amp; QPs (as mentioned above) and (2) the discrepency when comparing them to FSA's EPs &amp; QPs method?  

If not, it is otherwise, a highly unusual coincidence, and if the assessment above is correct, I don't understand why NSLDS would list pre-PSLF periods of payments as part of PSLF header's EPs.

All the thanks.  




",1759878811.0,/r/PSLF/comments/1o0ug5a/explanation_of_difference_between_fsas_eps_qps/,ThorHammer94305,https://www.reddit.com/r/PSLF/comments/1o0ug5a/explanation_of_difference_between_fsas_eps_qps/,1,teacher,"Explanation of Difference between FSA's EPs &amp; QPs and NSLDS' EPs &amp; QPs for (TE)PSLF Correct? PSLFers,

Hi All! Am I correct in that the reason for the discrepancy between FSA EPs &amp; QPs when compared to NSLDS EPs &amp; QPs originates from the fact that FSA's EP counts are solely pertaining to (TE)PSLF and NSLDS' EP count is the collective from all the forms of payment/forgivness programs/plans?

More granular, via NSLDS, I have 156 EPs &amp; 114 QPs, with EPs being that payment has applied to such months, but are not certified, by definition. These particular EP &amp; QP counts are listed under the PSLF header from the NSLDS' API info. Aside from the FSA's 10 month difference in EPs &amp; QPs counts (as is displayed with a letter at ECF approval or via the FSA API), I have otherwise all months from 10/01/2007 - Current certiied.. 

Now, when I ""run the numbers"" on all the months combined I made both bofore and after PSLF, it appears NSLDSs EPs do match all such payments that I have ever made (all include $0 payments for COVID era, etc).

Are my 2 conclusions of (1) the NSLDS' method of counting EPs &amp; QPs (as mentioned above) and (2) the discrepency when comparing them to FSA's EPs &amp; QPs method?  

If not, it is otherwise, a highly unusual coincidence, and if the assessment above is correct, I don't understand why NSLDS would list pre-PSLF periods of payments as part of PSLF header's EPs.

All the thanks.  




",0.1185185185185185,0.4037037037037037,positive,explanation difference fsas eps amp qps nslds eps amp qps tepslf correct pslfers correct reason discrepancy fsa eps amp qps compared nslds eps amp qps originates fact fsas count solely pertaining tepslf nslds count collective form paymentforgivness programsplans granular via nslds eps amp qps eps applied month certified definition particular amp count listed header nslds api info aside fsas month difference eps amp qps count displayed letter ecf approval via fsa api otherwise month current certiied run number month combined made bofore appears nsldss eps match ever made include covid era etc conclusion nslds method counting eps amp qps mentioned discrepency comparing fsas eps amp qps method otherwise highly unusual coincidence assessment correct understand nslds list prepslf period part header eps thanks,1,0.9596421725372513
PSLF,1o0pmhk,PSLF buyback questions:,"# With the government shutdown are PSLF buyback request being processed? Also, when waiting for a PSLF buyback amount do you have to continue to work for your public service organization or any public service organization? Or can you find another job outside of public service, since you have reached 120 months?",1759867497.0,/r/PSLF/comments/1o0pmhk/pslf_buyback_questions/,HeadGovernment6345,https://www.reddit.com/r/PSLF/comments/1o0pmhk/pslf_buyback_questions/,0,teacher,"PSLF buyback questions: # With the government shutdown are PSLF buyback request being processed? Also, when waiting for a PSLF buyback amount do you have to continue to work for your public service organization or any public service organization? Or can you find another job outside of public service, since you have reached 120 months?",0.0,0.0625,neutral,buyback question government shutdown buyback request processed waiting buyback amount continue work organization organization find another job outside since reached month,1,0.917761571144135
PSLF,1o0plrx,To submit ECF now or next month?,"I'd love advice so that I don't mess anything up when I'm so close to the finish line. Here's my situation:

On FSA site: 

\- Shows 117 out of 120 qualifying payments (last one was on 05/2024, right between being put on SAVE forbearance). 

\- Payments Needing Employer Certification - shows 07/2025, 08/2025, 09/2025

\- They moved me from SAVE to IDR on 07/26/2025

\- On Mohela site - shows that they received my monthly payments on 08/24/2025 and 09/24/2025. Next auto payment is scheduled for 10/24/2025. 

Why hasn't the banner moved from 117 to 119 after my two monthly payments? 

Why does it show July 2025 as as needing employment certification, even though I didn't pay that month? Is that the month that I got for moving from SAVE to IBR?

So, should I submit my ECF now and hope that they will approve July, Aug, and Sept, even though I didn't make a July payment? Or do I wait until they receive my Oct payment, and on the form check the ""request a forbearance"" box so I don't get charged in Nov? This possibly means that I'm paying an extra month unnecessarily.   
Thanks to anyone who can help!",1759867452.0,/r/PSLF/comments/1o0plrx/to_submit_ecf_now_or_next_month/,DistrictDame9716,https://www.reddit.com/r/PSLF/comments/1o0plrx/to_submit_ecf_now_or_next_month/,2,teacher,"To submit ECF now or next month? I'd love advice so that I don't mess anything up when I'm so close to the finish line. Here's my situation:

On FSA site: 

\- Shows 117 out of 120 qualifying payments (last one was on 05/2024, right between being put on SAVE forbearance). 

\- Payments Needing Employer Certification - shows 07/2025, 08/2025, 09/2025

\- They moved me from SAVE to IDR on 07/26/2025

\- On Mohela site - shows that they received my monthly payments on 08/24/2025 and 09/24/2025. Next auto payment is scheduled for 10/24/2025. 

Why hasn't the banner moved from 117 to 119 after my two monthly payments? 

Why does it show July 2025 as as needing employment certification, even though I didn't pay that month? Is that the month that I got for moving from SAVE to IBR?

So, should I submit my ECF now and hope that they will approve July, Aug, and Sept, even though I didn't make a July payment? Or do I wait until they receive my Oct payment, and on the form check the ""request a forbearance"" box so I don't get charged in Nov? This possibly means that I'm paying an extra month unnecessarily.   
Thanks to anyone who can help!",0.0956349206349206,0.2974867724867725,neutral,submit ecf next month love advice mess anything close finish line here situation fsa site show qualifying last right put save forbearance needing employer certification show moved save idr mohela site show received monthly next auto scheduled hasnt banner moved two monthly show july needing employment certification even though didnt pay month month got moving save ibr submit ecf hope approve july aug sept even though didnt make july wait receive oct form check request forbearance box charged nov possibly mean paying extra month unnecessarily thanks,1,0.9708211793835336
PSLF,1o0p226,Student loans - IBR vs PAYE ??,"Hello everyone,  
I’m about to begin my first full-time position after graduate school and plan to pursue PSLF. I’m trying to determine which repayment plan would be the most beneficial. I’ve heard a lot about the new RAP changes, but to be completely honest, I don’t know much about how it actually works.

For context, I have a little over $200k in federal loans (Direct Unsubsidized and Grad PLUS). Any guidance or insight into which repayment plan would be best to start with would be greatly appreciated.",1759866246.0,/r/PSLF/comments/1o0p226/student_loans_ibr_vs_paye/,AdLegitimate7469,https://www.reddit.com/r/PSLF/comments/1o0p226/student_loans_ibr_vs_paye/,2,teacher,"Student loans - IBR vs PAYE ?? Hello everyone,  
I’m about to begin my first full-time position after graduate school and plan to pursue PSLF. I’m trying to determine which repayment plan would be the most beneficial. I’ve heard a lot about the new RAP changes, but to be completely honest, I don’t know much about how it actually works.

For context, I have a little over $200k in federal loans (Direct Unsubsidized and Grad PLUS). Any guidance or insight into which repayment plan would be best to start with would be greatly appreciated.",0.2798863636363636,0.3787878787878788,positive,ibr paye hello everyone begin first fulltime position graduate school plan pursue trying determine repayment plan beneficial heard lot new rap change completely honest much actually work context little federal direct unsubsidized grad plus guidance insight repayment plan best start greatly appreciated,1,0.9487322422642456
PSLF,1o0oxjf,3 Months Left of PSLF - Buyback last year's 2 months forbearance?,"I have 3 months left into PSLF. My payment history and NSLDS are matching. Phew! Can I buyback the 2 months of last year when we were all in forbearance due to the injunction? I am sure I won't get a response from student aid within that time period anyway, but hey, is it worth the try? Thanks!

",1759865968.0,/r/PSLF/comments/1o0oxjf/3_months_left_of_pslf_buyback_last_years_2_months/,Practical-Series-491,https://www.reddit.com/r/PSLF/comments/1o0oxjf/3_months_left_of_pslf_buyback_last_years_2_months/,1,teacher,"3 Months Left of PSLF - Buyback last year's 2 months forbearance? I have 3 months left into PSLF. My payment history and NSLDS are matching. Phew! Can I buyback the 2 months of last year when we were all in forbearance due to the injunction? I am sure I won't get a response from student aid within that time period anyway, but hey, is it worth the try? Thanks!

",0.115625,0.2121527777777777,positive,month left buyback last year month forbearance month left history nslds matching phew buyback month last forbearance due injunction sure wont response aid within period anyway hey worth try thanks,1,0.9524602770874168
studentloans,1o1leor,I need money for college!!,"Hello! I’m currently in the medical sonography program. I pulled student loans out because I can’t afford college lol, but I have to pay them back. I make at most $400 a month and unfortunately it goes to gas, car payments, insurance, etc. So I haven’t been able to pay them back. It’s time for my financial aid appointment and I need another loan to pay for the rest of my time in college. What do I do??",1759953645.0,/r/StudentLoans/comments/1o1leor/i_need_money_for_college/,Frequent-War-194,https://www.reddit.com/r/StudentLoans/comments/1o1leor/i_need_money_for_college/,1,teacher,"I need money for college!! Hello! I’m currently in the medical sonography program. I pulled student loans out because I can’t afford college lol, but I have to pay them back. I make at most $400 a month and unfortunately it goes to gas, car payments, insurance, etc. So I haven’t been able to pay them back. It’s time for my financial aid appointment and I need another loan to pay for the rest of my time in college. What do I do??",0.1444444444444444,0.3583333333333333,positive,money college hello currently medical sonography program pulled cant afford college lol pay back make month unfortunately go gas car insurance etc havent able pay back financial aid appointment another pay rest college,4,0.9414240896156074
studentloans,1o1ldo1,Should I switch from Graduated Repayment to IDR/SAVE?,"I’m trying to figure out if I should switch from the Graduated Repayment Plan to something else. My goal is to keep my monthly payments manageable, but also pay off my loans soon. I've already been paying the monthly minimum for 15 years and the outstanding balances are mostly higher than the original balances. I have fully paid off 1 loan. 

Plan Details: 

Current Plan: Graduated Repayment  
Total Balance: $19,909  
Monthly Payment: Was $288, recently increased to $548

Loans:

**Loan 1 – Direct Subsidized**

* Interest Rate: **6.0%**
* Balance: **$5,096** | Original Amount: **$5,500**

**Loan 2 – Direct Subsidized**

* Interest Rate: **5.6%**
* Balance: **$4,886** | Original Amount: **$5,500**

**Loan 3 – Direct Unsubsidized**

* Interest Rate: **6.8%**
* Balance: **$5,661** | Original Amount: **$5,000**

**Loan 4 – Direct Unsubsidized**

* Interest Rate: **6.8%**
* Balance: **$1,438** | Original Amount: **$2,000**

**Loan 5 – Direct Unsubsidized**

* Interest Rate: **6.8%**
* Balance: **$2,826** | Original Amount: **$2,594**

All loans started repayment in 2010 and have 37 payments remaining.

Would a different plan, like the IDR plan, make sense given my balance, time left and interest rates? Or should I stick with the Graduated plan and power through the higher payments? As I understand it, the Graduated plan does not offer forgiveness after any amount of time. I did speak to a representative from my loan servicer who ran the numbers and said the IDR plan would offer lower monthly payments. 

Thanks! ",1759953587.0,/r/StudentLoans/comments/1o1ldo1/should_i_switch_from_graduated_repayment_to/,disc0superfly,https://www.reddit.com/r/StudentLoans/comments/1o1ldo1/should_i_switch_from_graduated_repayment_to/,1,teacher,"Should I switch from Graduated Repayment to IDR/SAVE? I’m trying to figure out if I should switch from the Graduated Repayment Plan to something else. My goal is to keep my monthly payments manageable, but also pay off my loans soon. I've already been paying the monthly minimum for 15 years and the outstanding balances are mostly higher than the original balances. I have fully paid off 1 loan. 

Plan Details: 

Current Plan: Graduated Repayment  
Total Balance: $19,909  
Monthly Payment: Was $288, recently increased to $548

Loans:

**Loan 1 – Direct Subsidized**

* Interest Rate: **6.0%**
* Balance: **$5,096** | Original Amount: **$5,500**

**Loan 2 – Direct Subsidized**

* Interest Rate: **5.6%**
* Balance: **$4,886** | Original Amount: **$5,500**

**Loan 3 – Direct Unsubsidized**

* Interest Rate: **6.8%**
* Balance: **$5,661** | Original Amount: **$5,000**

**Loan 4 – Direct Unsubsidized**

* Interest Rate: **6.8%**
* Balance: **$1,438** | Original Amount: **$2,000**

**Loan 5 – Direct Unsubsidized**

* Interest Rate: **6.8%**
* Balance: **$2,826** | Original Amount: **$2,594**

All loans started repayment in 2010 and have 37 payments remaining.

Would a different plan, like the IDR plan, make sense given my balance, time left and interest rates? Or should I stick with the Graduated plan and power through the higher payments? As I understand it, the Graduated plan does not offer forgiveness after any amount of time. I did speak to a representative from my loan servicer who ran the numbers and said the IDR plan would offer lower monthly payments. 

Thanks! ",0.2,0.5287499999999999,positive,switch graduated repayment idrsave trying figure switch graduated repayment plan something else goal keep monthly manageable pay soon already paying monthly minimum year outstanding balance mostly higher original balance fully paid plan detail current plan graduated repayment total balance monthly recently increased direct subsidized interest rate balance original amount direct subsidized interest rate balance original amount direct unsubsidized interest rate balance original amount direct unsubsidized interest rate balance original amount direct unsubsidized interest rate balance original amount started repayment remaining different plan like idr plan make sense given balance left interest rate stick graduated plan power higher understand graduated plan offer amount speak representative servicer ran number said idr plan offer lower monthly thanks,1,0.9827436198414619
studentloans,1o1lcoj,Should I consolidate? $90k. I don’t qualify for PSLF,"Hi all. I have just over  $90k in student loan debt. I work for a private company so I don’t qualify for PSLF. What are your thoughts on loan consolidation? If you think I should, any suggestions for companies to go through? 

Loan rates: $21,177 @ 6.54%; $12, 447 @ 7.54%; $21,048 @ 5.28%; 10,309 @ 6.28%; $5,540 @ 2.75%; $2028 @ 2.75%; $5564 @ 4.53%; $2074 @ 4.53%; $4558 @ 5.05%; $2185 @ 5.05%; $3540 @ 4.45%;",1759953525.0,/r/StudentLoans/comments/1o1lcoj/should_i_consolidate_90k_i_dont_qualify_for_pslf/,sandalwoodoud,https://www.reddit.com/r/StudentLoans/comments/1o1lcoj/should_i_consolidate_90k_i_dont_qualify_for_pslf/,1,teacher,"Should I consolidate? $90k. I don’t qualify for PSLF Hi all. I have just over  $90k in student loan debt. I work for a private company so I don’t qualify for PSLF. What are your thoughts on loan consolidation? If you think I should, any suggestions for companies to go through? 

Loan rates: $21,177 @ 6.54%; $12, 447 @ 7.54%; $21,048 @ 5.28%; 10,309 @ 6.28%; $5,540 @ 2.75%; $2028 @ 2.75%; $5564 @ 4.53%; $2074 @ 4.53%; $4558 @ 5.05%; $2185 @ 5.05%; $3540 @ 4.45%;",0.0,0.375,neutral,consolidate qualify work private company qualify thought consolidation think suggestion company rate,0,0.5273844408103845
studentloans,1o1kvmi,borrower defense refund,"Hello,

So my husbands college (now closed) got sued because they advertised job placement and that never happened and his original loan was just under 18k and it was at 9k left so he paid at minimum 9k + interest (I didn’t the math he’s paid well over what he paid in it was the interest that was as making it take so long to pass off we could only afford minimum payments). But he got a refund check for a couple dollars over $1,000 so I’m not really sure what the $1,000 is for is it a class action settlement check where you get less and everyone basically splits it? Or is he going to end up with more checks? Won’t lie the 1k is going to help a lot this year I’m just trying to make sure they didn’t make a mistake where we have to struggle and pay it back. I’m just not sure how they come to the conclusion of $1k back I seen many got what they paid in back. Some people seem to get nothing back but at the very least that 9k balance off our backs is pretty nice as well. 
",1759952454.0,/r/StudentLoans/comments/1o1kvmi/borrower_defense_refund/,laketrex,https://www.reddit.com/r/StudentLoans/comments/1o1kvmi/borrower_defense_refund/,1,teacher,"borrower defense refund Hello,

So my husbands college (now closed) got sued because they advertised job placement and that never happened and his original loan was just under 18k and it was at 9k left so he paid at minimum 9k + interest (I didn’t the math he’s paid well over what he paid in it was the interest that was as making it take so long to pass off we could only afford minimum payments). But he got a refund check for a couple dollars over $1,000 so I’m not really sure what the $1,000 is for is it a class action settlement check where you get less and everyone basically splits it? Or is he going to end up with more checks? Won’t lie the 1k is going to help a lot this year I’m just trying to make sure they didn’t make a mistake where we have to struggle and pay it back. I’m just not sure how they come to the conclusion of $1k back I seen many got what they paid in back. Some people seem to get nothing back but at the very least that 9k balance off our backs is pretty nice as well. 
",0.0851754385964912,0.4528070175438596,neutral,borrower defense refund hello husband college closed got sued advertised job placement never happened original left paid minimum interest didnt math he paid well paid interest making take long pas afford minimum got refund check couple dollar really sure class action settlement check less everyone basically split end check wont lie lot trying make sure didnt make mistake struggle pay back sure come conclusion back seen many got paid back people seem nothing back least balance back pretty nice well,0,0.8920631520603991
studentloans,1o1jo02,"I enrolled in a university based on misleading info, and now they want me to pay full tuition — what would you do?“","Hi, I need some advice because I’m completely lost.

I enrolled in university for languages a few days ago because they explained it would be studying English and Spanish to the same level and that’s why I decided to join.

Now it turns out the program isn’t what they described and that I will be studying English to C1 level and Spanish up to the lowest level and I will be having just 4 classes per year. I’ve barely started — only 4 days have passed, just introductory sessions and meeting the professors, and the actual classes haven’t started yet.

I have to pay full tuition if I want leave, but this feels unfair, since I haven’t actually used any of their services.

My parents cannot afford to pay this amount, and I don’t want to stay in a program I don’t like.

Has anyone experienced something similar with tuition payments or being pressured to pay for a program you didn’t actually attend? Any ideas on how to handle this or how to talk to the university?",1759950102.0,/r/StudentLoans/comments/1o1jo02/i_enrolled_in_a_university_based_on_misleading/,Lumpy_Anxiety134,https://www.reddit.com/r/StudentLoans/comments/1o1jo02/i_enrolled_in_a_university_based_on_misleading/,2,teacher,"I enrolled in a university based on misleading info, and now they want me to pay full tuition — what would you do?“ Hi, I need some advice because I’m completely lost.

I enrolled in university for languages a few days ago because they explained it would be studying English and Spanish to the same level and that’s why I decided to join.

Now it turns out the program isn’t what they described and that I will be studying English to C1 level and Spanish up to the lowest level and I will be having just 4 classes per year. I’ve barely started — only 4 days have passed, just introductory sessions and meeting the professors, and the actual classes haven’t started yet.

I have to pay full tuition if I want leave, but this feels unfair, since I haven’t actually used any of their services.

My parents cannot afford to pay this amount, and I don’t want to stay in a program I don’t like.

Has anyone experienced something similar with tuition payments or being pressured to pay for a program you didn’t actually attend? Any ideas on how to handle this or how to talk to the university?",0.0558823529411764,0.3191176470588235,neutral,enrolled university based misleading info want pay full tuition advice completely lost enrolled university language day ago explained studying english spanish level decided join turn program isnt described studying english level spanish lowest level class per barely started day passed introductory session meeting professor actual class havent started yet pay full tuition want leave feel unfair since havent actually used service parent afford pay amount want stay program like experienced something similar tuition pressured pay program didnt actually attend idea handle talk university,4,0.5742787081414206
studentloans,1o1jdgt,What should I do?,"Hello!

I’m a recent graduate with $150,000 in student loan debt. I truly loved my time in college the people I met and the experiences I had were incredible—but now I’m facing the financial cost of it all.

Looking back, I don’t think my family or I, fully understood what college would actually cost or how to approach it in the smartest way. I’m the oldest in my extended family and the first to attend college, and my parents didn’t have a traditional college experience, so I was the first one navigating this process. We were all learning as we went.

Right now, I’m earning $45,769 a year ($22/hour), which is in line with what many of my friends are making. The big difference is that many of them live on their own because they either have little to no student debt or pay much less than I do each month. I know every situation is different, but I currently pay $1,700/month toward my loans, which makes it nearly impossible for me to afford moving out of my parents' home let alone start building the life and career I envisioned.

I’m feeling really stuck. I want to move to the city where I can pursue my dream career, but the financial strain makes that feel out of reach. I’ve been wondering: Should I consider refinancing my loans? I’m not sure if it would help or hurt in the long run, and I don’t want to make another decision I’ll regret.
This whole experience has been incredibly stressful. I often feel ashamed or even foolish for not fully understanding the weight of student loans when I first signed on, but I know I’m not alone in this, and I’m trying to move forward as best I can. Any advice would be much appreciated! 

Thank you all!",1759949477.0,/r/StudentLoans/comments/1o1jdgt/what_should_i_do/,ThanosDidMath,https://www.reddit.com/r/StudentLoans/comments/1o1jdgt/what_should_i_do/,3,teacher,"What should I do? Hello!

I’m a recent graduate with $150,000 in student loan debt. I truly loved my time in college the people I met and the experiences I had were incredible—but now I’m facing the financial cost of it all.

Looking back, I don’t think my family or I, fully understood what college would actually cost or how to approach it in the smartest way. I’m the oldest in my extended family and the first to attend college, and my parents didn’t have a traditional college experience, so I was the first one navigating this process. We were all learning as we went.

Right now, I’m earning $45,769 a year ($22/hour), which is in line with what many of my friends are making. The big difference is that many of them live on their own because they either have little to no student debt or pay much less than I do each month. I know every situation is different, but I currently pay $1,700/month toward my loans, which makes it nearly impossible for me to afford moving out of my parents' home let alone start building the life and career I envisioned.

I’m feeling really stuck. I want to move to the city where I can pursue my dream career, but the financial strain makes that feel out of reach. I’ve been wondering: Should I consider refinancing my loans? I’m not sure if it would help or hurt in the long run, and I don’t want to make another decision I’ll regret.
This whole experience has been incredibly stressful. I often feel ashamed or even foolish for not fully understanding the weight of student loans when I first signed on, but I know I’m not alone in this, and I’m trying to move forward as best I can. Any advice would be much appreciated! 

Thank you all!",0.1701337353123067,0.4211167800453515,positive,hello recent graduate truly loved college people met experience incrediblebut facing financial cost looking back think family fully understood college actually cost approach smartest way oldest extended family first attend college parent didnt traditional college experience first navigating process learning went right earning hour line many friend making big difference many live either little pay much less month every situation different currently pay month toward make nearly impossible afford moving parent home let alone start building life career envisioned feeling really stuck want move city pursue dream career financial strain make feel reach wondering consider refinancing sure hurt long run want make another decision ill regret whole experience incredibly stressful often feel ashamed even foolish fully understanding weight first signed alone trying move forward best advice much appreciated thank,4,0.97993913274072
studentloans,1o1j6ny,Student Loan Repayment Plan,"I have ran the calculator on the FAFSA website multiple times (all of my loans are federal and through Edfinancial). I owe around 77k and will likely be around 80k by the time I start payments. I graduated last month and am now working.

Currently, I am not maxing out my retirement as I just started working. I am contributing around 300 dollars a month. With this put into the calculator, it is not worth it at all to try for PSFL. It would only lower my payment by around $70 (from 923 dollars to around 850) or so, and I would only be forgiven a few grand. Does not seem worth it to keep track of everything.

  
However, if I get closer or to max of retirement contributions, it makes a big difference. It could make my payments be around 600/month instead and have a forgiven amount of almost 30k. In the long run, paying almost 20k or so less than the standard repayment plan over the 10 years.



Basically, is it worth it to try to max out my retirement instead (or close to it) to get these benefits? I am sure would be helpful and better than that money going to student loan payments, but how much effort is it to keep track of all of this?

  
I have tried to figure all of this out on my own but its alot. 

",1759949058.0,/r/StudentLoans/comments/1o1j6ny/student_loan_repayment_plan/,Kentucky2022,https://www.reddit.com/r/StudentLoans/comments/1o1j6ny/student_loan_repayment_plan/,1,teacher,"Student Loan Repayment Plan I have ran the calculator on the FAFSA website multiple times (all of my loans are federal and through Edfinancial). I owe around 77k and will likely be around 80k by the time I start payments. I graduated last month and am now working.

Currently, I am not maxing out my retirement as I just started working. I am contributing around 300 dollars a month. With this put into the calculator, it is not worth it at all to try for PSFL. It would only lower my payment by around $70 (from 923 dollars to around 850) or so, and I would only be forgiven a few grand. Does not seem worth it to keep track of everything.

  
However, if I get closer or to max of retirement contributions, it makes a big difference. It could make my payments be around 600/month instead and have a forgiven amount of almost 30k. In the long run, paying almost 20k or so less than the standard repayment plan over the 10 years.



Basically, is it worth it to try to max out my retirement instead (or close to it) to get these benefits? I am sure would be helpful and better than that money going to student loan payments, but how much effort is it to keep track of all of this?

  
I have tried to figure all of this out on my own but its alot. 

",0.1228070175438596,0.4222222222222222,positive,repayment plan ran calculator fafsa website multiple time federal edfinancial owe around likely around start graduated last month working currently maxing retirement started working contributing around dollar month put calculator worth try psfl lower around dollar around forgiven grand seem worth keep track everything however closer max retirement contribution make big difference make around month instead forgiven amount almost long run paying almost less standard repayment plan year basically worth try max retirement instead close benefit sure helpful better money much effort keep track tried figure alot,1,0.97537280939977
studentloans,1o1i42i,Student Loan Advice,"Hi everyone, 

I am seeking advice on my financial predicament. I am a recent dental grad making about 300k before taxes. I have about 722k in dental school + post graduate loans. All loans are federal, ranging in interest from 4-8%. My highest two loans are 100K each at 8% interest. I have been in SAVE forbearance since February 2025 and am not sure if I should wait out the litigation or apply for a new plan. Standard repayment would likely mean around 8k in payments vs IDR which is estimated at 4k or so. It's not great either way. So my questions are: 1) Do I make a move now or ride out the forebearance? (my interest goes up by 2500 a month). 2) Do aggressive payments make sense over the next 10 years or should my goal be forgiveness? Thank you!",1759946961.0,/r/StudentLoans/comments/1o1i42i/student_loan_advice/,Educational_Room8239,https://www.reddit.com/r/StudentLoans/comments/1o1i42i/student_loan_advice/,1,teacher,"Student Loan Advice Hi everyone, 

I am seeking advice on my financial predicament. I am a recent dental grad making about 300k before taxes. I have about 722k in dental school + post graduate loans. All loans are federal, ranging in interest from 4-8%. My highest two loans are 100K each at 8% interest. I have been in SAVE forbearance since February 2025 and am not sure if I should wait out the litigation or apply for a new plan. Standard repayment would likely mean around 8k in payments vs IDR which is estimated at 4k or so. It's not great either way. So my questions are: 1) Do I make a move now or ride out the forebearance? (my interest goes up by 2500 a month). 2) Do aggressive payments make sense over the next 10 years or should my goal be forgiveness? Thank you!",-0.0917929292929293,0.447881593714927,neutral,advice everyone seeking advice financial predicament recent dental grad making tax dental school graduate federal ranging interest highest two interest save forbearance since february sure wait litigation apply new plan standard repayment likely mean around idr estimated great either way question make move ride forebearance interest go month aggressive make sense next year goal thank,1,0.9629756848157847
studentloans,1o1i11f,In school deferment issue with Firstmark,"Hi everyone, 
I started undergrad in 2021 and got private loans through Discover for my freshman, sophomore, and beginning of my junior year. In my Junior year, Discover stopped doing student loans and moved me over to Firstmark. I was never given copies of my original loan agreements which I know I should have printed out when I first signed them but I didn’t think of it at the time. I am now in grad school and am having issues trying to put my loans back into in school deferment from grace status. Firstmark does not have my loan agreements anywhere on my account and my Discover account was deleted after they stopped doing student loans so I can’t see if I’m allowed in school deferment for grad school. I emailed them so I could have a paper trail of what they told me and I was told all I had to do was submit an enrollment verification form from my school. I got the form and it states I started grad school in September and am in fact still enrolled full time as a student. I received a notice today that my loans were again put into Grace status until November which is what they already were. I’m going to call but I’m wondering if anyone else has ever had this issue or has any advice on what I can do? Also on my front page of my account, my loan status changed from grace to “multiple” which I don’t understand?",1759946775.0,/r/StudentLoans/comments/1o1i11f/in_school_deferment_issue_with_firstmark/,BreathSalt279,https://www.reddit.com/r/StudentLoans/comments/1o1i11f/in_school_deferment_issue_with_firstmark/,1,teacher,"In school deferment issue with Firstmark Hi everyone, 
I started undergrad in 2021 and got private loans through Discover for my freshman, sophomore, and beginning of my junior year. In my Junior year, Discover stopped doing student loans and moved me over to Firstmark. I was never given copies of my original loan agreements which I know I should have printed out when I first signed them but I didn’t think of it at the time. I am now in grad school and am having issues trying to put my loans back into in school deferment from grace status. Firstmark does not have my loan agreements anywhere on my account and my Discover account was deleted after they stopped doing student loans so I can’t see if I’m allowed in school deferment for grad school. I emailed them so I could have a paper trail of what they told me and I was told all I had to do was submit an enrollment verification form from my school. I got the form and it states I started grad school in September and am in fact still enrolled full time as a student. I received a notice today that my loans were again put into Grace status until November which is what they already were. I’m going to call but I’m wondering if anyone else has ever had this issue or has any advice on what I can do? Also on my front page of my account, my loan status changed from grace to “multiple” which I don’t understand?",0.1625,0.3347222222222222,positive,school deferment issue firstmark everyone started undergrad got private discover freshman sophomore beginning junior junior discover stopped moved firstmark never given copy original agreement printed first signed didnt think grad school issue trying put back school deferment grace status firstmark agreement anywhere account discover account deleted stopped cant see allowed school deferment grad school emailed paper trail told told submit enrollment verification form school got form state started grad school september fact still enrolled full received notice today put grace status november already call wondering else ever issue advice front page account status changed grace multiple understand,0,0.9718791883301228
studentloans,1o1hi75,Should I stay in SAVE plan and pay it off as fast as possible? Or switch to standard? Owe 63k making $1850 payments each month,"Hello all, need help deciding the pros and cons of staying in SAVE or switching to standard. I owe about 63k split across 10 loans. 2 of the highest interest are also the highest balance (both 15k at 6.6%). I make about 125k annually before taxes and I have allocated $1850/month towards my student loans. 

Right now, my plan is to stay in SAVE plan, and since payments are technically ""required"" at the moment, I can put the entire $1850 towards the high interest/high balance loans. If I were to switch to standard plan, my payments would then be required and hence would need to make minimal payments at the very least on all 10 loans.

Any more pros and cons I should consider?",1759945661.0,/r/StudentLoans/comments/1o1hi75/should_i_stay_in_save_plan_and_pay_it_off_as_fast/,86hawks,https://www.reddit.com/r/StudentLoans/comments/1o1hi75/should_i_stay_in_save_plan_and_pay_it_off_as_fast/,2,teacher,"Should I stay in SAVE plan and pay it off as fast as possible? Or switch to standard? Owe 63k making $1850 payments each month Hello all, need help deciding the pros and cons of staying in SAVE or switching to standard. I owe about 63k split across 10 loans. 2 of the highest interest are also the highest balance (both 15k at 6.6%). I make about 125k annually before taxes and I have allocated $1850/month towards my student loans. 

Right now, my plan is to stay in SAVE plan, and since payments are technically ""required"" at the moment, I can put the entire $1850 towards the high interest/high balance loans. If I were to switch to standard plan, my payments would then be required and hence would need to make minimal payments at the very least on all 10 loans.

Any more pros and cons I should consider?",0.0546428571428571,0.4183928571428572,neutral,stay save plan pay fast possible switch standard owe making month hello deciding pro con staying save switching standard owe split across highest interest highest balance make annually tax allocated month towards right plan stay save plan since technically required moment put entire towards high interesthigh balance switch standard plan required hence make minimal least pro con consider,1,0.9632266454238464
studentloans,1o1hfqn,Struggling teacher here... payments too high even on IDR.,"Just got out of school, my payments will start up again next month. The calculator is showing a minimum of $250 on an IDR plan. I have around 60k in fed direct loans. My income isn't high (naturally, as a teacher) and I have no other debt besides my car (which is also a really low amount). I'm not married if that matters. I also keep hearing that I will owe a ton of money to the IRS if I'm on IDR. I don't know what to do and I am so confused as to how I have friends paying like $50 a month with a similar income+loan balance. What am I missing here?

**Edit: Here's numbers, because I'm tired of disrespectful assumptions.**

Paycheck (monthly): 2400 (after insurance, tax, mandatory teacher retirement program $400+)

Car: $380

Rent: $900 (cheap for my area - need to move 40+ minutes away to lower cost)

Car insurance: $320 (high due to ""at fault"" accident that was actually caused by medical event - have shopped around, no cheaper options)

Subscriptions: $24

Groceries: $200

Home (misc necessary things, toilet paper, fem. products etc)

Pet: $60

Misc spending so I can do ***something*** fun every now and then: $50

Gas: $120 (depending on price)

Savings (building emergency fund): $160

Phone/Internet: $100

Roadside: $40

Medication &amp; routine treatment for medical condition: $40",1759945514.0,/r/StudentLoans/comments/1o1hfqn/struggling_teacher_here_payments_too_high_even_on/,Sea-Efficiency-2899,https://www.reddit.com/r/StudentLoans/comments/1o1hfqn/struggling_teacher_here_payments_too_high_even_on/,18,teacher,"Struggling teacher here... payments too high even on IDR. Just got out of school, my payments will start up again next month. The calculator is showing a minimum of $250 on an IDR plan. I have around 60k in fed direct loans. My income isn't high (naturally, as a teacher) and I have no other debt besides my car (which is also a really low amount). I'm not married if that matters. I also keep hearing that I will owe a ton of money to the IRS if I'm on IDR. I don't know what to do and I am so confused as to how I have friends paying like $50 a month with a similar income+loan balance. What am I missing here?

**Edit: Here's numbers, because I'm tired of disrespectful assumptions.**

Paycheck (monthly): 2400 (after insurance, tax, mandatory teacher retirement program $400+)

Car: $380

Rent: $900 (cheap for my area - need to move 40+ minutes away to lower cost)

Car insurance: $320 (high due to ""at fault"" accident that was actually caused by medical event - have shopped around, no cheaper options)

Subscriptions: $24

Groceries: $200

Home (misc necessary things, toilet paper, fem. products etc)

Pet: $60

Misc spending so I can do ***something*** fun every now and then: $50

Gas: $120 (depending on price)

Savings (building emergency fund): $160

Phone/Internet: $100

Roadside: $40

Medication &amp; routine treatment for medical condition: $40",0.007579365079365,0.3604761904761904,neutral,struggling high even idr got school start next month calculator showing minimum idr plan around fed direct income isnt high naturally besides car really low amount married matter keep hearing owe ton money irs idr confused friend paying like month similar incomeloan balance missing edit here number tired disrespectful assumption paycheck monthly insurance tax mandatory retirement program car rent cheap area move minute away lower cost car insurance high due fault accident actually caused medical event shopped around cheaper option subscription grocery home misc necessary thing toilet paper fem product etc pet misc spending something fun every gas depending price saving building emergency fund phoneinternet roadside medication amp routine treatment medical condition,1,0.8105566085825467
studentloans,1o1h8et,So how are we repaying student loans?,"I’m a sophomore in college I’ve taken out maybe 6,000 in loans so far not including the loans my parents took out of course, I have a job(it doesn’t pay well) I’m trying to get another one (i technically already got it they I was supposed to start training but they haven’t emailed me back yet) so that I have two and I take 17 credits I’m really trying hard to also keep my grades up( currently on the deans list) to keep the scholarships I do have but I’m struggling and idk what the future of loan repayment plans is going to look like or how things regarding interest idk I’m scared and idk what more I can do, I’m really just looking for advice or tips anything please I really don’t want to have to drop out of college I love it I like learning and if I did I’d disappoint my family since I’m the first to go to college.",1759945071.0,/r/StudentLoans/comments/1o1h8et/so_how_are_we_repaying_student_loans/,itsmeclarketart,https://www.reddit.com/r/StudentLoans/comments/1o1h8et/so_how_are_we_repaying_student_loans/,2,teacher,"So how are we repaying student loans? I’m a sophomore in college I’ve taken out maybe 6,000 in loans so far not including the loans my parents took out of course, I have a job(it doesn’t pay well) I’m trying to get another one (i technically already got it they I was supposed to start training but they haven’t emailed me back yet) so that I have two and I take 17 credits I’m really trying hard to also keep my grades up( currently on the deans list) to keep the scholarships I do have but I’m struggling and idk what the future of loan repayment plans is going to look like or how things regarding interest idk I’m scared and idk what more I can do, I’m really just looking for advice or tips anything please I really don’t want to have to drop out of college I love it I like learning and if I did I’d disappoint my family since I’m the first to go to college.",0.1381944444444444,0.35,positive,repaying sophomore college taken maybe far including parent took course jobit doesnt pay well trying another technically already got supposed start training havent emailed back yet two take credit really trying hard keep grade currently dean list keep scholarship struggling idk future repayment plan look like thing regarding interest idk scared idk really looking advice tip anything please really want drop college love like learning disappoint family since first college,4,0.5194302122256342
studentloans,1o1ffpj,Is there any reason why they changed my estimated payoff date again?,"I have 9 IBR payments left. [Studentaid.gov](http://Studentaid.gov) has my estimate payoff date as November 14, 2030. That's what EdFinancial had too, until today, when I noticed they changed it to October 2036. Is there any reason why they keep moving it out?",1759941127.0,/r/StudentLoans/comments/1o1ffpj/is_there_any_reason_why_they_changed_my_estimated/,Freddiepuppy,https://www.reddit.com/r/StudentLoans/comments/1o1ffpj/is_there_any_reason_why_they_changed_my_estimated/,2,teacher,"Is there any reason why they changed my estimated payoff date again? I have 9 IBR payments left. [Studentaid.gov](http://Studentaid.gov) has my estimate payoff date as November 14, 2030. That's what EdFinancial had too, until today, when I noticed they changed it to October 2036. Is there any reason why they keep moving it out?",0.0,0.0,neutral,reason changed estimated payoff date ibr left studentaidgov estimate payoff date november edfinancial today noticed changed october reason keep moving,3,0.796706678835348
studentloans,1o1exop,Mohela Forbearance Limbo,I’m 17 out of 120 payments into pslf before the forbearance chaos happened. I haven’t spoken to Mohela because Everytime I call it’s like 8 hours to speak to someone. What are you pslf folks doing? I know interest is compounding but does it make sense to take my loans out of forbearance and start paying? I’m so lost on what to do. ,1759940014.0,/r/StudentLoans/comments/1o1exop/mohela_forbearance_limbo/,Certain_Map3025,https://www.reddit.com/r/StudentLoans/comments/1o1exop/mohela_forbearance_limbo/,1,teacher,Mohela Forbearance Limbo I’m 17 out of 120 payments into pslf before the forbearance chaos happened. I haven’t spoken to Mohela because Everytime I call it’s like 8 hours to speak to someone. What are you pslf folks doing? I know interest is compounding but does it make sense to take my loans out of forbearance and start paying? I’m so lost on what to do. ,0.0,0.0,neutral,mohela forbearance limbo forbearance chaos happened havent spoken mohela everytime call like hour speak someone folk interest compounding make sense take forbearance start paying lost,1,0.9184111828147079
studentloans,1o1ei5z,"Need help! Single mom, in forbearance","I am unsure of what to do and looking for some advice. I finally wised up and realized that interest is growing on my loans through Nelnet. I owed 9k and now it’s already growing back up again. 

Do I leave my loans in forbearance and pay the interest? Or do I apply for an income plan? OR, defer? 

I am a single mom going through a divorce right now and money is tight but I don’t want to screw myself for the future. Most of the loans are subsidized, all but one. I appreciate any advice ❤️",1759939088.0,/r/StudentLoans/comments/1o1ei5z/need_help_single_mom_in_forbearance/,Separate-Kiwi-5932,https://www.reddit.com/r/StudentLoans/comments/1o1ei5z/need_help_single_mom_in_forbearance/,1,teacher,"Need help! Single mom, in forbearance I am unsure of what to do and looking for some advice. I finally wised up and realized that interest is growing on my loans through Nelnet. I owed 9k and now it’s already growing back up again. 

Do I leave my loans in forbearance and pay the interest? Or do I apply for an income plan? OR, defer? 

I am a single mom going through a divorce right now and money is tight but I don’t want to screw myself for the future. Most of the loans are subsidized, all but one. I appreciate any advice ❤️",0.0580357142857142,0.3593749999999999,neutral,single mom forbearance unsure looking advice finally wised realized interest growing nelnet owed already growing back leave forbearance pay interest apply income plan defer single mom divorce right money tight want screw future subsidized appreciate advice,1,0.9418914885921426
