post_id,primary_topic,profession,pslf_sentiment,pslf_stance,raw_response,source
ogybte,servicer_issues,general_pslf,neutral,pursuing,,PSLF
oh3w5l,general_question,general_pslf,neutral,pursuing,,PSLF
oh8ia6,servicer_issues,general_pslf,negative,pursuing,,PSLF
opreej,success_story,general_pslf,very_positive,completed,,PSLF
oyfuqs,general_question,general_pslf,neutral,pursuing,,PSLF
p0g9nt,servicer_issues,general_pslf,negative,pursuing,,PSLF
p5k5a2,general_question,general_pslf,neutral,considering,,PSLF
p7399t,general_question,general_pslf,positive,pursuing,,PSLF
pa3vjz,financial_planning,general_pslf,positive,pursuing,,PSLF
phrxvz,success_story,general_pslf,very_positive,completed,,PSLF
pn42q5,general_question,general_pslf,positive,pursuing,,PSLF
po7kmc,financial_planning,general_pslf,neutral,pursuing,,PSLF
psjpwd,general_question,general_pslf,negative,pursuing,,PSLF
q2lnt4,general_question,general_pslf,neutral,pursuing,,PSLF
q3mln3,general_question,general_pslf,neutral,considering,,PSLF
q3nzpv,servicer_issues,general_pslf,negative,pursuing,,PSLF
q438bl,policy_uncertainty,general_pslf,negative,pursuing,,PSLF
q5lx11,general_question,general_pslf,neutral,pursuing,,PSLF
q6nt11,general_question,general_pslf,positive,pursuing,,PSLF
q7hji6,servicer_issues,general_pslf,negative,pursuing,,PSLF
q87vvd,servicer_issues,general_pslf,positive,pursuing,,PSLF
q895wa,general_question,general_pslf,neutral,pursuing,,PSLF
q8tbma,servicer_issues,general_pslf,negative,pursuing,,PSLF
qap0ah,general_question,general_pslf,positive,pursuing,,PSLF
qapyzn,policy_uncertainty,general_pslf,negative,pursuing,,PSLF
qc71rf,servicer_issues,general_pslf,negative,pursuing,,PSLF
qea61e,general_question,general_pslf,neutral,pursuing,,PSLF
qhpvn5,general_question,general_pslf,neutral,pursuing,,PSLF
qich0q,general_question,general_pslf,neutral,pursuing,,PSLF
qjt0cv,policy_uncertainty,general_pslf,positive,pursuing,,PSLF
qjua6v,financial_planning,general_pslf,neutral,pursuing,,PSLF
qlw98b,general_question,general_pslf,neutral,considering,,PSLF
qly54n,financial_planning,general_pslf,neutral,pursuing,,PSLF
qmudh3,financial_planning,general_pslf,positive,pursuing,,PSLF
qmwa73,policy_uncertainty,general_pslf,positive,pursuing,,PSLF
qo5kh8,general_question,general_pslf,neutral,considering,,PSLF
qobws0,general_question,general_pslf,neutral,considering,,PSLF
qqiuiq,general_question,general_pslf,neutral,pursuing,,PSLF
qr47xs,servicer_issues,general_pslf,negative,pursuing,,PSLF
qr89yb,general_question,general_pslf,neutral,pursuing,,PSLF
qrbfub,servicer_issues,general_pslf,neutral,pursuing,,PSLF
qrn4l0,general_question,general_pslf,neutral,considering,,PSLF
qumj0d,general_question,general_pslf,neutral,pursuing,,PSLF
quo4a6,general_question,general_pslf,neutral,pursuing,,PSLF
qvet4i,success_story,general_pslf,very_positive,completed,,PSLF
qwtdpa,general_question,general_pslf,positive,pursuing,,PSLF
qxkc0w,servicer_issues,general_pslf,negative,pursuing,,PSLF
qzne0u,financial_planning,general_pslf,neutral,pursuing,,PSLF
qzu2zf,general_question,general_pslf,positive,pursuing,,PSLF
qzve5k,general_question,general_pslf,neutral,pursuing,,PSLF
r0d1iu,success_story,general_pslf,positive,completed,,PSLF
r0jet5,servicer_issues,general_pslf,positive,pursuing,,PSLF
r3yqmp,servicer_issues,general_pslf,neutral,pursuing,,PSLF
r53kdk,servicer_issues,general_pslf,negative,pursuing,,PSLF
r5o557,servicer_issues,general_pslf,negative,pursuing,,PSLF
r61jlx,servicer_issues,general_pslf,positive,pursuing,,PSLF
r8836y,servicer_issues,general_pslf,very_negative,pursuing,,PSLF
raetak,policy_uncertainty,general_pslf,very_positive,pursuing,,PSLF
rbfj9d,general_question,general_pslf,neutral,pursuing,,PSLF
rc5cmy,servicer_issues,general_pslf,negative,pursuing,,PSLF
rdct12,financial_planning,general_pslf,neutral,considering,,PSLF
re4uat,parse_error,,parse_error,unknown,"```json
{""pslf_sentiment"": ""positive"", ""primary_topic"": ""general_question"", ""pslf_stance"": ""pursuing""}
```",
rgabi6,financial_planning,general_pslf,negative,considering,,PSLF
rgee0q,servicer_issues,general_pslf,neutral,pursuing,,PSLF
rijx6n,success_story,general_pslf,very_positive,pursuing,,PSLF
rk1kh2,general_question,general_pslf,neutral,pursuing,,PSLF
rkq267,financial_planning,general_pslf,neutral,considering,,PSLF
rmbt2t,financial_planning,general_pslf,neutral,pursuing,,PSLF
rn00ll,servicer_issues,general_pslf,negative,pursuing,,PSLF
rnq3s2,general_question,general_pslf,neutral,pursuing,,PSLF
rqrs7d,servicer_issues,general_pslf,negative,pursuing,,PSLF
rueett,financial_planning,general_pslf,neutral,pursuing,,PSLF
rv5w8y,general_question,general_pslf,neutral,pursuing,,PSLF
s88rk1,policy_uncertainty,general_pslf,negative,pursuing,,PSLF
s9ku1f,frustration_venting,general_pslf,negative,pursuing,,PSLF
sabe8e,general_question,general_pslf,neutral,pursuing,,PSLF
sc0w22,general_question,general_pslf,neutral,pursuing,,PSLF
snouxp,general_question,general_pslf,neutral,pursuing,,PSLF
so4jlt,servicer_issues,general_pslf,very_negative,pursuing,,PSLF
stgnmy,general_question,general_pslf,positive,pursuing,,PSLF
su1wze,success_story,general_pslf,very_positive,completed,,PSLF
suhkdh,general_question,general_pslf,positive,pursuing,,PSLF
sv8hvh,success_story,general_pslf,positive,completed,,PSLF
svqghj,servicer_issues,general_pslf,negative,pursuing,,PSLF
sxi1gp,success_story,general_pslf,very_positive,completed,,PSLF
sxz6tg,success_story,general_pslf,very_positive,completed,,PSLF
sz9drd,success_story,general_pslf,very_positive,completed,,PSLF
szjwvu,servicer_issues,general_pslf,neutral,pursuing,,PSLF
t0uscp,success_story,general_pslf,very_positive,completed,,PSLF
t63mmc,success_story,general_pslf,very_positive,completed,,PSLF
t6tlf3,servicer_issues,general_pslf,neutral,pursuing,,PSLF
t9v4l9,servicer_issues,general_pslf,negative,pursuing,,PSLF
tc3oqr,success_story,general_pslf,very_positive,completed,,PSLF
thbvx8,general_question,general_pslf,neutral,pursuing,,PSLF
tjnufy,general_question,general_pslf,negative,pursuing,,PSLF
tn6tho,servicer_issues,general_pslf,neutral,pursuing,,PSLF
ttcdfz,servicer_issues,general_pslf,negative,pursuing,,PSLF
twc0xc,servicer_issues,general_pslf,negative,pursuing,,PSLF
tww3km,general_question,general_pslf,neutral,pursuing,,PSLF
tx9dnc,general_question,general_pslf,positive,pursuing,,PSLF
tzb75j,general_question,general_pslf,positive,pursuing,,PSLF
tzjkvj,general_question,general_pslf,positive,pursuing,,PSLF
u3r6pq,general_question,general_pslf,positive,pursuing,,PSLF
u9et1g,servicer_issues,general_pslf,negative,pursuing,,PSLF
uc3td3,general_question,general_pslf,positive,pursuing,,PSLF
uelm6p,general_question,general_pslf,neutral,pursuing,,PSLF
uf1uds,financial_planning,general_pslf,positive,pursuing,,PSLF
ufd8v5,servicer_issues,general_pslf,negative,pursuing,,PSLF
uhjty3,servicer_issues,general_pslf,neutral,pursuing,,PSLF
uia0fo,general_question,general_pslf,positive,pursuing,,PSLF
uia1lx,general_question,general_pslf,positive,pursuing,,PSLF
uijgv7,parse_error,,parse_error,unknown,"```json
{""pslf_sentiment"": ""neutral"", ""primary_topic"": ""general_question"", ""pslf_stance"": ""pursuing""}
```",
umszjk,success_story,general_pslf,positive,completed,,PSLF
un8lyx,success_story,general_pslf,very_positive,completed,,PSLF
uoxywd,servicer_issues,general_pslf,negative,pursuing,,PSLF
upu0e9,general_question,general_pslf,neutral,considering,,PSLF
uq1c7l,success_story,general_pslf,very_positive,pursuing,,PSLF
uqz1xm,servicer_issues,general_pslf,neutral,pursuing,,PSLF
urbeqh,general_question,general_pslf,negative,pursuing,,PSLF
urwkax,servicer_issues,general_pslf,positive,pursuing,,PSLF
utaa2g,success_story,general_pslf,very_positive,completed,,PSLF
uw3z7t,general_question,general_pslf,neutral,pursuing,,PSLF
uxz86i,success_story,general_pslf,very_positive,completed,,PSLF
uy9oja,general_question,general_pslf,neutral,pursuing,,PSLF
uyai4s,financial_planning,general_pslf,positive,pursuing,,PSLF
uzcfov,servicer_issues,general_pslf,negative,pursuing,,PSLF
v2gs89,general_question,general_pslf,positive,pursuing,,PSLF
v4q5u1,success_story,general_pslf,very_positive,pursuing,,PSLF
v5ei66,general_question,general_pslf,positive,pursuing,,PSLF
v65uxu,success_story,general_pslf,positive,completed,,PSLF
v6ci29,success_story,general_pslf,very_positive,completed,,PSLF
v6mbjh,success_story,general_pslf,positive,completed,,PSLF
v7gbdo,general_question,general_pslf,positive,pursuing,,PSLF
v8hxi7,general_question,general_pslf,positive,pursuing,,PSLF
v97b0j,general_question,general_pslf,neutral,pursuing,,PSLF
v9l0du,general_question,general_pslf,very_positive,pursuing,,PSLF
vd62pz,general_question,general_pslf,neutral,pursuing,,PSLF
vd8fn2,general_question,general_pslf,neutral,pursuing,,PSLF
vdllgu,servicer_issues,general_pslf,neutral,pursuing,,PSLF
vdt3d3,general_question,general_pslf,neutral,considering,,PSLF
ve0w5c,servicer_issues,general_pslf,neutral,pursuing,,PSLF
vgkxxo,general_question,general_pslf,neutral,considering,,PSLF
vh051p,general_question,general_pslf,neutral,considering,,PSLF
vhf702,success_story,general_pslf,positive,completed,,PSLF
vjwmet,success_story,general_pslf,very_positive,pursuing,,PSLF
vlpp0d,parse_error,,parse_error,unknown,"```json
{""pslf_sentiment"": ""neutral"", ""primary_topic"": ""general_question"", ""pslf_stance"": ""pursuing""}
```",
vm4oy3,general_question,general_pslf,neutral,pursuing,,PSLF
vmriqr,general_question,general_pslf,neutral,pursuing,,PSLF
vnp86w,servicer_issues,general_pslf,negative,pursuing,,PSLF
vns05j,policy_uncertainty,general_pslf,negative,pursuing,,PSLF
voegid,general_question,general_pslf,neutral,pursuing,,PSLF
von0i2,general_question,general_pslf,neutral,pursuing,,PSLF
vozsp8,servicer_issues,general_pslf,neutral,pursuing,,PSLF
vp4726,servicer_issues,general_pslf,negative,pursuing,,PSLF
vrmrn6,general_question,general_pslf,neutral,pursuing,,PSLF
vse246,general_question,general_pslf,neutral,considering,,PSLF
vu4tqm,financial_planning,general_pslf,positive,considering,,PSLF
vv3dsx,general_question,general_pslf,neutral,pursuing,,PSLF
vwi8wy,servicer_issues,general_pslf,neutral,pursuing,,PSLF
vwj8i8,servicer_issues,general_pslf,negative,pursuing,,PSLF
vwx70w,servicer_issues,general_pslf,negative,pursuing,,PSLF
vy8pfz,general_question,general_pslf,neutral,pursuing,,PSLF
vzgnvh,servicer_issues,general_pslf,negative,pursuing,,PSLF
vzwed0,servicer_issues,general_pslf,negative,pursuing,,PSLF
w0pq1p,general_question,general_pslf,positive,pursuing,,PSLF
w1hyj5,servicer_issues,general_pslf,neutral,pursuing,,PSLF
w1zess,general_question,general_pslf,neutral,considering,,PSLF
w29k0z,servicer_issues,general_pslf,neutral,completed,,PSLF
w2p07c,servicer_issues,general_pslf,negative,pursuing,,PSLF
w4l7iw,servicer_issues,general_pslf,neutral,pursuing,,PSLF
w4p247,general_question,general_pslf,neutral,pursuing,,PSLF
whoypf,parse_error,,parse_error,unknown,"```json
{""pslf_sentiment"": ""positive"", ""primary_topic"": ""general_question"", ""pslf_stance"": ""considering""}
```",
wixouw,general_question,general_pslf,neutral,pursuing,,PSLF
wloghl,general_question,general_pslf,neutral,pursuing,,PSLF
wscr0n,policy_uncertainty,general_pslf,negative,considering,,PSLF
wso5ap,general_question,general_pslf,neutral,pursuing,,PSLF
wv9ao6,servicer_issues,general_pslf,negative,pursuing,,PSLF
wwql9i,servicer_issues,general_pslf,negative,pursuing,,PSLF
wwtnl3,servicer_issues,general_pslf,negative,pursuing,,PSLF
wxp8ep,general_question,general_pslf,positive,considering,,PSLF
wyjpog,financial_planning,general_pslf,neutral,pursuing,,PSLF
wypjgt,general_question,general_pslf,neutral,pursuing,,PSLF
wyzpqn,general_question,general_pslf,negative,pursuing,,PSLF
wz569h,servicer_issues,general_pslf,positive,pursuing,,PSLF
wzw3zi,general_question,general_pslf,positive,pursuing,,PSLF
x1oi9v,general_question,general_pslf,positive,considering,,PSLF
x37s1n,servicer_issues,general_pslf,positive,pursuing,,PSLF
x6w0tm,general_question,general_pslf,positive,pursuing,,PSLF
xbvsjf,general_question,general_pslf,positive,considering,,PSLF
xcfwnu,financial_planning,general_pslf,neutral,considering,,PSLF
xfzarn,success_story,general_pslf,very_positive,completed,,PSLF
xh3z4g,servicer_issues,general_pslf,negative,pursuing,,PSLF
xi44wn,servicer_issues,general_pslf,negative,considering,,PSLF
xir59m,financial_planning,general_pslf,neutral,considering,,PSLF
xlc6gv,general_question,general_pslf,positive,pursuing,,PSLF
xpwyy7,general_question,general_pslf,neutral,pursuing,,PSLF
xqeo27,general_question,general_pslf,neutral,pursuing,,PSLF
xvi2xx,servicer_issues,general_pslf,negative,pursuing,,PSLF
xw44zb,servicer_issues,general_pslf,negative,pursuing,,PSLF
xwn0c6,servicer_issues,general_pslf,neutral,pursuing,,PSLF
xxp8l7,general_question,general_pslf,negative,considering,,PSLF
xy98gp,financial_planning,general_pslf,neutral,considering,,PSLF
y1ruo1,servicer_issues,general_pslf,negative,pursuing,,PSLF
y2ltls,servicer_issues,general_pslf,negative,pursuing,,PSLF
y3jvjs,servicer_issues,general_pslf,negative,pursuing,,PSLF
y3use2,servicer_issues,general_pslf,negative,pursuing,,PSLF
y4qpsa,general_question,general_pslf,neutral,pursuing,,PSLF
y77y9q,servicer_issues,general_pslf,negative,completed,,PSLF
yg49id,general_question,general_pslf,neutral,pursuing,,PSLF
ygumuz,servicer_issues,general_pslf,negative,pursuing,,PSLF
yj7xyz,servicer_issues,general_pslf,negative,pursuing,,PSLF
yl5389,success_story,general_pslf,positive,completed,,PSLF
ylbkim,servicer_issues,general_pslf,negative,pursuing,,PSLF
ylulaf,general_question,general_pslf,neutral,pursuing,,PSLF
ywjugt,servicer_issues,general_pslf,very_negative,pursuing,,PSLF
yzpfno,general_question,general_pslf,neutral,considering,,PSLF
12f78zi,financial_planning,general_pslf,positive,pursuing,,PSLF
12k5g0w,financial_planning,general_pslf,neutral,pursuing,,PSLF
12koia7,servicer_issues,general_pslf,negative,pursuing,,PSLF
12r9eh6,general_question,general_pslf,neutral,pursuing,,PSLF
12uph0p,financial_planning,general_pslf,neutral,pursuing,,PSLF
12zq4b1,servicer_issues,general_pslf,negative,pursuing,,PSLF
130tzcg,success_story,general_pslf,very_positive,completed,,PSLF
132ccy5,servicer_issues,general_pslf,negative,completed,,PSLF
133tzz5,servicer_issues,general_pslf,negative,pursuing,,PSLF
134v9em,general_question,general_pslf,neutral,pursuing,,PSLF
135raqf,servicer_issues,general_pslf,negative,pursuing,,PSLF
136k24j,success_story,general_pslf,very_positive,completed,,PSLF
136sjjj,servicer_issues,general_pslf,positive,pursuing,,PSLF
13erjry,success_story,general_pslf,very_positive,completed,,PSLF
13ew8kr,servicer_issues,general_pslf,negative,pursuing,,PSLF
13f495l,success_story,general_pslf,very_positive,completed,,PSLF
13lxnom,policy_uncertainty,general_pslf,neutral,pursuing,,PSLF
13of6rx,financial_planning,general_pslf,positive,pursuing,,PSLF
13ssp78,career_impact,general_pslf,neutral,considering,,PSLF
13thohe,financial_planning,general_pslf,neutral,pursuing,,PSLF
13vib20,success_story,general_pslf,positive,completed,,PSLF
142kmun,general_question,general_pslf,neutral,pursuing,,PSLF
14a5tzn,financial_planning,general_pslf,positive,pursuing,,PSLF
14do6he,general_question,general_pslf,neutral,pursuing,,PSLF
14etnma,success_story,general_pslf,very_positive,completed,,PSLF
14h137y,success_story,general_pslf,very_positive,completed,,PSLF
14ioue0,general_question,general_pslf,neutral,pursuing,,PSLF
14jyv9d,general_question,general_pslf,neutral,pursuing,,PSLF
14lh25y,general_question,general_pslf,neutral,completed,,PSLF
14njluo,general_question,general_pslf,neutral,pursuing,,PSLF
14ri70f,policy_uncertainty,general_pslf,neutral,considering,,PSLF
14rrk4n,general_question,general_pslf,neutral,considering,,PSLF
14sjy5p,financial_planning,general_pslf,neutral,pursuing,,PSLF
14t1j44,success_story,general_pslf,very_positive,completed,,PSLF
14tb49n,success_story,general_pslf,very_positive,completed,,PSLF
14unyva,general_question,general_pslf,positive,pursuing,,PSLF
14vmely,general_question,general_pslf,neutral,considering,,PSLF
14wd2hs,financial_planning,general_pslf,positive,considering,,PSLF
14wf695,financial_planning,general_pslf,neutral,considering,,PSLF
14x7ucf,financial_planning,general_pslf,positive,pursuing,,PSLF
150kzww,general_question,general_pslf,neutral,considering,,PSLF
151jcng,general_question,general_pslf,neutral,pursuing,,PSLF
152fa8i,general_question,general_pslf,negative,considering,,PSLF
153jm0q,success_story,general_pslf,neutral,pursuing,,PSLF
1556sbr,general_question,general_pslf,neutral,considering,,PSLF
155oiat,success_story,general_pslf,very_positive,completed,,PSLF
155rn72,success_story,general_pslf,positive,completed,,PSLF
156y2t0,success_story,general_pslf,very_positive,completed,,PSLF
158fc4s,servicer_issues,general_pslf,negative,pursuing,,PSLF
159av55,general_question,general_pslf,neutral,pursuing,,PSLF
159ct45,policy_uncertainty,general_pslf,very_negative,pursuing,,PSLF
159jv7f,servicer_issues,general_pslf,negative,pursuing,,PSLF
15afbdt,policy_uncertainty,general_pslf,neutral,considering,,PSLF
15apw5q,financial_planning,general_pslf,neutral,pursuing,,PSLF
15arfdm,financial_planning,general_pslf,positive,pursuing,,PSLF
15az67o,general_question,general_pslf,positive,considering,,PSLF
15b0cpi,general_question,general_pslf,neutral,pursuing,,PSLF
15c2kwi,financial_planning,general_pslf,positive,considering,,PSLF
15c7rob,general_question,general_pslf,neutral,considering,,PSLF
15ckrx0,servicer_issues,general_pslf,positive,pursuing,,PSLF
15dp3cj,general_question,general_pslf,neutral,pursuing,,PSLF
15dz85z,servicer_issues,general_pslf,positive,pursuing,,PSLF
15hbk0y,parse_error,,parse_error,unknown,"```json
{""pslf_sentiment"": ""neutral"", ""primary_topic"": ""general_question"", ""pslf_stance"": ""pursuing""}
```",
15i5id1,servicer_issues,general_pslf,negative,pursuing,,PSLF
15ichua,servicer_issues,general_pslf,negative,pursuing,,PSLF
15lu1pk,servicer_issues,general_pslf,negative,pursuing,,PSLF
15m7knz,servicer_issues,general_pslf,negative,pursuing,,PSLF
15mr27e,financial_planning,general_pslf,positive,pursuing,,PSLF
15o6wqd,general_question,general_pslf,neutral,pursuing,,PSLF
15pmvrf,servicer_issues,general_pslf,positive,pursuing,,PSLF
15q2avj,financial_planning,general_pslf,positive,pursuing,,PSLF
15q9ek4,financial_planning,general_pslf,positive,pursuing,,PSLF
15rkd56,financial_planning,general_pslf,neutral,pursuing,,PSLF
15s8k1d,servicer_issues,general_pslf,neutral,pursuing,,PSLF
15sya2k,general_question,general_pslf,positive,pursuing,,PSLF
15ubfjo,parse_error,,parse_error,unknown,"```json
{""pslf_sentiment"": ""positive"", ""primary_topic"": ""financial_planning"", ""pslf_stance"": ""considering""}
```",
15uycq9,general_question,general_pslf,neutral,pursuing,,PSLF
15wkd6t,general_question,general_pslf,positive,pursuing,,PSLF
15xjxbk,financial_planning,general_pslf,neutral,pursuing,,PSLF
15xqkdc,financial_planning,general_pslf,neutral,considering,,PSLF
15zaouf,financial_planning,general_pslf,positive,pursuing,,PSLF
16273ke,financial_planning,general_pslf,neutral,considering,,PSLF
163rpep,servicer_issues,general_pslf,negative,pursuing,,PSLF
164jnb8,policy_uncertainty,general_pslf,negative,pursuing,,PSLF
164kv3q,general_question,general_pslf,neutral,pursuing,,PSLF
1650biy,general_question,general_pslf,neutral,pursuing,,PSLF
1656gy5,general_question,general_pslf,positive,pursuing,,PSLF
166etta,general_question,general_pslf,positive,pursuing,,PSLF
166jwjg,success_story,general_pslf,very_positive,completed,,PSLF
1679lqs,parse_error,,parse_error,unknown,"```json
{""pslf_sentiment"": ""negative"", ""primary_topic"": ""servicer_issues"", ""pslf_stance"": ""pursuing""}
```",
167n6q8,success_story,general_pslf,very_positive,completed,,PSLF
168vawo,general_question,general_pslf,positive,pursuing,,PSLF
16blatv,general_question,general_pslf,neutral,pursuing,,PSLF
16dbjyp,parse_error,,parse_error,unknown,"```json
{""pslf_sentiment"": ""positive"", ""primary_topic"": ""financial_planning"", ""pslf_stance"": ""pursuing""}
```",
16e7qe1,financial_planning,general_pslf,neutral,pursuing,,PSLF
16eghqk,general_question,general_pslf,neutral,pursuing,,PSLF
16f4xqq,financial_planning,general_pslf,neutral,considering,,PSLF
16f8aaw,financial_planning,general_pslf,neutral,pursuing,,PSLF
16fyrf1,financial_planning,general_pslf,neutral,pursuing,,PSLF
16gepvf,general_question,general_pslf,neutral,pursuing,,PSLF
16go8pf,general_question,general_pslf,neutral,pursuing,,PSLF
16ixp6g,financial_planning,general_pslf,positive,pursuing,,PSLF
16lciyi,general_question,general_pslf,positive,considering,,PSLF
16mv9ue,servicer_issues,general_pslf,very_negative,pursuing,,PSLF
16mynxv,financial_planning,general_pslf,positive,pursuing,,PSLF
16nthyz,financial_planning,general_pslf,positive,considering,,PSLF
16nw1kx,general_question,general_pslf,neutral,pursuing,,PSLF
16pms1e,general_question,general_pslf,negative,pursuing,,PSLF
16ppsbl,servicer_issues,general_pslf,neutral,pursuing,,PSLF
16q3fs4,servicer_issues,general_pslf,neutral,pursuing,,PSLF
16qbgyy,servicer_issues,general_pslf,very_negative,pursuing,,PSLF
16r8t11,financial_planning,general_pslf,neutral,pursuing,,PSLF
16rw13w,general_question,general_pslf,positive,considering,,PSLF
16rzpez,general_question,general_pslf,neutral,pursuing,,PSLF
16s5u73,servicer_issues,general_pslf,neutral,pursuing,,PSLF
16tvm08,success_story,general_pslf,positive,pursuing,,PSLF
16ui8q9,general_question,general_pslf,neutral,pursuing,,PSLF
16uji0j,general_question,general_pslf,neutral,pursuing,,PSLF
16xjbh6,servicer_issues,general_pslf,very_negative,pursuing,,PSLF
16z047v,servicer_issues,general_pslf,negative,pursuing,,PSLF
170o65b,general_question,general_pslf,negative,pursuing,,PSLF
171nyk9,career_impact,general_pslf,neutral,considering,,PSLF
172u1qb,servicer_issues,general_pslf,neutral,pursuing,,PSLF
173sko4,general_question,general_pslf,neutral,pursuing,,PSLF
174lten,general_question,general_pslf,neutral,pursuing,,PSLF
175tocu,servicer_issues,general_pslf,negative,pursuing,,PSLF
1778es5,general_question,general_pslf,neutral,pursuing,,PSLF
17b46og,general_question,general_pslf,neutral,pursuing,,PSLF
17bktbz,servicer_issues,general_pslf,neutral,pursuing,,PSLF
17bsrts,servicer_issues,general_pslf,neutral,pursuing,,PSLF
17co3oo,career_impact,general_pslf,negative,rejecting,,PSLF
17jy0xc,general_question,general_pslf,neutral,pursuing,,PSLF
17kzu0r,servicer_issues,general_pslf,positive,pursuing,,PSLF
17n3dr5,financial_planning,general_pslf,positive,pursuing,,PSLF
17q719e,servicer_issues,general_pslf,neutral,pursuing,,PSLF
17sjvcn,servicer_issues,general_pslf,very_negative,pursuing,,PSLF
17sw9uj,servicer_issues,general_pslf,negative,pursuing,,PSLF
17xbwtk,servicer_issues,general_pslf,negative,pursuing,,PSLF
181y8wo,servicer_issues,general_pslf,positive,pursuing,,PSLF
184eul7,servicer_issues,general_pslf,positive,pursuing,,PSLF
1875hxf,financial_planning,general_pslf,negative,pursuing,,PSLF
18du6r7,servicer_issues,general_pslf,negative,considering,,PSLF
18grxfq,servicer_issues,general_pslf,neutral,pursuing,,PSLF
18gwofe,servicer_issues,general_pslf,negative,pursuing,,PSLF
18k75sa,general_question,general_pslf,neutral,pursuing,,PSLF
18pcq8y,general_question,general_pslf,positive,pursuing,,PSLF
18t1708,financial_planning,general_pslf,neutral,pursuing,,PSLF
qmp8su,general_question,general_pslf,neutral,considering,,PSLF
1cya6g0,financial_planning,general_pslf,positive,pursuing,,PSLF
1dm0xos,general_question,general_pslf,neutral,considering,,PSLF
1dtyy0n,policy_uncertainty,general_pslf,negative,unknown,,PSLF
1dykem9,servicer_issues,general_pslf,negative,pursuing,,PSLF
1ean6sf,servicer_issues,general_pslf,negative,pursuing,,PSLF
1eofm7v,parse_error,,parse_error,unknown,"```json
{""pslf_sentiment"": ""positive"", ""primary_topic"": ""servicer_issues"", ""pslf_stance"": ""pursuing""}
```",
1eve9lr,servicer_issues,general_pslf,negative,pursuing,,PSLF
1f40d2z,general_question,general_pslf,neutral,pursuing,,PSLF
1g2agks,parse_error,,parse_error,unknown,"```json
{""pslf_sentiment"": ""neutral"", ""primary_topic"": ""general_question"", ""pslf_stance"": ""considering""}
```",
1i5z76m,servicer_issues,general_pslf,neutral,pursuing,,PSLF
1i7hlpj,servicer_issues,general_pslf,neutral,completed,,PSLF
1j2n3yx,servicer_issues,general_pslf,negative,pursuing,,PSLF
1j61c92,policy_uncertainty,general_pslf,negative,pursuing,,PSLF
1j6sjvr,success_story,general_pslf,very_positive,completed,,PSLF
1nhxyq8,servicer_issues,general_pslf,very_negative,pursuing,,PSLF
1oabbx5,policy_uncertainty,general_pslf,very_negative,pursuing,,PSLF
1otpykb,servicer_issues,general_pslf,negative,pursuing,,PSLF
1pdjvg1,success_story,general_pslf,very_positive,completed,,PSLF
q1grkg,servicer_issues,general_pslf,negative,pursuing,,PSLF
r0df2t,general_question,general_pslf,neutral,pursuing,,PSLF
v3mjt3,general_question,general_pslf,neutral,pursuing,,PSLF
vgyy6y,servicer_issues,general_pslf,neutral,unknown,,PSLF
vszgdo,servicer_issues,general_pslf,positive,pursuing,,PSLF
w0ub4d,servicer_issues,general_pslf,neutral,pursuing,,PSLF
w4uiw0,servicer_issues,general_pslf,neutral,pursuing,,PSLF
wnkdyt,servicer_issues,general_pslf,negative,pursuing,,PSLF
wwm13s,servicer_issues,general_pslf,neutral,pursuing,,PSLF
wyscwu,servicer_issues,general_pslf,very_negative,pursuing,,PSLF
x8kfdj,servicer_issues,general_pslf,neutral,pursuing,,PSLF
xaf6ff,servicer_issues,general_pslf,positive,pursuing,,PSLF
xcmrqg,servicer_issues,general_pslf,negative,unknown,,PSLF
xd7kf0,servicer_issues,general_pslf,negative,pursuing,,PSLF
xe26qj,success_story,general_pslf,very_positive,completed,,PSLF
xpy87x,policy_uncertainty,general_pslf,neutral,pursuing,,PSLF
y1pl5d,success_story,general_pslf,very_positive,pursuing,,PSLF
y6lr9h,servicer_issues,general_pslf,negative,pursuing,,PSLF
ybx5lu,servicer_issues,general_pslf,negative,pursuing,,PSLF
ygk27j,servicer_issues,general_pslf,neutral,unknown,,PSLF
yp93mx,servicer_issues,general_pslf,negative,pursuing,,PSLF
128pe1b,success_story,general_pslf,very_positive,completed,,PSLF
1292szs,servicer_issues,general_pslf,very_negative,pursuing,,PSLF
12c7qi6,success_story,general_pslf,positive,pursuing,,PSLF
12enzsp,servicer_issues,general_pslf,positive,completed,,PSLF
130qqsv,general_question,general_pslf,positive,pursuing,,PSLF
138v0kn,servicer_issues,general_pslf,negative,pursuing,,PSLF
13e96zp,success_story,general_pslf,very_positive,completed,,PSLF
13gyzmi,servicer_issues,general_pslf,positive,pursuing,,PSLF
13iiwqs,success_story,general_pslf,positive,pursuing,,PSLF
13jm21p,servicer_issues,general_pslf,very_negative,pursuing,,PSLF
13n5i3y,servicer_issues,general_pslf,negative,pursuing,,PSLF
13shwiw,servicer_issues,general_pslf,positive,pursuing,,PSLF
13x54ef,general_question,general_pslf,neutral,pursuing,,PSLF
141mxww,general_question,general_pslf,neutral,pursuing,,PSLF
144q0nx,financial_planning,general_pslf,positive,pursuing,,PSLF
14g8aco,servicer_issues,general_pslf,negative,pursuing,,PSLF
14ueyc7,general_question,general_pslf,neutral,pursuing,,PSLF
14wtfy2,servicer_issues,general_pslf,negative,pursuing,,PSLF
14x7dqu,servicer_issues,general_pslf,positive,pursuing,,PSLF
skr6qp,financial_planning,general_pslf,neutral,pursuing,,PSLF
sse1l8,general_question,general_pslf,neutral,pursuing,,PSLF
t7a7re,servicer_issues,general_pslf,negative,pursuing,,PSLF
uilxdd,servicer_issues,general_pslf,negative,pursuing,,PSLF
ungtmj,success_story,general_pslf,very_positive,completed,,PSLF
uyffww,parse_error,,parse_error,unknown,"```json
{""pslf_sentiment"": ""very_negative"", ""primary_topic"": ""servicer_issues"", ""pslf_stance"": ""pursuing""}
```",
vxt764,general_question,general_pslf,neutral,pursuing,,PSLF
w05wsg,servicer_issues,general_pslf,neutral,pursuing,,PSLF
162t8df,servicer_issues,general_pslf,positive,pursuing,,PSLF
16fxjxj,general_question,general_pslf,neutral,pursuing,,PSLF
1ctcbmp,servicer_issues,general_pslf,negative,pursuing,,PSLF
1cxcili,parse_error,,parse_error,unknown,"```json
{""pslf_sentiment"": ""negative"", ""primary_topic"": ""servicer_issues"", ""pslf_stance"": ""pursuing""}
```",
1dsqc9g,servicer_issues,general_pslf,negative,pursuing,,PSLF
1fiazcw,servicer_issues,general_pslf,negative,pursuing,,PSLF
1ftfzin,servicer_issues,general_pslf,very_negative,pursuing,,PSLF
1fxh0e2,general_question,general_pslf,neutral,pursuing,,PSLF
1g8s67b,general_question,general_pslf,positive,pursuing,,PSLF
1hwud57,general_question,general_pslf,neutral,pursuing,,PSLF
1ihln8q,servicer_issues,general_pslf,negative,pursuing,,PSLF
1in8vkp,servicer_issues,general_pslf,negative,pursuing,,PSLF
1it7wpb,financial_planning,general_pslf,neutral,pursuing,,PSLF
1j4izj6,general_question,general_pslf,positive,pursuing,,PSLF
1jb1d1s,success_story,general_pslf,positive,completed,,PSLF
1jur9fq,servicer_issues,general_pslf,negative,pursuing,,PSLF
1jvil9e,servicer_issues,general_pslf,negative,completed,,PSLF
1nl86d5,general_question,general_pslf,neutral,pursuing,,PSLF
1om9omi,general_question,general_pslf,positive,pursuing,,PSLF
1p35nys,parse_error,,parse_error,unknown,"```json
{""pslf_sentiment"": ""negative"", ""primary_topic"": ""servicer_issues"", ""pslf_stance"": ""pursuing""}
```",
1p6pqv8,servicer_issues,general_pslf,negative,pursuing,,PSLF
1pcuj3v,general_question,general_pslf,positive,pursuing,,PSLF
rfjm32,servicer_issues,general_pslf,positive,pursuing,,PSLF
stbsbk,success_story,general_pslf,positive,completed,,PSLF
t4qrbb,servicer_issues,general_pslf,very_negative,pursuing,,PSLF
t60zbd,servicer_issues,general_pslf,positive,pursuing,,PSLF
ugqs0g,servicer_issues,general_pslf,negative,pursuing,,PSLF
uhkdck,general_question,general_pslf,neutral,pursuing,,PSLF
157j8pq,success_story,general_pslf,positive,completed,,PSLF
162hsf1,servicer_issues,general_pslf,negative,unknown,,PSLF
16iqdnl,general_question,general_pslf,neutral,pursuing,,PSLF
171lpde,success_story,general_pslf,very_positive,completed,,PSLF
18fzef2,servicer_issues,general_pslf,negative,completed,,PSLF
1czwa9y,servicer_issues,general_pslf,negative,pursuing,,PSLF
1d2xoq7,general_question,general_pslf,neutral,pursuing,,PSLF
1df4klr,financial_planning,general_pslf,positive,pursuing,,PSLF
1di5i0p,general_question,general_pslf,positive,pursuing,,PSLF
1dw21ws,servicer_issues,general_pslf,negative,pursuing,,PSLF
1ec3qej,servicer_issues,general_pslf,negative,pursuing,,PSLF
1efc609,success_story,general_pslf,positive,completed,,PSLF
1efkq9l,general_question,general_pslf,neutral,considering,,PSLF
1eo979h,servicer_issues,general_pslf,negative,pursuing,,PSLF
1eul3if,success_story,general_pslf,positive,completed,,PSLF
1f6115x,career_impact,general_pslf,positive,pursuing,,PSLF
1fj7dud,servicer_issues,general_pslf,positive,completed,,PSLF
1fqq6ir,servicer_issues,general_pslf,negative,pursuing,,PSLF
1ftmwza,success_story,general_pslf,very_positive,completed,,PSLF
1g54520,policy_uncertainty,general_pslf,negative,pursuing,,PSLF
1hz0hab,general_question,general_pslf,neutral,pursuing,,PSLF
1i52j8m,servicer_issues,general_pslf,negative,pursuing,,PSLF
1ie12vv,servicer_issues,general_pslf,very_negative,pursuing,,PSLF
1iom9xi,servicer_issues,general_pslf,negative,pursuing,,PSLF
1iyw97p,servicer_issues,general_pslf,positive,pursuing,,PSLF
1j5vk1f,policy_uncertainty,general_pslf,negative,pursuing,,PSLF
1jei3k2,servicer_issues,general_pslf,neutral,completed,,PSLF
1jfy1ke,policy_uncertainty,general_pslf,positive,pursuing,,PSLF
1jn2026,parse_error,,parse_error,unknown,"```json
{""pslf_sentiment"": ""negative"", ""primary_topic"": ""servicer_issues"", ""pslf_stance"": ""completed""}
```",
1o3tb9g,servicer_issues,general_pslf,positive,pursuing,,PSLF
1oqdk74,servicer_issues,general_pslf,neutral,completed,,PSLF
1p7lml6,financial_planning,general_pslf,neutral,pursuing,,PSLF
1pemgua,servicer_issues,general_pslf,negative,pursuing,,PSLF
1pr1h1p,financial_planning,general_pslf,neutral,unknown,,PSLF
oyjnci,servicer_issues,general_pslf,neutral,pursuing,,PSLF
plryht,financial_planning,general_pslf,neutral,pursuing,,PSLF
pquakd,general_question,general_pslf,neutral,pursuing,,PSLF
q1th64,parse_error,,parse_error,unknown,"```json
{""pslf_sentiment"": ""very_negative"", ""primary_topic"": ""servicer_issues"", ""pslf_stance"": ""pursuing""}
```",
q2m0o5,success_story,general_pslf,very_positive,completed,,PSLF
q7y74v,frustration_venting,general_pslf,very_negative,pursuing,,PSLF
q9tkd3,general_question,general_pslf,neutral,pursuing,,PSLF
qunpyk,servicer_issues,general_pslf,neutral,pursuing,,PSLF
rdiyk5,servicer_issues,general_pslf,negative,pursuing,,PSLF
rskq04,servicer_issues,general_pslf,negative,pursuing,,PSLF
wxx84m,success_story,general_pslf,very_positive,completed,,PSLF
1ftdj7l,general_question,general_pslf,neutral,pursuing,,PSLF
1i1zpi9,success_story,general_pslf,very_positive,completed,,PSLF
1ikstyw,general_question,general_pslf,neutral,pursuing,,PSLF
1j2am2t,general_question,general_pslf,neutral,pursuing,,PSLF
1otdr7d,general_question,general_pslf,very_positive,pursuing,,PSLF
1ox8874,servicer_issues,general_pslf,very_negative,pursuing,,PSLF
vd1cvq,general_question,general_pslf,neutral,considering,,PSLF
15gikgi,servicer_issues,general_pslf,negative,pursuing,,PSLF
16f4pls,general_question,general_pslf,neutral,unknown,,PSLF
1de79wy,policy_uncertainty,general_pslf,neutral,unknown,,PSLF
1e80wvy,parse_error,,parse_error,unknown,"```json
{""pslf_sentiment"": ""neutral"", ""primary_topic"": ""policy_uncertainty"", ""pslf_stance"": ""unknown""}
```",
1ez2c5l,servicer_issues,general_pslf,very_negative,pursuing,,PSLF
1g1canr,general_question,general_pslf,neutral,considering,,PSLF
1gh7n18,general_question,general_pslf,negative,pursuing,,PSLF
1i1oxp5,servicer_issues,general_pslf,negative,pursuing,,PSLF
1io1jvt,servicer_issues,general_pslf,neutral,pursuing,,PSLF
1ixhz4c,policy_uncertainty,general_pslf,very_negative,pursuing,,PSLF
1ixl8hz,policy_uncertainty,general_pslf,neutral,unknown,,PSLF
1jf3kfo,servicer_issues,general_pslf,negative,pursuing,,PSLF
1jgkbgc,policy_uncertainty,general_pslf,neutral,unknown,,PSLF
1o95dpq,servicer_issues,general_pslf,negative,pursuing,,PSLF
1559ikd,financial_planning,general_pslf,neutral,unknown,,PSLF
162ayzs,financial_planning,general_pslf,neutral,pursuing,,PSLF
164z6fe,servicer_issues,general_pslf,negative,pursuing,,PSLF
1676de1,servicer_issues,general_pslf,neutral,unknown,,PSLF
16a09f8,servicer_issues,general_pslf,negative,pursuing,,PSLF
16z0qfn,servicer_issues,general_pslf,neutral,pursuing,,PSLF
177qk4n,servicer_issues,general_pslf,neutral,pursuing,,PSLF
185ahe4,servicer_issues,general_pslf,negative,pursuing,,PSLF
1cvzaez,general_question,general_pslf,neutral,pursuing,,PSLF
1d56n2h,servicer_issues,general_pslf,negative,pursuing,,PSLF
1d78jk6,servicer_issues,general_pslf,neutral,pursuing,,PSLF
1dm22bt,servicer_issues,general_pslf,neutral,pursuing,,PSLF
1dmcroq,servicer_issues,general_pslf,negative,pursuing,,PSLF
1dmu2pn,servicer_issues,general_pslf,negative,pursuing,,PSLF
1dncbrs,servicer_issues,general_pslf,neutral,pursuing,,PSLF
1drduio,servicer_issues,general_pslf,negative,pursuing,,PSLF
1dtqp16,servicer_issues,general_pslf,negative,pursuing,,PSLF
1dttm7o,servicer_issues,general_pslf,neutral,pursuing,,PSLF
1dws22m,policy_uncertainty,general_pslf,neutral,considering,,PSLF
1edcbzn,general_question,general_pslf,neutral,pursuing,,PSLF
1f0bjur,general_question,general_pslf,neutral,considering,,PSLF
1f1edaz,policy_uncertainty,general_pslf,negative,pursuing,,PSLF
1f21lgt,policy_uncertainty,general_pslf,negative,pursuing,,PSLF
1f3ns3v,policy_uncertainty,general_pslf,negative,pursuing,,PSLF
1f3oztw,parse_error,,parse_error,unknown,"```json
{""pslf_sentiment"": ""negative"", ""primary_topic"": ""policy_uncertainty"", ""pslf_stance"": ""pursuing""}
```",
1fpe847,general_question,general_pslf,neutral,pursuing,,PSLF
1fpyo8b,servicer_issues,general_pslf,negative,pursuing,,PSLF
1g0s0w2,success_story,general_pslf,very_positive,completed,,PSLF
1g9u2v4,servicer_issues,general_pslf,neutral,unknown,,PSLF
1gac1v1,general_question,general_pslf,neutral,pursuing,,PSLF
1gbuvvb,servicer_issues,general_pslf,negative,unknown,,PSLF
1gg4ml8,success_story,general_pslf,very_positive,completed,,PSLF
1hzvqse,policy_uncertainty,general_pslf,negative,pursuing,,PSLF
1i1kiuz,policy_uncertainty,general_pslf,positive,pursuing,,PSLF
1i3ssxq,general_question,general_pslf,neutral,pursuing,,PSLF
1i5xtyi,financial_planning,general_pslf,neutral,pursuing,,PSLF
1i87p97,financial_planning,general_pslf,neutral,pursuing,,PSLF
1i93osj,financial_planning,general_pslf,positive,pursuing,,PSLF
1ik5uqp,financial_planning,general_pslf,neutral,pursuing,,PSLF
1ilmq7j,general_question,general_pslf,negative,pursuing,,PSLF
1itjr3e,servicer_issues,general_pslf,neutral,pursuing,,PSLF
1iu8qr9,servicer_issues,general_pslf,positive,pursuing,,PSLF
1iuyd6t,servicer_issues,general_pslf,negative,pursuing,,PSLF
1iv1jp6,financial_planning,general_pslf,neutral,pursuing,,PSLF
1iy9kde,policy_uncertainty,general_pslf,negative,pursuing,,PSLF
1iyduhv,financial_planning,general_pslf,positive,pursuing,,PSLF
1iyry1q,financial_planning,general_pslf,neutral,pursuing,,PSLF
1jlf58m,general_question,general_pslf,neutral,pursuing,,PSLF
1jll5qi,financial_planning,general_pslf,neutral,considering,,PSLF
1k7qkfc,servicer_issues,general_pslf,negative,pursuing,,PSLF
1kb9wxi,policy_uncertainty,general_pslf,negative,pursuing,,PSLF
1kbfdmr,servicer_issues,general_pslf,very_negative,pursuing,,PSLF
1kc9br5,servicer_issues,general_pslf,very_negative,pursuing,,PSLF
1n514j3,policy_uncertainty,general_pslf,negative,rejecting,,PSLF
1naih9i,financial_planning,general_pslf,neutral,pursuing,,PSLF
1nax8sf,servicer_issues,general_pslf,neutral,pursuing,,PSLF
1ndfbq1,servicer_issues,general_pslf,negative,pursuing,,PSLF
1nrwb5x,servicer_issues,general_pslf,negative,unknown,,PSLF
1nwh1g2,financial_planning,general_pslf,positive,pursuing,,PSLF
1o5uof1,financial_planning,general_pslf,neutral,pursuing,,PSLF
1o6p25e,financial_planning,general_pslf,negative,pursuing,,PSLF
1o9vm7d,servicer_issues,general_pslf,very_negative,pursuing,,PSLF
1oc05ci,financial_planning,general_pslf,neutral,pursuing,,PSLF
1oj84q1,financial_planning,general_pslf,neutral,pursuing,,PSLF
1okdfg6,policy_uncertainty,general_pslf,negative,considering,,PSLF
1om7khk,success_story,general_pslf,positive,completed,,PSLF
1oqhcct,general_question,general_pslf,neutral,pursuing,,PSLF
1orwa18,success_story,general_pslf,positive,completed,,PSLF
1oubvqg,servicer_issues,general_pslf,negative,pursuing,,PSLF
1oyxu2g,financial_planning,general_pslf,neutral,pursuing,,PSLF
1p0mnla,servicer_issues,general_pslf,negative,pursuing,,PSLF
1p397ct,servicer_issues,general_pslf,negative,pursuing,,PSLF
1pez1lu,financial_planning,general_pslf,neutral,pursuing,,PSLF
1pj91h3,servicer_issues,general_pslf,negative,pursuing,,PSLF
1pmvv8r,financial_planning,general_pslf,neutral,pursuing,,PSLF
1pqysxp,policy_uncertainty,general_pslf,negative,pursuing,,PSLF
1pt5xzs,financial_planning,general_pslf,neutral,unknown,,PSLF
1ptukiv,financial_planning,general_pslf,neutral,pursuing,,PSLF
1punjd1,general_question,general_pslf,neutral,pursuing,,PSLF
16pu56s,financial_planning,general_pslf,neutral,pursuing,,PSLF
1cyhhpp,servicer_issues,general_pslf,negative,pursuing,,PSLF
1e51a10,servicer_issues,general_pslf,negative,pursuing,,PSLF
1eb0rda,general_question,general_pslf,neutral,pursuing,,PSLF
1ershvr,servicer_issues,general_pslf,negative,pursuing,,PSLF
1fadz84,servicer_issues,general_pslf,neutral,pursuing,,PSLF
1fbklcb,servicer_issues,general_pslf,neutral,pursuing,,PSLF
1ftdrlf,parse_error,,parse_error,unknown,"```json
{""pslf_sentiment"": ""positive"", ""primary_topic"": ""servicer_issues"", ""pslf_stance"": ""pursuing""}
```",
1fwmw6g,success_story,general_pslf,positive,pursuing,,PSLF
1fzxfxo,financial_planning,general_pslf,neutral,pursuing,,PSLF
1g27r3h,financial_planning,general_pslf,neutral,unknown,,PSLF
1gcq95s,financial_planning,general_pslf,positive,pursuing,,PSLF
1ghhj9i,financial_planning,general_pslf,neutral,pursuing,,PSLF
1iazav3,general_question,general_pslf,neutral,unknown,,PSLF
1iq65q7,servicer_issues,general_pslf,positive,pursuing,,PSLF
1irl5nj,financial_planning,general_pslf,positive,pursuing,,PSLF
1isr72u,servicer_issues,general_pslf,neutral,pursuing,,PSLF
1itpg4w,financial_planning,general_pslf,negative,pursuing,,PSLF
1iwe8ib,servicer_issues,general_pslf,negative,pursuing,,PSLF
1jtkjsw,financial_planning,general_pslf,neutral,pursuing,,PSLF
1k2c7xb,servicer_issues,general_pslf,negative,pursuing,,PSLF
1k97qrl,financial_planning,general_pslf,positive,pursuing,,PSLF
1ncwqv4,financial_planning,general_pslf,positive,pursuing,,PSLF
1nlyxoi,financial_planning,general_pslf,positive,pursuing,,PSLF
1nn8xri,financial_planning,general_pslf,neutral,pursuing,,PSLF
1nr9tps,success_story,general_pslf,very_positive,completed,,PSLF
1oclir4,servicer_issues,general_pslf,negative,pursuing,,PSLF
1p0p1d4,financial_planning,general_pslf,positive,pursuing,,PSLF
1pe1eoy,general_question,general_pslf,negative,pursuing,,PSLF
1plxu2d,general_question,general_pslf,neutral,considering,,PSLF
1pnorka,parse_error,,parse_error,unknown,"```json
{""pslf_sentiment"": ""neutral"", ""primary_topic"": ""financial_planning"", ""pslf_stance"": ""pursuing""}
```",
1ppyek6,general_question,general_pslf,neutral,pursuing,,PSLF
1pqspmu,servicer_issues,general_pslf,positive,pursuing,,PSLF
1pwztpp,financial_planning,general_pslf,neutral,pursuing,,PSLF
q93zfx,success_story,general_pslf,positive,pursuing,,PSLF
qqjzgm,servicer_issues,general_pslf,negative,pursuing,,PSLF
sl9bp9,general_question,general_pslf,neutral,pursuing,,PSLF
v1gg1u,financial_planning,general_pslf,neutral,unknown,,PSLF
v4axpa,success_story,general_pslf,very_positive,completed,,PSLF
14xtuk0,financial_planning,general_pslf,neutral,unknown,,PSLF
1elktn2,policy_uncertainty,general_pslf,negative,pursuing,,PSLF
1f3zhak,policy_uncertainty,general_pslf,negative,pursuing,,PSLF
1hwuigw,success_story,general_pslf,very_positive,completed,,PSLF
oh802y,general_question,general_student_loans,neutral,considering,,StudentLoans
osv69q,general_question,general_student_loans,neutral,unknown,,StudentLoans
oydu74,financial_planning,general_student_loans,neutral,pursuing,,StudentLoans
oys422,career_impact,general_student_loans,positive,pursuing,,StudentLoans
oz7314,financial_planning,general_student_loans,negative,rejecting,,StudentLoans
ozsqf0,financial_planning,general_student_loans,neutral,pursuing,,StudentLoans
p146tv,policy_uncertainty,general_student_loans,positive,pursuing,,StudentLoans
p7i5mu,general_question,general_student_loans,neutral,considering,,StudentLoans
p7jb5z,financial_planning,general_student_loans,positive,pursuing,,StudentLoans
phe16u,policy_uncertainty,general_student_loans,negative,considering,,StudentLoans
pl9wgt,financial_planning,general_student_loans,neutral,considering,,StudentLoans
pluxad,servicer_issues,general_student_loans,negative,considering,,StudentLoans
pmqzds,general_question,general_student_loans,neutral,unknown,,StudentLoans
ppojsv,policy_uncertainty,general_student_loans,neutral,unknown,,StudentLoans
pq69x3,general_question,general_student_loans,negative,pursuing,,StudentLoans
pwa0rh,financial_planning,general_student_loans,positive,pursuing,,StudentLoans
pxj2fx,career_impact,general_student_loans,positive,pursuing,,StudentLoans
q2t33u,parse_error,,parse_error,unknown,"```json
{""pslf_sentiment"": ""neutral"", ""primary_topic"": ""general_question"", ""pslf_stance"": ""considering""}
```",
q46ye0,general_question,general_student_loans,neutral,pursuing,,StudentLoans
qb39w8,general_question,general_student_loans,neutral,considering,,StudentLoans
qmjdx0,financial_planning,general_student_loans,positive,pursuing,,StudentLoans
qn4rnr,financial_planning,general_student_loans,negative,considering,,StudentLoans
qo06i6,financial_planning,general_student_loans,neutral,pursuing,,StudentLoans
qqbhyb,financial_planning,general_student_loans,neutral,considering,,StudentLoans
qqze4g,general_question,general_student_loans,neutral,unknown,,StudentLoans
qs3dzv,general_question,general_student_loans,neutral,considering,,StudentLoans
quoe1q,policy_uncertainty,general_student_loans,negative,unknown,,StudentLoans
qvfgjp,general_question,general_student_loans,positive,pursuing,,StudentLoans
qwirei,servicer_issues,general_student_loans,neutral,pursuing,,StudentLoans
r0qvyw,financial_planning,general_student_loans,neutral,considering,,StudentLoans
r2ugsh,parse_error,,parse_error,unknown,"```json
{""pslf_sentiment"": ""neutral"", ""primary_topic"": ""financial_planning"", ""pslf_stance"": ""rejecting""}
```",
r37ooc,financial_planning,general_student_loans,neutral,unknown,,StudentLoans
r3iqjp,financial_planning,general_student_loans,neutral,rejecting,,StudentLoans
r3qncq,financial_planning,general_student_loans,neutral,considering,,StudentLoans
r5av92,financial_planning,general_student_loans,neutral,considering,,StudentLoans
r7pvyg,financial_planning,general_student_loans,neutral,considering,,StudentLoans
radu4o,financial_planning,general_student_loans,negative,pursuing,,StudentLoans
rb7kkq,general_question,general_student_loans,neutral,pursuing,,StudentLoans
rbxbbw,financial_planning,general_student_loans,positive,pursuing,,StudentLoans
rcs8pl,general_question,general_student_loans,neutral,unknown,,StudentLoans
rjgt5h,servicer_issues,general_student_loans,neutral,pursuing,,StudentLoans
rmh0qf,general_question,general_student_loans,positive,pursuing,,StudentLoans
rqrpeh,career_impact,general_student_loans,neutral,considering,,StudentLoans
rsl2kj,financial_planning,general_student_loans,neutral,rejecting,,StudentLoans
rugb1u,general_question,general_student_loans,positive,pursuing,,StudentLoans
rv606m,financial_planning,general_student_loans,neutral,considering,,StudentLoans
sga0xs,policy_uncertainty,general_student_loans,positive,unknown,,StudentLoans
sjhozr,financial_planning,general_student_loans,neutral,considering,,StudentLoans
soi117,policy_uncertainty,general_student_loans,positive,unknown,,StudentLoans
st2o0q,parse_error,,parse_error,unknown,"```json
{""pslf_sentiment"": ""neutral"", ""primary_topic"": ""servicer_issues"", ""pslf_stance"": ""unknown""}
```",
swhqpr,financial_planning,general_student_loans,positive,pursuing,,StudentLoans
sya7is,career_impact,general_student_loans,neutral,considering,,StudentLoans
szx1lf,general_question,general_student_loans,neutral,considering,,StudentLoans
t6l6bn,financial_planning,general_student_loans,neutral,pursuing,,StudentLoans
t79yn4,policy_uncertainty,general_student_loans,positive,considering,,StudentLoans
t9qned,general_question,general_student_loans,negative,pursuing,,StudentLoans
tbqx7z,general_question,general_student_loans,positive,considering,,StudentLoans
tchka4,general_question,general_student_loans,positive,pursuing,,StudentLoans
tk7jny,servicer_issues,general_student_loans,negative,pursuing,,StudentLoans
tx9dyq,general_question,general_student_loans,positive,pursuing,,StudentLoans
txa2ox,general_question,general_student_loans,neutral,pursuing,,StudentLoans
txni3k,policy_uncertainty,general_student_loans,positive,unknown,,StudentLoans
txu7sn,general_question,general_student_loans,neutral,unknown,,StudentLoans
tz27ca,policy_uncertainty,general_student_loans,neutral,unknown,,StudentLoans
u0p652,parse_error,,parse_error,unknown,"```json
{""pslf_sentiment"": ""neutral"", ""primary_topic"": ""financial_planning"", ""pslf_stance"": ""rejecting""}
```",
u4n34a,financial_planning,general_student_loans,neutral,pursuing,,StudentLoans
u7bgc4,general_question,general_student_loans,neutral,unknown,,StudentLoans
u80f6x,general_question,general_student_loans,neutral,pursuing,,StudentLoans
u86s2q,financial_planning,general_student_loans,positive,considering,,StudentLoans
u87f1a,servicer_issues,general_student_loans,positive,pursuing,,StudentLoans
u942zn,general_question,general_student_loans,neutral,considering,,StudentLoans
ua6yc0,general_question,general_student_loans,neutral,considering,,StudentLoans
uc1jxz,general_question,general_student_loans,neutral,pursuing,,StudentLoans
ucycoc,financial_planning,general_student_loans,neutral,unknown,,StudentLoans
ultih5,general_question,general_student_loans,neutral,pursuing,,StudentLoans
um1eoa,policy_uncertainty,general_student_loans,positive,considering,,StudentLoans
umpbsg,financial_planning,general_student_loans,neutral,pursuing,,StudentLoans
umv3ck,financial_planning,general_student_loans,neutral,pursuing,,StudentLoans
unb3s8,success_story,general_student_loans,positive,pursuing,,StudentLoans
unqlt2,financial_planning,general_student_loans,neutral,pursuing,,StudentLoans
usuaks,policy_uncertainty,general_student_loans,neutral,pursuing,,StudentLoans
ut9j3s,financial_planning,general_student_loans,neutral,considering,,StudentLoans
uyiptj,general_question,general_student_loans,neutral,considering,,StudentLoans
uyx25x,financial_planning,general_student_loans,positive,pursuing,,StudentLoans
v6s47b,financial_planning,general_student_loans,negative,rejecting,,StudentLoans
v7efk9,policy_uncertainty,general_student_loans,neutral,unknown,,StudentLoans
v7o3cx,success_story,general_student_loans,very_positive,completed,,StudentLoans
va2xju,financial_planning,general_student_loans,positive,considering,,StudentLoans
vad3ze,general_question,general_student_loans,neutral,pursuing,,StudentLoans
vapa86,financial_planning,general_student_loans,positive,considering,,StudentLoans
vizl38,general_question,general_student_loans,neutral,considering,,StudentLoans
vj61zv,servicer_issues,general_student_loans,negative,pursuing,,StudentLoans
vs8ejx,servicer_issues,general_student_loans,negative,rejecting,,StudentLoans
vslwnl,policy_uncertainty,general_student_loans,neutral,unknown,,StudentLoans
vsolnl,general_question,general_student_loans,neutral,unknown,,StudentLoans
vvgtyy,financial_planning,general_student_loans,neutral,unknown,,StudentLoans
vz2w6p,financial_planning,general_student_loans,positive,pursuing,,StudentLoans
w0oveb,general_question,general_student_loans,positive,considering,,StudentLoans
w0u6il,financial_planning,general_student_loans,neutral,considering,,StudentLoans
w0zg9k,servicer_issues,general_student_loans,negative,pursuing,,StudentLoans
w2a794,success_story,general_student_loans,very_positive,completed,,StudentLoans
w2ziqr,general_question,general_student_loans,neutral,unknown,,StudentLoans
w4hgrj,general_question,general_student_loans,neutral,considering,,StudentLoans
w7sq32,general_question,general_student_loans,neutral,pursuing,,StudentLoans
wk2j43,general_question,general_student_loans,positive,considering,,StudentLoans
wqv76p,general_question,general_student_loans,neutral,unknown,,StudentLoans
wx2q3m,general_question,general_student_loans,neutral,pursuing,,StudentLoans
wx2rge,financial_planning,general_student_loans,positive,pursuing,,StudentLoans
wxerv7,general_question,general_student_loans,positive,considering,,StudentLoans
wxj0io,parse_error,,parse_error,unknown,"```json
{""pslf_sentiment"": ""neutral"", ""primary_topic"": ""general_question"", ""pslf_stance"": ""considering""}
```",
wyci97,general_question,general_student_loans,positive,pursuing,,StudentLoans
wyhoca,general_question,general_student_loans,neutral,pursuing,,StudentLoans
x08un7,general_question,general_student_loans,neutral,considering,,StudentLoans
x0szzo,financial_planning,general_student_loans,neutral,considering,,StudentLoans
x0z3dv,general_question,general_student_loans,neutral,pursuing,,StudentLoans
x15h4b,servicer_issues,general_student_loans,neutral,unknown,,StudentLoans
x15pxc,general_question,general_student_loans,negative,pursuing,,StudentLoans
x18n0y,financial_planning,general_student_loans,positive,pursuing,,StudentLoans
x92u4s,servicer_issues,general_student_loans,neutral,completed,,StudentLoans
xh2qir,financial_planning,general_student_loans,positive,pursuing,,StudentLoans
xkqbmm,financial_planning,general_student_loans,neutral,pursuing,,StudentLoans
xrmtds,success_story,general_student_loans,positive,pursuing,,StudentLoans
xsbfvz,policy_uncertainty,general_student_loans,negative,pursuing,,StudentLoans
xu1qs7,general_question,general_student_loans,neutral,considering,,StudentLoans
xvguhp,general_question,general_student_loans,negative,considering,,StudentLoans
xvl0af,general_question,general_student_loans,neutral,considering,,StudentLoans
xvmd8o,policy_uncertainty,general_student_loans,negative,pursuing,,StudentLoans
xvsnm0,general_question,general_student_loans,neutral,completed,,StudentLoans
xyxcwz,financial_planning,general_student_loans,positive,pursuing,,StudentLoans
y3cu4s,parse_error,,parse_error,unknown,"```json
{""pslf_sentiment"": ""neutral"", ""primary_topic"": ""policy_uncertainty"", ""pslf_stance"": ""considering""}
```",
y4vyyl,general_question,general_student_loans,neutral,rejecting,,StudentLoans
y6bdq0,servicer_issues,general_student_loans,negative,pursuing,,StudentLoans
y6x2eh,parse_error,,parse_error,unknown,"```json
{""pslf_sentiment"": ""neutral"", ""primary_topic"": ""general_question"", ""pslf_stance"": ""unknown""}
```",
y73lm5,servicer_issues,general_student_loans,positive,pursuing,,StudentLoans
yark0j,general_question,general_student_loans,positive,pursuing,,StudentLoans
yccpcp,general_question,general_student_loans,positive,pursuing,,StudentLoans
ycfdwh,policy_uncertainty,general_student_loans,neutral,unknown,,StudentLoans
ycq5qj,servicer_issues,general_student_loans,negative,pursuing,,StudentLoans
ydlvh1,general_question,general_student_loans,negative,pursuing,,StudentLoans
ye60ao,financial_planning,general_student_loans,neutral,pursuing,,StudentLoans
yf05ct,financial_planning,general_student_loans,neutral,considering,,StudentLoans
yg85b1,general_question,general_student_loans,neutral,considering,,StudentLoans
ygoasz,servicer_issues,general_student_loans,negative,pursuing,,StudentLoans
yhmxkz,parse_error,,parse_error,unknown,"```json
{""pslf_sentiment"": ""neutral"", ""primary_topic"": ""general_question"", ""pslf_stance"": ""considering""}
```",
yjqj86,general_question,general_student_loans,neutral,pursuing,,StudentLoans
yot896,general_question,general_student_loans,positive,pursuing,,StudentLoans
z0pur1,policy_uncertainty,general_student_loans,neutral,unknown,,StudentLoans
13k7jmz,general_question,general_student_loans,neutral,considering,,StudentLoans
13z8w9i,servicer_issues,general_student_loans,negative,pursuing,,StudentLoans
14jt5fv,general_question,general_student_loans,neutral,considering,,StudentLoans
14p1d80,general_question,general_student_loans,negative,considering,,StudentLoans
14pq05d,general_question,general_student_loans,positive,pursuing,,StudentLoans
14v5lzd,financial_planning,general_student_loans,neutral,unknown,,StudentLoans
14zls1v,general_question,general_student_loans,neutral,unknown,,StudentLoans
1520fq5,general_question,general_student_loans,positive,considering,,StudentLoans
154frkm,servicer_issues,general_student_loans,positive,pursuing,,StudentLoans
157pfun,servicer_issues,general_student_loans,negative,pursuing,,StudentLoans
159c1pl,financial_planning,general_student_loans,positive,pursuing,,StudentLoans
15bl3ry,financial_planning,general_student_loans,positive,pursuing,,StudentLoans
15c45hz,general_question,general_student_loans,neutral,considering,,StudentLoans
15c78hx,financial_planning,general_student_loans,neutral,considering,,StudentLoans
15fr8v6,general_question,general_student_loans,neutral,pursuing,,StudentLoans
15frefa,career_impact,general_student_loans,neutral,considering,,StudentLoans
15gpzps,financial_planning,general_student_loans,neutral,rejecting,,StudentLoans
15gq9qo,servicer_issues,general_student_loans,positive,pursuing,,StudentLoans
15h466y,financial_planning,general_student_loans,neutral,considering,,StudentLoans
15kwysc,financial_planning,general_student_loans,neutral,rejecting,,StudentLoans
15l49n3,servicer_issues,general_student_loans,very_negative,pursuing,,StudentLoans
15nszxk,servicer_issues,general_student_loans,negative,pursuing,,StudentLoans
15r1pn8,general_question,general_student_loans,positive,pursuing,,StudentLoans
15r90l1,financial_planning,general_student_loans,neutral,considering,,StudentLoans
15rq78s,general_question,general_student_loans,positive,considering,,StudentLoans
15rtn8f,financial_planning,general_student_loans,neutral,considering,,StudentLoans
15yi2hy,financial_planning,general_student_loans,positive,pursuing,,StudentLoans
15z2biz,general_question,general_student_loans,neutral,considering,,StudentLoans
163h060,financial_planning,general_student_loans,neutral,pursuing,,StudentLoans
163jwnt,financial_planning,general_student_loans,neutral,considering,,StudentLoans
163mtya,financial_planning,general_student_loans,neutral,considering,,StudentLoans
163rf4a,financial_planning,general_student_loans,neutral,pursuing,,StudentLoans
165ooye,financial_planning,general_student_loans,positive,pursuing,,StudentLoans
165tkn5,financial_planning,general_student_loans,neutral,considering,,StudentLoans
166hpbz,financial_planning,general_student_loans,neutral,pursuing,,StudentLoans
167h7e8,servicer_issues,general_student_loans,negative,pursuing,,StudentLoans
168aepq,general_question,general_student_loans,neutral,unknown,,StudentLoans
16abalf,servicer_issues,general_student_loans,neutral,pursuing,,StudentLoans
16b43fh,general_question,general_student_loans,neutral,considering,,StudentLoans
16blofp,servicer_issues,general_student_loans,neutral,pursuing,,StudentLoans
16d2uz5,financial_planning,general_student_loans,neutral,considering,,StudentLoans
16duemp,financial_planning,general_student_loans,positive,pursuing,,StudentLoans
16g7gat,general_question,general_student_loans,neutral,considering,,StudentLoans
16gh6cl,financial_planning,general_student_loans,positive,pursuing,,StudentLoans
16kq005,financial_planning,general_student_loans,neutral,unknown,,StudentLoans
16lkq1m,general_question,general_student_loans,neutral,rejecting,,StudentLoans
16lyyzr,servicer_issues,general_student_loans,neutral,pursuing,,StudentLoans
16qb8ip,financial_planning,general_student_loans,negative,considering,,StudentLoans
16s5mng,servicer_issues,general_student_loans,positive,pursuing,,StudentLoans
16skkvd,general_question,general_student_loans,neutral,pursuing,,StudentLoans
16ujv8s,servicer_issues,general_student_loans,positive,pursuing,,StudentLoans
16ytl2l,general_question,general_student_loans,positive,pursuing,,StudentLoans
17aumg9,financial_planning,general_student_loans,neutral,considering,,StudentLoans
17fauy9,general_question,general_student_loans,positive,pursuing,,StudentLoans
17w7kxn,financial_planning,general_student_loans,positive,pursuing,,StudentLoans
1838752,financial_planning,general_student_loans,positive,pursuing,,StudentLoans
187znry,financial_planning,general_student_loans,positive,pursuing,,StudentLoans
18bhxi1,general_question,general_student_loans,neutral,considering,,StudentLoans
18egp36,financial_planning,general_student_loans,neutral,pursuing,,StudentLoans
18l4az0,general_question,general_student_loans,neutral,considering,,StudentLoans
18mz0v5,financial_planning,general_student_loans,positive,pursuing,,StudentLoans
1cz0v3w,general_question,general_student_loans,negative,pursuing,,StudentLoans
1d6gubd,general_question,general_student_loans,neutral,unknown,,StudentLoans
1d86422,financial_planning,general_student_loans,positive,considering,,StudentLoans
1dc0wzu,success_story,general_student_loans,positive,pursuing,,StudentLoans
1dlu0ch,servicer_issues,general_student_loans,negative,pursuing,,StudentLoans
1dn1943,parse_error,,parse_error,unknown,"```json
{""pslf_sentiment"": ""neutral"", ""primary_topic"": ""general_question"", ""pslf_stance"": ""considering""}
```",
1dngvkp,general_question,general_student_loans,positive,considering,,StudentLoans
1dqxbps,career_impact,general_student_loans,positive,considering,,StudentLoans
1dse5xp,general_question,general_student_loans,neutral,considering,,StudentLoans
1dyfiad,financial_planning,general_student_loans,neutral,pursuing,,StudentLoans
1dz9v1i,policy_uncertainty,general_student_loans,negative,pursuing,,StudentLoans
1e02iqq,general_question,general_student_loans,positive,pursuing,,StudentLoans
1e6vrbn,financial_planning,general_student_loans,negative,rejecting,,StudentLoans
1e88sci,general_question,general_student_loans,neutral,pursuing,,StudentLoans
1ee06te,financial_planning,general_student_loans,positive,pursuing,,StudentLoans
1ef6l8n,career_impact,general_student_loans,positive,considering,,StudentLoans
1ehkkfr,general_question,general_student_loans,neutral,rejecting,,StudentLoans
1ejx12v,policy_uncertainty,general_student_loans,negative,pursuing,,StudentLoans
1ejz7jo,general_question,general_student_loans,neutral,pursuing,,StudentLoans
1emrqi5,general_question,general_student_loans,neutral,pursuing,,StudentLoans
1ez2gpn,financial_planning,general_student_loans,negative,considering,,StudentLoans
1ezewfk,policy_uncertainty,general_student_loans,neutral,unknown,,StudentLoans
1f8seoz,general_question,general_student_loans,positive,pursuing,,StudentLoans
1fgppgv,financial_planning,general_student_loans,neutral,considering,,StudentLoans
1fp05w3,servicer_issues,general_student_loans,negative,pursuing,,StudentLoans
1fqclo5,parse_error,,parse_error,unknown,"```json
{""pslf_sentiment"": ""negative"", ""primary_topic"": ""servicer_issues"", ""pslf_stance"": ""pursuing""}
```",
1fu3m3z,policy_uncertainty,general_student_loans,negative,pursuing,,StudentLoans
1fz1rsh,financial_planning,general_student_loans,positive,pursuing,,StudentLoans
1g839dn,servicer_issues,general_student_loans,neutral,pursuing,,StudentLoans
1gi4bsh,policy_uncertainty,general_student_loans,negative,considering,,StudentLoans
1hxgifd,financial_planning,general_student_loans,neutral,rejecting,,StudentLoans
1hy6jr5,policy_uncertainty,general_student_loans,positive,pursuing,,StudentLoans
1i0r1f6,financial_planning,general_student_loans,positive,pursuing,,StudentLoans
1i1mpp6,servicer_issues,general_student_loans,negative,pursuing,,StudentLoans
1i22d6w,financial_planning,general_student_loans,neutral,pursuing,,StudentLoans
1i88h8o,servicer_issues,general_student_loans,negative,pursuing,,StudentLoans
1ibjy9e,parse_error,,parse_error,unknown,"```json
{""pslf_sentiment"": ""neutral"", ""primary_topic"": ""financial_planning"", ""pslf_stance"": ""considering""}
```",
1ieku6x,policy_uncertainty,general_student_loans,negative,pursuing,,StudentLoans
1ihq2xn,servicer_issues,general_student_loans,negative,pursuing,,StudentLoans
1irjk22,success_story,general_student_loans,positive,completed,,StudentLoans
1isjx6x,policy_uncertainty,general_student_loans,negative,pursuing,,StudentLoans
1isr5m6,policy_uncertainty,general_student_loans,negative,completed,,StudentLoans
1iyocr2,general_question,general_student_loans,neutral,considering,,StudentLoans
1j20t1f,financial_planning,general_student_loans,positive,pursuing,,StudentLoans
1j44gwg,servicer_issues,general_student_loans,negative,pursuing,,StudentLoans
1j53zb5,financial_planning,general_student_loans,neutral,rejecting,,StudentLoans
1jaukxm,servicer_issues,general_student_loans,negative,pursuing,,StudentLoans
1jgpui4,general_question,general_student_loans,neutral,considering,,StudentLoans
1jiehmp,financial_planning,general_student_loans,neutral,pursuing,,StudentLoans
1jq4bdt,servicer_issues,general_student_loans,neutral,pursuing,,StudentLoans
1jr6b3u,career_impact,general_student_loans,positive,considering,,StudentLoans
1k0suie,general_question,general_student_loans,neutral,pursuing,,StudentLoans
1kaul5l,general_question,general_student_loans,neutral,rejecting,,StudentLoans
1ndhrfi,parse_error,,parse_error,unknown,"```json
{""pslf_sentiment"": ""very_negative"", ""primary_topic"": ""servicer_issues"", ""pslf_stance"": ""pursuing""}
```",
1nijv6x,servicer_issues,general_student_loans,negative,pursuing,,StudentLoans
1o6k69f,general_question,general_student_loans,neutral,pursuing,,StudentLoans
1ooep7m,servicer_issues,general_student_loans,neutral,pursuing,,StudentLoans
1op5qi7,financial_planning,general_student_loans,positive,pursuing,,StudentLoans
1oq7nip,servicer_issues,general_student_loans,negative,pursuing,,StudentLoans
1otx19d,parse_error,,parse_error,unknown,"```json
{""pslf_sentiment"": ""neutral"", ""primary_topic"": ""policy_uncertainty"", ""pslf_stance"": ""unknown""}
```",
pzi32i,career_impact,general_student_loans,negative,considering,,StudentLoans
r86k36,financial_planning,general_student_loans,neutral,unknown,,StudentLoans
ro95xm,general_question,general_student_loans,unknown,unknown,,StudentLoans
sjwr00,financial_planning,general_student_loans,positive,pursuing,,StudentLoans
tebkyy,financial_planning,general_student_loans,positive,pursuing,,StudentLoans
vwoux6,financial_planning,general_student_loans,neutral,unknown,,StudentLoans
vwxcco,general_question,general_student_loans,neutral,considering,,StudentLoans
y3b5iz,general_question,general_student_loans,neutral,unknown,,StudentLoans
p3w0hj,general_question,general_student_loans,neutral,unknown,,StudentLoans
ptcn0s,servicer_issues,general_student_loans,neutral,pursuing,,StudentLoans
q2rnj2,general_question,general_student_loans,neutral,unknown,,StudentLoans
qtwp6u,servicer_issues,general_student_loans,neutral,unknown,,StudentLoans
r1fzcw,general_question,general_student_loans,unknown,unknown,,StudentLoans
r24gt3,servicer_issues,general_student_loans,neutral,unknown,,StudentLoans
r5j5yp,servicer_issues,general_student_loans,neutral,unknown,,StudentLoans
r6ul4t,servicer_issues,general_student_loans,neutral,unknown,,StudentLoans
rge8bj,servicer_issues,general_student_loans,neutral,unknown,,StudentLoans
rjph3a,servicer_issues,general_student_loans,neutral,unknown,,StudentLoans
rjwbtx,policy_uncertainty,general_student_loans,negative,rejecting,,StudentLoans
rohr0h,servicer_issues,general_student_loans,neutral,pursuing,,StudentLoans
rqmzsn,financial_planning,general_student_loans,neutral,rejecting,,StudentLoans
sdief2,general_question,general_student_loans,neutral,pursuing,,StudentLoans
sqivfr,servicer_issues,general_student_loans,neutral,unknown,,StudentLoans
tv92yv,servicer_issues,general_student_loans,negative,unknown,,StudentLoans
u6oaj2,financial_planning,general_student_loans,neutral,unknown,,StudentLoans
v3g5p4,servicer_issues,general_student_loans,neutral,unknown,,StudentLoans
vdmu84,servicer_issues,general_student_loans,neutral,unknown,,StudentLoans
vyr1c6,general_question,general_student_loans,neutral,pursuing,,StudentLoans
wvci5s,general_question,general_student_loans,neutral,unknown,,StudentLoans
wxajr3,servicer_issues,general_student_loans,very_negative,pursuing,,StudentLoans
x0hsis,general_question,general_student_loans,neutral,considering,,StudentLoans
x3gekp,servicer_issues,general_student_loans,neutral,unknown,,StudentLoans
xbtd55,servicer_issues,general_student_loans,negative,pursuing,,StudentLoans
xjhf02,servicer_issues,general_student_loans,neutral,unknown,,StudentLoans
xlr1mw,general_question,general_student_loans,neutral,unknown,,StudentLoans
xs246k,general_question,general_student_loans,neutral,unknown,,StudentLoans
xs3y67,servicer_issues,general_student_loans,negative,pursuing,,StudentLoans
xu4qj0,servicer_issues,general_student_loans,negative,pursuing,,StudentLoans
xuqbz2,servicer_issues,general_student_loans,negative,pursuing,,StudentLoans
xxea0s,servicer_issues,general_student_loans,negative,pursuing,,StudentLoans
xy1pph,servicer_issues,general_student_loans,negative,pursuing,,StudentLoans
y0n26u,servicer_issues,general_student_loans,negative,pursuing,,StudentLoans
y3j426,servicer_issues,general_student_loans,neutral,unknown,,StudentLoans
y4qac4,servicer_issues,general_student_loans,negative,unknown,,StudentLoans
y5q90d,general_question,general_student_loans,neutral,unknown,,StudentLoans
y6j5zq,servicer_issues,general_student_loans,neutral,pursuing,,StudentLoans
y6qbd6,servicer_issues,general_student_loans,negative,pursuing,,StudentLoans
ye8ufx,servicer_issues,general_student_loans,neutral,pursuing,,StudentLoans
yierd8,general_question,general_student_loans,neutral,unknown,,StudentLoans
yjonar,general_question,general_student_loans,neutral,unknown,,StudentLoans
ym96jy,general_question,general_student_loans,neutral,unknown,,StudentLoans
yqmsn2,servicer_issues,general_student_loans,neutral,pursuing,,StudentLoans
yy5xx5,general_question,general_student_loans,neutral,unknown,,StudentLoans
yynouf,servicer_issues,general_student_loans,negative,pursuing,,StudentLoans
yzr66u,servicer_issues,general_student_loans,neutral,unknown,,StudentLoans
14pqbpz,servicer_issues,general_student_loans,neutral,pursuing,,StudentLoans
157tjzv,financial_planning,general_student_loans,neutral,unknown,,StudentLoans
15c874e,financial_planning,general_student_loans,neutral,unknown,,StudentLoans
15cx1ja,servicer_issues,general_student_loans,negative,unknown,,StudentLoans
15hqwxf,servicer_issues,general_student_loans,neutral,unknown,,StudentLoans
15q7g4q,general_question,general_student_loans,neutral,unknown,,StudentLoans
15rudzb,success_story,general_student_loans,very_positive,completed,,StudentLoans
15rve5p,success_story,general_student_loans,positive,completed,,StudentLoans
15rwpos,parse_error,,parse_error,unknown,"```json
{""pslf_sentiment"": ""neutral"", ""primary_topic"": ""financial_planning"", ""pslf_stance"": ""unknown""}
```",
15s0ki9,success_story,general_student_loans,very_positive,completed,,StudentLoans
15s6yj6,servicer_issues,general_student_loans,neutral,unknown,,StudentLoans
15u9d18,financial_planning,general_student_loans,neutral,considering,,StudentLoans
15ujg8j,success_story,general_student_loans,very_positive,completed,,StudentLoans
15vsdb4,general_question,general_student_loans,neutral,considering,,StudentLoans
15xioqm,servicer_issues,general_student_loans,negative,pursuing,,StudentLoans
163l3lt,servicer_issues,general_student_loans,neutral,unknown,,StudentLoans
167ck3b,servicer_issues,general_student_loans,neutral,unknown,,StudentLoans
167de5a,servicer_issues,general_student_loans,neutral,unknown,,StudentLoans
167qutg,servicer_issues,general_student_loans,very_negative,rejecting,,StudentLoans
16nb4tj,general_question,general_student_loans,neutral,unknown,,StudentLoans
16ogc7u,servicer_issues,general_student_loans,neutral,pursuing,,StudentLoans
16ohlla,general_question,general_student_loans,neutral,unknown,,StudentLoans
16oynw9,servicer_issues,general_student_loans,negative,pursuing,,StudentLoans
16pbkhi,servicer_issues,general_student_loans,neutral,pursuing,,StudentLoans
16rfdb8,servicer_issues,general_student_loans,neutral,unknown,,StudentLoans
16tlmsd,servicer_issues,general_student_loans,neutral,unknown,,StudentLoans
1707w8r,general_question,general_student_loans,neutral,unknown,,StudentLoans
171yduh,servicer_issues,general_student_loans,negative,pursuing,,StudentLoans
173tcx0,servicer_issues,general_student_loans,neutral,unknown,,StudentLoans
1799taz,servicer_issues,general_student_loans,negative,pursuing,,StudentLoans
17a9usn,parse_error,,parse_error,unknown,"```json
{""pslf_sentiment"": ""neutral"", ""primary_topic"": ""servicer_issues"", ""pslf_stance"": ""unknown""}
```",
17etf9c,financial_planning,general_student_loans,neutral,pursuing,,StudentLoans
17gbclr,general_question,general_student_loans,neutral,unknown,,StudentLoans
17vj6qf,general_question,general_student_loans,neutral,unknown,,StudentLoans
17xcolg,servicer_issues,general_student_loans,negative,unknown,,StudentLoans
181ri05,servicer_issues,general_student_loans,neutral,pursuing,,StudentLoans
1883gd4,financial_planning,general_student_loans,neutral,unknown,,StudentLoans
18go1m5,servicer_issues,general_student_loans,negative,pursuing,,StudentLoans
18ii8k3,servicer_issues,general_student_loans,negative,unknown,,StudentLoans
18jakl5,servicer_issues,general_student_loans,negative,unknown,,StudentLoans
18ozvkq,financial_planning,general_student_loans,neutral,unknown,,StudentLoans
1cv1uej,servicer_issues,general_student_loans,neutral,unknown,,StudentLoans
1cw4c7m,servicer_issues,general_student_loans,neutral,pursuing,,StudentLoans
1d1s3oy,general_question,general_student_loans,neutral,pursuing,,StudentLoans
1d26xv3,servicer_issues,general_student_loans,neutral,unknown,,StudentLoans
1d82drf,servicer_issues,general_student_loans,negative,pursuing,,StudentLoans
1d9s502,servicer_issues,general_student_loans,negative,pursuing,,StudentLoans
1dc6lxk,servicer_issues,general_student_loans,negative,pursuing,,StudentLoans
1dho5rb,servicer_issues,general_student_loans,neutral,unknown,,StudentLoans
1dluj7n,servicer_issues,general_student_loans,negative,unknown,,StudentLoans
1drc7qb,general_question,general_student_loans,neutral,considering,,StudentLoans
1drgxup,servicer_issues,general_student_loans,negative,pursuing,,StudentLoans
1dszlfo,servicer_issues,general_student_loans,negative,pursuing,,StudentLoans
1du9x7l,general_question,general_student_loans,positive,pursuing,,StudentLoans
1e119jw,general_question,general_student_loans,neutral,unknown,,StudentLoans
1e2nro3,servicer_issues,general_student_loans,neutral,unknown,,StudentLoans
1e3untn,servicer_issues,general_student_loans,neutral,unknown,,StudentLoans
1e58jqb,servicer_issues,general_student_loans,neutral,pursuing,,StudentLoans
1eaerry,servicer_issues,general_student_loans,neutral,unknown,,StudentLoans
1esd5ho,servicer_issues,general_student_loans,negative,pursuing,,StudentLoans
1esgzwj,servicer_issues,general_student_loans,negative,pursuing,,StudentLoans
1et3xu4,servicer_issues,general_student_loans,very_negative,unknown,,StudentLoans
1eth3jd,servicer_issues,general_student_loans,neutral,pursuing,,StudentLoans
1exdhor,servicer_issues,general_student_loans,negative,pursuing,,StudentLoans
1fety5o,servicer_issues,general_student_loans,negative,unknown,,StudentLoans
1fgdors,servicer_issues,general_student_loans,very_negative,unknown,,StudentLoans
1fyjc16,general_question,general_student_loans,neutral,unknown,,StudentLoans
1g0xydh,servicer_issues,general_student_loans,negative,pursuing,,StudentLoans
1g1nj6w,servicer_issues,general_student_loans,negative,pursuing,,StudentLoans
1g52rtm,servicer_issues,general_student_loans,negative,pursuing,,StudentLoans
1gfp4gy,general_question,general_student_loans,neutral,considering,,StudentLoans
1hwop94,servicer_issues,general_student_loans,negative,unknown,,StudentLoans
1i4cc3g,servicer_issues,general_student_loans,negative,unknown,,StudentLoans
1i7kbfb,servicer_issues,general_student_loans,negative,pursuing,,StudentLoans
1ichyra,servicer_issues,general_student_loans,negative,unknown,,StudentLoans
1ie7gxq,servicer_issues,general_student_loans,neutral,pursuing,,StudentLoans
1iek9wb,servicer_issues,general_student_loans,neutral,unknown,,StudentLoans
1iignnf,servicer_issues,general_student_loans,negative,unknown,,StudentLoans
1iuzpfb,financial_planning,general_student_loans,neutral,considering,,StudentLoans
1ivll9u,general_question,general_student_loans,neutral,unknown,,StudentLoans
1ivo33r,servicer_issues,general_student_loans,negative,unknown,,StudentLoans
1ix6atd,servicer_issues,general_student_loans,neutral,pursuing,,StudentLoans
1j24uuv,servicer_issues,general_student_loans,negative,pursuing,,StudentLoans
1j2n71x,servicer_issues,general_student_loans,neutral,unknown,,StudentLoans
1j2sluq,servicer_issues,general_student_loans,neutral,unknown,,StudentLoans
1j3x41g,servicer_issues,general_student_loans,neutral,pursuing,,StudentLoans
1j8rxf1,servicer_issues,general_student_loans,neutral,unknown,,StudentLoans
1jbx71w,servicer_issues,general_student_loans,neutral,pursuing,,StudentLoans
1jfe3co,servicer_issues,general_student_loans,neutral,unknown,,StudentLoans
1jhte7y,general_question,general_student_loans,neutral,pursuing,,StudentLoans
1jkk6zp,servicer_issues,general_student_loans,negative,unknown,,StudentLoans
1jo7bsy,servicer_issues,general_student_loans,neutral,unknown,,StudentLoans
1jq128w,servicer_issues,general_student_loans,neutral,unknown,,StudentLoans
1jqsz7u,servicer_issues,general_student_loans,negative,pursuing,,StudentLoans
1jul1wg,servicer_issues,general_student_loans,negative,pursuing,,StudentLoans
1jx07yy,servicer_issues,general_student_loans,neutral,unknown,,StudentLoans
1jyzsow,servicer_issues,general_student_loans,neutral,unknown,,StudentLoans
1k1erc6,servicer_issues,general_student_loans,neutral,unknown,,StudentLoans
1k58dqo,financial_planning,general_student_loans,neutral,unknown,,StudentLoans
1k786xp,servicer_issues,general_student_loans,neutral,unknown,,StudentLoans
1kaywtk,servicer_issues,general_student_loans,negative,pursuing,,StudentLoans
1kdc1y3,servicer_issues,general_student_loans,neutral,unknown,,StudentLoans
1kde7m9,servicer_issues,general_student_loans,neutral,unknown,,StudentLoans
1n8ohcj,servicer_issues,general_student_loans,very_negative,unknown,,StudentLoans
1ncgzwk,servicer_issues,general_student_loans,negative,unknown,,StudentLoans
1o5n2jr,servicer_issues,general_student_loans,negative,pursuing,,StudentLoans
1oe4l9q,financial_planning,general_student_loans,neutral,unknown,,StudentLoans
1oq0slw,servicer_issues,general_student_loans,neutral,unknown,,StudentLoans
1ow0eeu,policy_uncertainty,general_student_loans,negative,pursuing,,StudentLoans
1pbqnzc,general_question,general_student_loans,neutral,unknown,,StudentLoans
1pjxwd6,servicer_issues,general_student_loans,very_negative,pursuing,,StudentLoans
1pmxjpv,servicer_issues,general_student_loans,negative,pursuing,,StudentLoans
1pnz4yh,servicer_issues,general_student_loans,negative,pursuing,,StudentLoans
riwehu,servicer_issues,general_student_loans,neutral,pursuing,,StudentLoans
t16gvy,success_story,general_student_loans,very_positive,completed,,StudentLoans
u0had8,servicer_issues,general_student_loans,neutral,completed,,StudentLoans
op37er,financial_planning,general_student_loans,neutral,unknown,,StudentLoans
px724c,financial_planning,general_student_loans,neutral,unknown,,StudentLoans
qo2y3l,general_question,general_student_loans,neutral,unknown,,StudentLoans
qujj6f,financial_planning,general_student_loans,neutral,unknown,,StudentLoans
rfiojo,general_question,general_student_loans,neutral,considering,,StudentLoans
ri0ys2,general_question,general_student_loans,neutral,unknown,,StudentLoans
tirnie,general_question,general_student_loans,neutral,unknown,,StudentLoans
tku3cr,financial_planning,general_student_loans,neutral,unknown,,StudentLoans
ujtffa,financial_planning,general_student_loans,neutral,unknown,,StudentLoans
vhgdvg,general_question,general_student_loans,neutral,unknown,,StudentLoans
wwzc5j,financial_planning,general_student_loans,neutral,pursuing,,StudentLoans
x6wozl,general_question,general_student_loans,neutral,unknown,,StudentLoans
12w5f8n,general_question,general_student_loans,neutral,pursuing,,StudentLoans
14gcg1a,financial_planning,general_student_loans,neutral,unknown,,StudentLoans
14x3jse,financial_planning,general_student_loans,neutral,unknown,,StudentLoans
1541r3i,financial_planning,general_student_loans,neutral,unknown,,StudentLoans
15knrn3,financial_planning,general_student_loans,negative,unknown,,StudentLoans
18d5eur,general_question,general_student_loans,neutral,considering,,StudentLoans
1doia1o,general_question,general_student_loans,neutral,pursuing,,StudentLoans
1eb6ing,servicer_issues,general_student_loans,neutral,unknown,,StudentLoans
1f3orrv,policy_uncertainty,general_student_loans,neutral,unknown,,StudentLoans
1fsvgop,financial_planning,general_student_loans,positive,pursuing,,StudentLoans
1j1rnqc,policy_uncertainty,general_student_loans,neutral,unknown,,StudentLoans
1j5yuhz,general_question,general_student_loans,neutral,unknown,,StudentLoans
1jcteoz,financial_planning,general_student_loans,neutral,unknown,,StudentLoans
1k1jaxw,financial_planning,general_student_loans,neutral,unknown,,StudentLoans
1ndfguc,servicer_issues,general_student_loans,neutral,unknown,,StudentLoans
1nvvfct,frustration_venting,general_student_loans,neutral,unknown,,StudentLoans
rfjky5,financial_planning,general_student_loans,neutral,unknown,,StudentLoans
14tex8c,financial_planning,general_student_loans,neutral,unknown,,StudentLoans
14x65x7,financial_planning,general_student_loans,neutral,unknown,,StudentLoans
14yvzzn,financial_planning,general_student_loans,neutral,unknown,,StudentLoans
14zqppr,general_question,general_student_loans,neutral,unknown,,StudentLoans
1515fjc,financial_planning,general_student_loans,neutral,unknown,,StudentLoans
152i9m0,financial_planning,general_student_loans,neutral,unknown,,StudentLoans
154bhsp,financial_planning,general_student_loans,neutral,unknown,,StudentLoans
1570t6m,parse_error,,parse_error,unknown,"```json
{""pslf_sentiment"": ""negative"", ""primary_topic"": ""financial_planning"", ""pslf_stance"": ""pursuing""}
```",
157301o,financial_planning,general_student_loans,neutral,unknown,,StudentLoans
158jxgf,financial_planning,general_student_loans,neutral,unknown,,StudentLoans
1597375,servicer_issues,general_student_loans,negative,pursuing,,StudentLoans
159looq,parse_error,,parse_error,unknown,"```json
{""pslf_sentiment"": ""neutral"", ""primary_topic"": ""general_question"", ""pslf_stance"": ""unknown""}
```",
15d0r8z,financial_planning,general_student_loans,neutral,unknown,,StudentLoans
15gqbp5,parse_error,,parse_error,unknown,"```json
{""pslf_sentiment"": ""negative"", ""primary_topic"": ""servicer_issues"", ""pslf_stance"": ""unknown""}
```",
15hinqw,financial_planning,general_student_loans,neutral,unknown,,StudentLoans
15mr5yp,financial_planning,general_student_loans,neutral,unknown,,StudentLoans
15tom7f,general_question,general_student_loans,neutral,unknown,,StudentLoans
15zbwff,financial_planning,general_student_loans,neutral,unknown,,StudentLoans
161i8gz,general_question,general_student_loans,neutral,unknown,,StudentLoans
162a00y,general_question,general_student_loans,neutral,unknown,,StudentLoans
16310ei,financial_planning,general_student_loans,neutral,unknown,,StudentLoans
163r7pr,financial_planning,general_student_loans,neutral,unknown,,StudentLoans
163w8hg,financial_planning,general_student_loans,neutral,unknown,,StudentLoans
165qohu,financial_planning,general_student_loans,neutral,unknown,,StudentLoans
165ygq4,financial_planning,general_student_loans,negative,considering,,StudentLoans
1668wbc,financial_planning,general_student_loans,neutral,unknown,,StudentLoans
166na6c,financial_planning,general_student_loans,neutral,unknown,,StudentLoans
167np0p,financial_planning,general_student_loans,neutral,unknown,,StudentLoans
16ctufc,parse_error,,parse_error,unknown,"```json
{""pslf_sentiment"": ""neutral"", ""primary_topic"": ""financial_planning"", ""pslf_stance"": ""considering""}
```",
16cy38q,financial_planning,general_student_loans,neutral,unknown,,StudentLoans
16cy3tk,policy_uncertainty,general_student_loans,neutral,unknown,,StudentLoans
16d8svl,financial_planning,general_student_loans,neutral,unknown,,StudentLoans
16e73qt,financial_planning,general_student_loans,neutral,unknown,,StudentLoans
16f5gxi,servicer_issues,general_student_loans,negative,pursuing,,StudentLoans
16gj5qh,general_question,general_student_loans,neutral,unknown,,StudentLoans
16gll7e,general_question,general_student_loans,neutral,unknown,,StudentLoans
16gy498,general_question,general_student_loans,neutral,unknown,,StudentLoans
16i6ovh,financial_planning,general_student_loans,neutral,unknown,,StudentLoans
16il1cf,financial_planning,general_student_loans,neutral,unknown,,StudentLoans
16l9scu,financial_planning,general_student_loans,neutral,unknown,,StudentLoans
16n35dt,financial_planning,general_student_loans,neutral,considering,,StudentLoans
16ntuhc,financial_planning,general_student_loans,neutral,pursuing,,StudentLoans
16on4db,servicer_issues,general_student_loans,neutral,unknown,,StudentLoans
16rabln,financial_planning,general_student_loans,neutral,unknown,,StudentLoans
173r0pq,financial_planning,general_student_loans,neutral,unknown,,StudentLoans
177uqhi,servicer_issues,general_student_loans,negative,pursuing,,StudentLoans
17acim7,financial_planning,general_student_loans,neutral,unknown,,StudentLoans
17gzpln,financial_planning,general_student_loans,neutral,unknown,,StudentLoans
17q7egj,general_question,general_student_loans,neutral,unknown,,StudentLoans
17totbt,servicer_issues,general_student_loans,negative,pursuing,,StudentLoans
18575gb,policy_uncertainty,general_student_loans,neutral,unknown,,StudentLoans
185vaai,parse_error,,parse_error,unknown,"```json
{""pslf_sentiment"": ""neutral"", ""primary_topic"": ""financial_planning"", ""pslf_stance"": ""considering""}
```",
18628e1,servicer_issues,general_student_loans,neutral,unknown,,StudentLoans
1cq4kdv,financial_planning,general_student_loans,neutral,unknown,,StudentLoans
1cr80a5,financial_planning,general_student_loans,neutral,unknown,,StudentLoans
1crb3wm,financial_planning,general_student_loans,neutral,unknown,,StudentLoans
1d8zfo8,general_question,general_student_loans,neutral,unknown,,StudentLoans
1dbtobv,financial_planning,general_student_loans,neutral,unknown,,StudentLoans
1dic0lj,financial_planning,general_student_loans,positive,pursuing,,StudentLoans
1djnft4,general_question,general_student_loans,neutral,unknown,,StudentLoans
1dpwrd6,financial_planning,general_student_loans,neutral,unknown,,StudentLoans
1dwt7y2,financial_planning,general_student_loans,neutral,unknown,,StudentLoans
1dxx3s5,financial_planning,general_student_loans,neutral,unknown,,StudentLoans
1dzm7jg,policy_uncertainty,general_student_loans,neutral,pursuing,,StudentLoans
1e0tq63,financial_planning,general_student_loans,neutral,unknown,,StudentLoans
1e9h73h,policy_uncertainty,general_student_loans,negative,pursuing,,StudentLoans
1ek3glw,financial_planning,general_student_loans,neutral,unknown,,StudentLoans
1erx3pd,financial_planning,general_student_loans,neutral,unknown,,StudentLoans
1f2yyht,policy_uncertainty,general_student_loans,neutral,unknown,,StudentLoans
1fkc0fk,policy_uncertainty,general_student_loans,negative,pursuing,,StudentLoans
1fkkjny,servicer_issues,general_student_loans,negative,pursuing,,StudentLoans
1g2vbvw,financial_planning,general_student_loans,neutral,unknown,,StudentLoans
1g4pg1j,financial_planning,general_student_loans,neutral,unknown,,StudentLoans
1giuhlb,policy_uncertainty,general_student_loans,negative,considering,,StudentLoans
1gjwche,financial_planning,general_student_loans,neutral,unknown,,StudentLoans
1hvd886,general_question,general_student_loans,positive,pursuing,,StudentLoans
1i5tzt3,parse_error,,parse_error,unknown,"```json
{""pslf_sentiment"": ""neutral"", ""primary_topic"": ""policy_uncertainty"", ""pslf_stance"": ""unknown""}
```",
1i8j53w,financial_planning,general_student_loans,neutral,unknown,,StudentLoans
1igwj87,servicer_issues,general_student_loans,neutral,pursuing,,StudentLoans
1ih6scy,general_question,general_student_loans,neutral,pursuing,,StudentLoans
1iljt3h,financial_planning,general_student_loans,neutral,pursuing,,StudentLoans
1isphc2,policy_uncertainty,general_student_loans,negative,unknown,,StudentLoans
1izjiqj,policy_uncertainty,general_student_loans,neutral,unknown,,StudentLoans
1jdt212,general_question,general_student_loans,neutral,unknown,,StudentLoans
1jfrxx2,servicer_issues,general_student_loans,neutral,unknown,,StudentLoans
1jiebov,servicer_issues,general_student_loans,neutral,unknown,,StudentLoans
1joy0pf,general_question,general_student_loans,neutral,unknown,,StudentLoans
1jvaam2,financial_planning,general_student_loans,neutral,unknown,,StudentLoans
1k5zqik,financial_planning,general_student_loans,neutral,unknown,,StudentLoans
1kcljdc,servicer_issues,general_student_loans,negative,pursuing,,StudentLoans
1ni2tsu,general_question,general_student_loans,neutral,unknown,,StudentLoans
1nqd7l5,servicer_issues,general_student_loans,negative,unknown,,StudentLoans
1nybrh9,general_question,general_student_loans,neutral,unknown,,StudentLoans
1o600s8,financial_planning,general_student_loans,neutral,unknown,,StudentLoans
1o6hjwm,parse_error,,parse_error,unknown,"```json
{""pslf_sentiment"": ""neutral"", ""primary_topic"": ""financial_planning"", ""pslf_stance"": ""unknown""}
```",
1oh0ojb,policy_uncertainty,general_student_loans,neutral,unknown,,StudentLoans
1oiuyty,financial_planning,general_student_loans,neutral,unknown,,StudentLoans
1osvfgi,policy_uncertainty,general_student_loans,negative,unknown,,StudentLoans
1pjqauw,policy_uncertainty,general_student_loans,negative,pursuing,,StudentLoans
1pmy1s0,financial_planning,general_student_loans,neutral,unknown,,StudentLoans
1pud79y,general_question,general_student_loans,neutral,unknown,,StudentLoans
1py25fi,financial_planning,general_student_loans,neutral,unknown,,StudentLoans
ojpfo6,financial_planning,general_student_loans,neutral,unknown,,StudentLoans
ox86qc,financial_planning,general_student_loans,neutral,unknown,,StudentLoans
oy9waf,financial_planning,general_student_loans,neutral,unknown,,StudentLoans
p8salv,financial_planning,general_student_loans,neutral,unknown,,StudentLoans
pa0r0s,financial_planning,general_student_loans,neutral,unknown,,StudentLoans
pan9ww,general_question,general_student_loans,neutral,unknown,,StudentLoans
pqq7mp,financial_planning,general_student_loans,neutral,unknown,,StudentLoans
pwudw4,financial_planning,general_student_loans,neutral,considering,,StudentLoans
qohr8o,financial_planning,general_student_loans,negative,considering,,StudentLoans
qulhqp,financial_planning,general_student_loans,neutral,unknown,,StudentLoans
r7iiwh,financial_planning,general_student_loans,neutral,considering,,StudentLoans
rcux35,financial_planning,general_student_loans,neutral,unknown,,StudentLoans
re8srd,financial_planning,general_student_loans,neutral,considering,,StudentLoans
rg72fp,policy_uncertainty,general_student_loans,neutral,pursuing,,StudentLoans
rg7oz4,financial_planning,general_student_loans,neutral,unknown,,StudentLoans
rlm650,financial_planning,general_student_loans,negative,pursuing,,StudentLoans
sipfb4,financial_planning,general_student_loans,neutral,pursuing,,StudentLoans
ss83q6,financial_planning,general_student_loans,neutral,pursuing,,StudentLoans
syr6z8,general_question,general_student_loans,neutral,unknown,,StudentLoans
twklf3,general_question,general_student_loans,neutral,pursuing,,StudentLoans
ue5uad,policy_uncertainty,general_student_loans,positive,pursuing,,StudentLoans
v8suf5,financial_planning,general_student_loans,neutral,unknown,,StudentLoans
z0qa87,financial_planning,general_student_loans,neutral,unknown,,StudentLoans
15j5vmv,financial_planning,general_student_loans,neutral,pursuing,,StudentLoans
15k3u49,financial_planning,general_student_loans,neutral,considering,,StudentLoans
160inax,financial_planning,general_student_loans,neutral,unknown,,StudentLoans
164ussh,financial_planning,general_student_loans,neutral,pursuing,,StudentLoans
16o0mbb,parse_error,,parse_error,unknown,"```json
{""pslf_sentiment"": ""neutral"", ""primary_topic"": ""financial_planning"", ""pslf_stance"": ""unknown""}
```",
16tmzn4,financial_planning,general_student_loans,neutral,unknown,,StudentLoans
17ijqs7,servicer_issues,general_student_loans,negative,pursuing,,StudentLoans
1fj42hu,general_question,general_student_loans,neutral,unknown,,StudentLoans
1iu5ipp,financial_planning,general_student_loans,neutral,unknown,,StudentLoans
1iyb42s,servicer_issues,general_student_loans,negative,unknown,,StudentLoans
1nhld0t,financial_planning,general_student_loans,neutral,pursuing,,StudentLoans
1o7tgq6,servicer_issues,general_student_loans,negative,pursuing,,StudentLoans
1oaafqy,financial_planning,general_student_loans,neutral,unknown,,StudentLoans
1ode05c,general_question,general_student_loans,neutral,pursuing,,StudentLoans
1pit6yx,financial_planning,general_student_loans,neutral,unknown,,StudentLoans
q93s0i,general_question,general_student_loans,neutral,unknown,,StudentLoans
r1a8bb,financial_planning,general_student_loans,neutral,considering,,StudentLoans
rcheaf,financial_planning,general_student_loans,neutral,unknown,,StudentLoans
s7w81o,servicer_issues,general_student_loans,negative,unknown,,StudentLoans
t0u8hz,servicer_issues,general_student_loans,negative,unknown,,StudentLoans
tckcfb,financial_planning,general_student_loans,neutral,unknown,,StudentLoans
tycbry,financial_planning,general_student_loans,neutral,unknown,,StudentLoans
ubmtrs,financial_planning,general_student_loans,neutral,unknown,,StudentLoans
x8arox,financial_planning,general_student_loans,neutral,considering,,StudentLoans
y2eeea,financial_planning,general_student_loans,neutral,unknown,,StudentLoans
yyzjfp,financial_planning,general_student_loans,neutral,unknown,,StudentLoans
14z06li,financial_planning,general_student_loans,neutral,unknown,,StudentLoans
153iuqn,financial_planning,general_student_loans,neutral,unknown,,StudentLoans
158nv64,financial_planning,general_student_loans,neutral,unknown,,StudentLoans
159f5w4,financial_planning,general_student_loans,neutral,unknown,,StudentLoans
15e28nw,general_question,general_student_loans,neutral,considering,,StudentLoans
15fdogy,general_question,general_student_loans,neutral,pursuing,,StudentLoans
15kzn4e,financial_planning,general_student_loans,neutral,unknown,,StudentLoans
15m15yv,financial_planning,general_student_loans,neutral,unknown,,StudentLoans
16pezmi,servicer_issues,general_student_loans,negative,pursuing,,StudentLoans
18n5l3p,financial_planning,general_student_loans,negative,considering,,StudentLoans
1j2u07k,financial_planning,general_student_loans,neutral,pursuing,,StudentLoans
1jg8z2g,parse_error,,parse_error,unknown,"```json
{""pslf_sentiment"": ""neutral"", ""primary_topic"": ""policy_uncertainty"", ""pslf_stance"": ""unknown""}
```",
p2p2k2,career_impact,medical,neutral,considering,,Residency
rgmzw7,financial_planning,medical,neutral,considering,,Residency
s7s8xz,financial_planning,medical,negative,pursuing,,Residency
tuon4m,financial_planning,medical,positive,pursuing,,Residency
vhhhk0,general_question,medical,neutral,pursuing,,Residency
vics4t,general_question,medical,neutral,pursuing,,Residency
vnlqp4,financial_planning,medical,neutral,rejecting,,Residency
vocd55,general_question,medical,neutral,pursuing,,Residency
vri13m,financial_planning,medical,positive,pursuing,,Residency
vrxnff,general_question,medical,neutral,pursuing,,Residency
vszp75,general_question,medical,neutral,pursuing,,Residency
vx1hko,general_question,medical,neutral,considering,,Residency
w1o77h,general_question,medical,neutral,pursuing,,Residency
w28gn5,financial_planning,medical,neutral,rejecting,,Residency
wdzdyq,financial_planning,medical,neutral,pursuing,,Residency
wvw9u8,career_impact,medical,positive,considering,,Residency
ww7wvi,general_question,medical,positive,pursuing,,Residency
wzfosf,career_impact,medical,negative,considering,,Residency
xhvhjm,general_question,medical,neutral,considering,,Residency
xhvpsg,general_question,medical,neutral,considering,,Residency
xsiphy,career_impact,medical,positive,pursuing,,Residency
xv30q3,financial_planning,medical,neutral,considering,,Residency
12clsh8,financial_planning,medical,neutral,pursuing,,Residency
12yyn32,financial_planning,medical,neutral,pursuing,,Residency
13mehhb,general_question,medical,neutral,considering,,Residency
14ua9s2,financial_planning,medical,neutral,pursuing,,Residency
14uyjf1,financial_planning,medical,negative,considering,,Residency
14v29rc,general_question,medical,neutral,considering,,Residency
151msao,financial_planning,medical,neutral,rejecting,,Residency
15tty1x,financial_planning,medical,neutral,pursuing,,Residency
16xft6n,financial_planning,medical,negative,rejecting,,Residency
1709bzi,parse_error,,parse_error,unknown,"```json
{""pslf_sentiment"": ""positive"", ""primary_topic"": ""financial_planning"", ""pslf_stance"": ""pursuing""}
```",
173l7yj,financial_planning,medical,neutral,pursuing,,Residency
17r6tt6,parse_error,,parse_error,unknown,"```json
{""pslf_sentiment"": ""neutral"", ""primary_topic"": ""financial_planning"", ""pslf_stance"": ""considering""}
```",
17xqyjk,career_impact,medical,positive,pursuing,,Residency
18m6neo,financial_planning,medical,negative,considering,,Residency
1dvh5fx,financial_planning,medical,neutral,rejecting,,Residency
1eng3d1,policy_uncertainty,medical,neutral,rejecting,,Residency
1engqr5,servicer_issues,medical,negative,pursuing,,Residency
1entiv2,general_question,medical,neutral,considering,,Residency
1f39v84,parse_error,,parse_error,unknown,"```json
{""pslf_sentiment"": ""positive"", ""primary_topic"": ""career_impact"", ""pslf_stance"": ""pursuing""}
```",
1f3n622,career_impact,medical,neutral,pursuing,,Residency
1ftdb0b,general_question,medical,neutral,considering,,Residency
1g3vebo,financial_planning,medical,negative,considering,,Residency
1hv3hbi,financial_planning,medical,neutral,considering,,Residency
1hvx758,financial_planning,medical,neutral,unknown,,Residency
1hyiqzd,servicer_issues,medical,negative,pursuing,,Residency
1i7v0vp,policy_uncertainty,medical,very_negative,pursuing,,Residency
1ifg9bq,financial_planning,medical,neutral,rejecting,,Residency
1ih2vpv,policy_uncertainty,medical,negative,pursuing,,Residency
1iqumnx,policy_uncertainty,medical,very_negative,pursuing,,Residency
1j0be2j,policy_uncertainty,medical,negative,considering,,Residency
1j18qsk,policy_uncertainty,medical,very_negative,rejecting,,Residency
1jg5hmw,policy_uncertainty,medical,negative,considering,,Residency
1kbq4o1,parse_error,,parse_error,unknown,"```json
{""pslf_sentiment"": ""negative"", ""primary_topic"": ""financial_planning"", ""pslf_stance"": ""rejecting""}
```",
12kziol,financial_planning,medical,neutral,unknown,,Residency
12u8qp1,financial_planning,medical,neutral,pursuing,,Residency
15v5xpo,career_impact,medical,neutral,rejecting,,Residency
16ieq0y,servicer_issues,medical,negative,unknown,,Residency
16kiox8,servicer_issues,medical,neutral,unknown,,Residency
16ksmkr,servicer_issues,medical,very_negative,pursuing,,Residency
16l2pdc,servicer_issues,medical,negative,unknown,,Residency
16uwa6h,general_question,medical,neutral,unknown,,Residency
170xqei,general_question,medical,neutral,pursuing,,Residency
17s3p7m,servicer_issues,medical,very_negative,pursuing,,Residency
1cwija8,general_question,medical,neutral,considering,,Residency
1e850pr,servicer_issues,medical,negative,pursuing,,Residency
1e9vw90,financial_planning,medical,neutral,pursuing,,Residency
1eg5byv,servicer_issues,medical,neutral,unknown,,Residency
1fhwb7b,servicer_issues,medical,neutral,unknown,,Residency
1ivp2wq,servicer_issues,medical,negative,pursuing,,Residency
1j3hoyy,servicer_issues,medical,negative,pursuing,,Residency
1j4gyyx,servicer_issues,medical,neutral,unknown,,Residency
1jjzbo8,servicer_issues,medical,negative,considering,,Residency
1fg4xr9,financial_planning,medical,neutral,unknown,,Residency
158ulx5,financial_planning,medical,neutral,pursuing,,Residency
15eridy,financial_planning,medical,neutral,pursuing,,Residency
16fwutc,financial_planning,medical,neutral,considering,,Residency
16leiuj,financial_planning,medical,neutral,considering,,Residency
16zza74,financial_planning,medical,neutral,unknown,,Residency
18bd7jr,servicer_issues,medical,negative,pursuing,,Residency
1dkk5o8,financial_planning,medical,neutral,unknown,,Residency
1e3ilxe,general_question,medical,neutral,unknown,,Residency
1edzwj9,servicer_issues,medical,neutral,unknown,,Residency
1eej1te,financial_planning,medical,negative,pursuing,,Residency
1eem32q,financial_planning,medical,negative,unknown,,Residency
1faxewg,policy_uncertainty,medical,negative,considering,,Residency
qkayx6,financial_planning,medical,neutral,considering,,Residency
uixw4x,financial_planning,medical,neutral,considering,,Residency
145nc28,financial_planning,medical,neutral,pursuing,,Residency
14fefqd,financial_planning,medical,neutral,considering,,Residency
14x1i6f,financial_planning,medical,neutral,unknown,,Residency
16hb6yj,financial_planning,medical,neutral,unknown,,Residency
1iz1xo3,financial_planning,medical,neutral,pursuing,,Residency
1k87wry,policy_uncertainty,medical,neutral,considering,,Residency
oiem8h,general_question,medical,neutral,unknown,,Residency
pklp6o,financial_planning,medical,neutral,unknown,,Residency
qy32uq,servicer_issues,medical,neutral,unknown,,Residency
qy819s,financial_planning,medical,neutral,pursuing,,Residency
r8axxo,financial_planning,medical,neutral,rejecting,,Residency
res7si,financial_planning,medical,neutral,unknown,,Residency
rrbw0a,financial_planning,medical,neutral,pursuing,,Residency
tjpkcl,financial_planning,medical,neutral,pursuing,,Residency
tq1408,servicer_issues,medical,negative,pursuing,,Residency
ukl1r4,financial_planning,medical,neutral,considering,,Residency
uz9os3,financial_planning,medical,neutral,unknown,,Residency
12bsxiw,financial_planning,medical,neutral,pursuing,,Residency
133tfmn,financial_planning,medical,neutral,considering,,Residency
13xury0,financial_planning,medical,neutral,unknown,,Residency
14n2zpn,financial_planning,medical,neutral,unknown,,Residency
14q3pb8,financial_planning,medical,neutral,unknown,,Residency
14uatrj,financial_planning,medical,neutral,pursuing,,Residency
15l35tp,general_question,medical,neutral,unknown,,Residency
16l6bbc,financial_planning,medical,neutral,unknown,,Residency
q0vejo,general_question,medical,neutral,unknown,,medicalschool
vdf99g,financial_planning,medical,neutral,pursuing,,medicalschool
wwn21r,financial_planning,medical,neutral,considering,,medicalschool
13apxkq,financial_planning,medical,neutral,considering,,medicalschool
14g9hiy,general_question,medical,positive,pursuing,,medicalschool
157xq53,general_question,medical,neutral,unknown,,medicalschool
1661u1l,parse_error,,parse_error,unknown,"```json
{""pslf_sentiment"": ""positive"", ""primary_topic"": ""financial_planning"", ""pslf_stance"": ""considering""}
```",
16tu7gt,general_question,medical,neutral,pursuing,,medicalschool
17flws4,career_impact,medical,positive,considering,,medicalschool
18g87f1,career_impact,medical,neutral,considering,,medicalschool
1cx2ifw,general_question,medical,positive,pursuing,,medicalschool
1dtlx6e,career_impact,medical,positive,considering,,medicalschool
1dvkm7x,career_impact,medical,neutral,considering,,medicalschool
1exbrii,career_impact,medical,neutral,considering,,medicalschool
1f7knkt,financial_planning,medical,positive,considering,,medicalschool
1i3t6ai,policy_uncertainty,medical,very_negative,pursuing,,medicalschool
1i92d71,financial_planning,medical,neutral,considering,,medicalschool
1ihrs9x,career_impact,medical,neutral,unknown,,medicalschool
1iqj2h6,policy_uncertainty,medical,positive,pursuing,,medicalschool
1j3wrl1,policy_uncertainty,medical,negative,unknown,,medicalschool
1jfyn8z,policy_uncertainty,medical,negative,pursuing,,medicalschool
1jt43ud,financial_planning,medical,neutral,pursuing,,medicalschool
1jteock,career_impact,medical,negative,considering,,medicalschool
qlclk6,financial_planning,medical,neutral,unknown,,medicalschool
1jmyz1h,servicer_issues,medical,neutral,unknown,,medicalschool
1jmz0bm,general_question,medical,neutral,unknown,,medicalschool
1k35v2s,servicer_issues,medical,neutral,pursuing,,medicalschool
166ogdk,general_question,medical,neutral,considering,,medicalschool
1dogf4z,policy_uncertainty,medical,negative,unknown,,medicalschool
14necms,financial_planning,medical,very_positive,unknown,,medicalschool
17rjw6f,financial_planning,medical,neutral,unknown,,medicalschool
17s1s3n,financial_planning,medical,neutral,unknown,,medicalschool
17uweth,general_question,medical,neutral,unknown,,medicalschool
1d2xh6k,financial_planning,medical,neutral,unknown,,medicalschool
1k79qwi,general_question,medical,neutral,unknown,,medicalschool
u2rspz,financial_planning,medical,neutral,pursuing,,medicalschool
v6ul4j,general_question,medical,neutral,unknown,,medicalschool
rg5k0h,success_story,nursing,very_positive,pursuing,,nursing
v8lxdi,general_question,nursing,neutral,considering,,nursing
ydc78z,general_question,nursing,neutral,unknown,,nursing
14az3dx,career_impact,nursing,positive,considering,,nursing
16mzy0x,general_question,nursing,neutral,considering,,nursing
18dedvr,career_impact,nursing,neutral,considering,,nursing
1ddox98,career_impact,nursing,neutral,considering,,nursing
1e04h5b,financial_planning,nursing,neutral,considering,,nursing
1fcu10p,general_question,nursing,neutral,considering,,nursing
1ibhl6m,career_impact,nursing,neutral,pursuing,,nursing
1n7wl9m,career_impact,nursing,positive,pursuing,,nursing
1oddr7u,career_impact,nursing,neutral,unknown,,nursing
1p3g4lf,financial_planning,nursing,positive,considering,,nursing
15taewz,general_question,nursing,neutral,unknown,,nursing
1jgwxwh,career_impact,nursing,neutral,considering,,nursepractitioner
1kdvn4d,career_impact,nursing,neutral,pursuing,,nursepractitioner
pzfh27,policy_uncertainty,teaching,positive,considering,,Teachers
sn2cyy,career_impact,teaching,positive,pursuing,,Teachers
vuh44y,financial_planning,teaching,positive,pursuing,,Teachers
wg9asq,general_question,teaching,neutral,unknown,,Teachers
wtuqb8,career_impact,teaching,neutral,pursuing,,Teachers
wwqtsa,general_question,teaching,neutral,considering,,Teachers
x5vbz8,financial_planning,teaching,positive,considering,,Teachers
xe3tdz,general_question,teaching,negative,rejecting,,Teachers
12mhesp,career_impact,teaching,positive,pursuing,,Teachers
12oesf9,success_story,teaching,very_positive,completed,,Teachers
1329d1x,success_story,teaching,very_positive,completed,,Teachers
142np9o,career_impact,teaching,positive,pursuing,,Teachers
14dmtbo,career_impact,teaching,positive,pursuing,,Teachers
15we00w,general_question,teaching,positive,considering,,Teachers
1640qyn,career_impact,teaching,neutral,pursuing,,Teachers
16cjeuw,general_question,teaching,neutral,considering,,Teachers
172jzsz,financial_planning,teaching,neutral,pursuing,,Teachers
1d8mdig,financial_planning,teaching,negative,pursuing,,Teachers
1dxus9x,policy_uncertainty,teaching,negative,unknown,,Teachers
1e6zvem,policy_uncertainty,teaching,neutral,unknown,,Teachers
1f127a1,policy_uncertainty,teaching,negative,pursuing,,Teachers
1gl0z4y,policy_uncertainty,teaching,negative,pursuing,,Teachers
1ic6hy5,policy_uncertainty,teaching,neutral,considering,,Teachers
1isqylh,policy_uncertainty,teaching,negative,completed,,Teachers
1jghlmn,general_question,teaching,neutral,pursuing,,Teachers
1jgwk8g,parse_error,,parse_error,unknown,"```json
{""pslf_sentiment"": ""very_negative"", ""primary_topic"": ""frustration_venting"", ""pslf_stance"": ""pursuing""}
```",
1o7uusf,career_impact,teaching,neutral,considering,,Teachers
1p6p3e8,career_impact,teaching,positive,pursuing,,Teachers
rlm27v,general_question,teaching,neutral,considering,,Teachers
1515q7o,general_question,teaching,neutral,pursuing,,Teachers
u0kum3,general_question,teaching,positive,pursuing,,Teachers
y8fusf,servicer_issues,teaching,neutral,unknown,,Teachers
173tt3r,servicer_issues,teaching,negative,pursuing,,Teachers
1d98ge9,general_question,teaching,neutral,unknown,,Teachers
1e9tz4a,servicer_issues,teaching,positive,unknown,,Teachers
1e9x3iu,servicer_issues,teaching,negative,unknown,,Teachers
1euq70g,servicer_issues,teaching,negative,pursuing,,Teachers
1f13ikt,servicer_issues,teaching,negative,unknown,,Teachers
1icsq2f,general_question,teaching,neutral,unknown,,Teachers
ql5sq6,career_impact,teaching,neutral,considering,,Teachers
r5npcn,general_question,teaching,neutral,unknown,,Teachers
sycnn9,servicer_issues,teaching,negative,unknown,,Teachers
t211sh,servicer_issues,teaching,very_negative,unknown,,Teachers
x51wu0,general_question,teaching,neutral,unknown,,Teachers
14pkyt6,general_question,teaching,neutral,unknown,,Teachers
158lza6,general_question,teaching,neutral,unknown,,Teachers
15p0uaf,success_story,teaching,neutral,completed,,Teachers
15q7p9s,success_story,teaching,very_positive,completed,,Teachers
16cik8t,career_impact,teaching,negative,pursuing,,Teachers
17114ca,general_question,teaching,neutral,unknown,,Teachers
1e09r44,general_question,teaching,neutral,unknown,,Teachers
1fboo9j,general_question,teaching,neutral,unknown,,Teachers
1ff7vfa,career_impact,teaching,neutral,considering,,Teachers
1ft71oq,general_question,teaching,neutral,unknown,,Teachers
1ggwlsx,general_question,teaching,neutral,unknown,,Teachers
qxjd7n,financial_planning,teaching,neutral,considering,,Teachers
twjf72,career_impact,law,positive,pursuing,,LawSchool
xn0i4u,career_impact,law,positive,considering,,LawSchool
12wz0by,financial_planning,law,positive,considering,,LawSchool
14tcrym,career_impact,law,positive,considering,,LawSchool
15j5bot,career_impact,law,neutral,pursuing,,LawSchool
16i7mtr,career_impact,law,negative,rejecting,,LawSchool
17zpl46,career_impact,law,positive,pursuing,,LawSchool
1dd7y90,career_impact,law,positive,considering,,LawSchool
1dz0j9g,policy_uncertainty,law,negative,considering,,LawSchool
1dz9ayl,financial_planning,law,positive,pursuing,,LawSchool
1eaqkt7,career_impact,law,positive,considering,,LawSchool
1iy9tpf,career_impact,law,negative,considering,,LawSchool
1j66iib,financial_planning,law,neutral,considering,,LawSchool
1nq9vhv,policy_uncertainty,law,negative,considering,,LawSchool
1ntmzdh,career_impact,law,negative,considering,,LawSchool
1o8n7rk,career_impact,law,neutral,considering,,LawSchool
1p1dde6,financial_planning,law,positive,considering,,LawSchool
r2ag6q,career_impact,law,negative,rejecting,,LawSchool
171ctgi,career_impact,law,positive,pursuing,,LawSchool
1cvifb0,financial_planning,law,neutral,considering,,LawSchool
1jffny0,career_impact,law,positive,considering,,LawSchool
1kb34x6,financial_planning,law,neutral,rejecting,,LawSchool
164c4gz,financial_planning,law,neutral,unknown,,LawSchool
r5zdah,career_impact,social_work,neutral,pursuing,,socialwork
rfqcak,policy_uncertainty,social_work,negative,considering,,socialwork
spk0tm,career_impact,social_work,negative,considering,,socialwork
svkn3d,career_impact,social_work,positive,considering,,socialwork
t6oj36,financial_planning,social_work,neutral,considering,,socialwork
v1uf4j,career_impact,social_work,negative,rejecting,,socialwork
13oojny,career_impact,social_work,positive,pursuing,,socialwork
155tys2,success_story,social_work,very_positive,completed,,socialwork
1610g5z,general_question,social_work,neutral,considering,,socialwork
1d8469x,career_impact,social_work,positive,pursuing,,socialwork
1dzc7g7,general_question,social_work,neutral,considering,,socialwork
1ec1v6t,career_impact,social_work,neutral,pursuing,,socialwork
1fr1u4o,career_impact,social_work,positive,pursuing,,socialwork
t9pehu,general_question,social_work,neutral,unknown,,socialwork
1i6zlnv,career_impact,social_work,negative,rejecting,,socialwork
r0u2jl,general_question,federal_employee,neutral,pursuing,,fednews
raje9e,servicer_issues,federal_employee,negative,pursuing,,fednews
tb2aas,general_question,federal_employee,neutral,pursuing,,fednews
uum5am,career_impact,federal_employee,neutral,pursuing,,fednews
vhvtjj,general_question,federal_employee,neutral,considering,,fednews
wdt80s,general_question,federal_employee,neutral,pursuing,,fednews
wwxwaa,policy_uncertainty,federal_employee,neutral,unknown,,fednews
x36iy6,general_question,federal_employee,neutral,considering,,fednews
ye2auf,general_question,federal_employee,neutral,pursuing,,fednews
ywycic,financial_planning,federal_employee,neutral,pursuing,,fednews
13mffzf,career_impact,federal_employee,positive,pursuing,,fednews
14fm8vz,general_question,federal_employee,neutral,pursuing,,fednews
14kdls5,general_question,federal_employee,neutral,considering,,fednews
15m9le3,parse_error,,parse_error,unknown,"```json
{""pslf_sentiment"": ""neutral"", ""primary_topic"": ""general_question"", ""pslf_stance"": ""considering""}
```",
16h4hb0,career_impact,federal_employee,neutral,considering,,fednews
1741ty4,financial_planning,federal_employee,negative,considering,,fednews
17464c1,general_question,federal_employee,neutral,considering,,fednews
17a9kk9,career_impact,federal_employee,positive,pursuing,,fednews
18etjyh,general_question,federal_employee,neutral,considering,,fednews
1e78abt,general_question,federal_employee,neutral,pursuing,,fednews
1eyzklf,financial_planning,federal_employee,positive,pursuing,,fednews
1glb6c1,policy_uncertainty,federal_employee,negative,pursuing,,fednews
1i4oqp6,general_question,federal_employee,neutral,considering,,fednews
1i7n9ne,servicer_issues,federal_employee,negative,pursuing,,fednews
1i88hrf,career_impact,federal_employee,negative,pursuing,,fednews
1icn2bl,policy_uncertainty,federal_employee,neutral,unknown,,fednews
1isf3wq,success_story,federal_employee,very_positive,completed,,fednews
1ixxf70,general_question,federal_employee,negative,pursuing,,fednews
1j6i6u6,policy_uncertainty,federal_employee,very_negative,unknown,,fednews
1jdf4ae,general_question,federal_employee,neutral,unknown,,fednews
1jeez6b,career_impact,federal_employee,positive,pursuing,,fednews
1jsdwj0,career_impact,federal_employee,positive,pursuing,,fednews
1jvenqf,career_impact,federal_employee,negative,pursuing,,fednews
1jyzga0,career_impact,federal_employee,neutral,pursuing,,fednews
vv70qg,policy_uncertainty,federal_employee,positive,unknown,,fednews
vxl2fx,financial_planning,federal_employee,positive,pursuing,,fednews
wt9o9g,general_question,federal_employee,neutral,pursuing,,fednews
1fsokql,financial_planning,federal_employee,neutral,considering,,govfire
wxm498,career_impact,pharmacy,positive,pursuing,,pharmacy
wzjq5d,career_impact,pharmacy,negative,pursuing,,pharmacy
xqt1f4,general_question,pharmacy,positive,pursuing,,pharmacy
15r97ma,financial_planning,pharmacy,positive,pursuing,,pharmacy
15rukt7,financial_planning,pharmacy,neutral,pursuing,,pharmacy
15x70z2,career_impact,pharmacy,positive,pursuing,,pharmacy
16os5ed,general_question,pharmacy,neutral,considering,,pharmacy
16qwuf9,general_question,pharmacy,positive,considering,,pharmacy
16tt4h7,general_question,pharmacy,positive,considering,,pharmacy
17uve8p,policy_uncertainty,pharmacy,negative,considering,,pharmacy
18jwqp4,financial_planning,pharmacy,neutral,considering,,pharmacy
1dqs092,career_impact,pharmacy,neutral,pursuing,,pharmacy
1drlcdo,financial_planning,pharmacy,neutral,considering,,pharmacy
1fdxtfq,general_question,pharmacy,neutral,unknown,,pharmacy
1g5e5g2,career_impact,pharmacy,positive,pursuing,,pharmacy
1g6qqz4,financial_planning,pharmacy,neutral,considering,,pharmacy
1i1djso,career_impact,pharmacy,positive,considering,,pharmacy
1nmhuvw,career_impact,pharmacy,positive,considering,,pharmacy
17lq4nl,financial_planning,pharmacy,neutral,unknown,,pharmacy
1ijwwzy,policy_uncertainty,pharmacy,negative,considering,,pharmacy
1650apa,financial_planning,pharmacy,neutral,unknown,,pharmacy
1dzzmmy,financial_planning,pharmacy,neutral,unknown,,pharmacy
1kf9u7t,policy_uncertainty,pharmacy,negative,pursuing,,pharmacy
14rkuo5,career_impact,pharmacy,neutral,unknown,,pharmacy
qp4iue,financial_planning,physician_assistant,neutral,considering,,physicianassistant
vemupc,career_impact,physician_assistant,positive,pursuing,,physicianassistant
vq1sae,financial_planning,physician_assistant,neutral,rejecting,,physicianassistant
12iq6ig,financial_planning,physician_assistant,neutral,considering,,physicianassistant
15xgeu8,financial_planning,physician_assistant,neutral,considering,,physicianassistant
1654pro,general_question,physician_assistant,neutral,considering,,physicianassistant
16bq8ip,general_question,physician_assistant,neutral,considering,,physicianassistant
16dl0ho,parse_error,,parse_error,unknown,"```json
{""pslf_sentiment"": ""negative"", ""primary_topic"": ""financial_planning"", ""pslf_stance"": ""considering""}
```",
16dl4eq,parse_error,,parse_error,unknown,"```json
{""pslf_sentiment"": ""negative"", ""primary_topic"": ""financial_planning"", ""pslf_stance"": ""considering""}
```",
17bqwqh,general_question,physician_assistant,positive,considering,,physicianassistant
17ew0g0,parse_error,,parse_error,unknown,"```json
{""pslf_sentiment"": ""positive"", ""primary_topic"": ""financial_planning"", ""pslf_stance"": ""pursuing""}
```",
17lrfjv,general_question,physician_assistant,neutral,considering,,physicianassistant
18slq34,financial_planning,physician_assistant,neutral,pursuing,,physicianassistant
1ctssyc,financial_planning,physician_assistant,neutral,considering,,physicianassistant
1d7j8tc,financial_planning,physician_assistant,positive,pursuing,,physicianassistant
1dae4n2,career_impact,physician_assistant,neutral,considering,,physicianassistant
1dbejkz,general_question,physician_assistant,positive,considering,,physicianassistant
1dcv38b,career_impact,physician_assistant,neutral,considering,,physicianassistant
1ddnhws,career_impact,physician_assistant,positive,pursuing,,physicianassistant
1dfwxri,financial_planning,physician_assistant,neutral,considering,,physicianassistant
1djzndo,financial_planning,physician_assistant,neutral,pursuing,,physicianassistant
1djzzhg,financial_planning,physician_assistant,neutral,considering,,physicianassistant
1duml3s,financial_planning,physician_assistant,positive,pursuing,,physicianassistant
1eappah,general_question,physician_assistant,neutral,considering,,physicianassistant
1enfvw7,parse_error,,parse_error,unknown,"```json
{""pslf_sentiment"": ""positive"", ""primary_topic"": ""career_impact"", ""pslf_stance"": ""pursuing""}
```",
1fnb1x4,general_question,physician_assistant,neutral,rejecting,,physicianassistant
1hv2w5b,financial_planning,physician_assistant,negative,pursuing,,physicianassistant
1iljrnk,career_impact,physician_assistant,neutral,considering,,physicianassistant
1io0snt,financial_planning,physician_assistant,neutral,considering,,physicianassistant
1io0xa8,financial_planning,physician_assistant,neutral,considering,,physicianassistant
1ir8eaq,career_impact,physician_assistant,negative,pursuing,,physicianassistant
1j5wuti,career_impact,physician_assistant,neutral,considering,,physicianassistant
1k8d5do,career_impact,physician_assistant,negative,rejecting,,physicianassistant
1kfjs0u,career_impact,physician_assistant,neutral,considering,,physicianassistant
1nemzmn,general_question,physician_assistant,negative,considering,,physicianassistant
1njvbtk,financial_planning,physician_assistant,negative,considering,,physicianassistant
1njxtta,career_impact,physician_assistant,neutral,pursuing,,physicianassistant
1nmxjh9,financial_planning,physician_assistant,neutral,unknown,,physicianassistant
1no089y,career_impact,physician_assistant,neutral,considering,,physicianassistant
1nvml0m,career_impact,physician_assistant,positive,pursuing,,physicianassistant
1nyd6f3,policy_uncertainty,physician_assistant,negative,considering,,physicianassistant
1o26jya,financial_planning,physician_assistant,positive,pursuing,,physicianassistant
1o3eyd5,career_impact,physician_assistant,positive,considering,,physicianassistant
1o6xf4h,career_impact,physician_assistant,positive,pursuing,,physicianassistant
1o6xy3v,career_impact,physician_assistant,positive,pursuing,,physicianassistant
1ohv2j0,career_impact,physician_assistant,neutral,considering,,physicianassistant
1ojhjmy,career_impact,physician_assistant,neutral,unknown,,physicianassistant
1ojjx73,career_impact,physician_assistant,neutral,unknown,,physicianassistant
1ojluu0,financial_planning,physician_assistant,positive,pursuing,,physicianassistant
1oolzt5,career_impact,physician_assistant,positive,pursuing,,physicianassistant
1ou4lu6,financial_planning,physician_assistant,neutral,considering,,physicianassistant
1ouw2ey,parse_error,,parse_error,unknown,"```json
{""pslf_sentiment"": ""neutral"", ""primary_topic"": ""financial_planning"", ""pslf_stance"": ""considering""}
```",
15i6md2,career_impact,physician_assistant,positive,considering,,physicianassistant
1j48jxl,career_impact,physician_assistant,positive,considering,,physicianassistant
18piqwy,financial_planning,physician_assistant,neutral,unknown,,physicianassistant
1dz701h,financial_planning,physician_assistant,neutral,unknown,,physicianassistant
1k8e2cq,career_impact,physician_assistant,negative,rejecting,,PAstudent
17vbs1s,financial_planning,physician_assistant,neutral,pursuing,,prephysicianassistant
17wt51h,financial_planning,physician_assistant,positive,pursuing,,prephysicianassistant
1fk09af,career_impact,physician_assistant,positive,considering,,prephysicianassistant
w4m1b4,general_question,occupational_therapy,neutral,considering,,OccupationalTherapy
xg3l06,general_question,occupational_therapy,neutral,considering,,OccupationalTherapy
14g65s3,general_question,occupational_therapy,neutral,considering,,OccupationalTherapy
150u443,financial_planning,occupational_therapy,neutral,considering,,OccupationalTherapy
15biksw,success_story,occupational_therapy,very_positive,completed,,OccupationalTherapy
15kzuyq,career_impact,occupational_therapy,positive,pursuing,,OccupationalTherapy
17bovd4,financial_planning,occupational_therapy,positive,pursuing,,OccupationalTherapy
17io8oz,general_question,occupational_therapy,neutral,pursuing,,OccupationalTherapy
17wb7qe,career_impact,occupational_therapy,positive,considering,,OccupationalTherapy
180i0y6,career_impact,occupational_therapy,neutral,considering,,OccupationalTherapy
1d7cfn2,general_question,occupational_therapy,neutral,considering,,OccupationalTherapy
1dq6rah,financial_planning,occupational_therapy,neutral,considering,,OccupationalTherapy
1g6n74o,career_impact,occupational_therapy,negative,considering,,OccupationalTherapy
1id0sv3,career_impact,occupational_therapy,negative,considering,,OccupationalTherapy
1iexo54,general_question,occupational_therapy,positive,considering,,OccupationalTherapy
1jrwzhj,policy_uncertainty,occupational_therapy,negative,considering,,OccupationalTherapy
14z00ol,general_question,occupational_therapy,neutral,unknown,,OccupationalTherapy
u8mqmd,frustration_venting,speech_language_pathology,positive,pursuing,,slp
vwdfnz,career_impact,speech_language_pathology,positive,pursuing,,slp
weg0cx,career_impact,speech_language_pathology,neutral,considering,,slp
xr7zg6,career_impact,speech_language_pathology,positive,considering,,slp
y83r1c,general_question,speech_language_pathology,neutral,pursuing,,slp
yr0gln,general_question,speech_language_pathology,neutral,considering,,slp
14yumzt,general_question,speech_language_pathology,neutral,considering,,slp
150v8v1,career_impact,speech_language_pathology,positive,pursuing,,slp
16vxwyd,financial_planning,speech_language_pathology,neutral,considering,,slp
1713mu3,career_impact,speech_language_pathology,negative,considering,,slp
171f8no,career_impact,speech_language_pathology,positive,pursuing,,slp
171nenb,career_impact,speech_language_pathology,positive,pursuing,,slp
17awe46,general_question,speech_language_pathology,positive,pursuing,,slp
17lptew,general_question,speech_language_pathology,neutral,considering,,slp
18rrfw8,career_impact,speech_language_pathology,negative,rejecting,,slp
1dsxtbz,career_impact,speech_language_pathology,neutral,considering,,slp
1e9rmzs,general_question,speech_language_pathology,neutral,considering,,slp
1ecddar,general_question,speech_language_pathology,neutral,considering,,slp
1evpvm2,career_impact,speech_language_pathology,positive,pursuing,,slp
1fsiuyy,career_impact,speech_language_pathology,positive,considering,,slp
1g83dim,career_impact,speech_language_pathology,neutral,pursuing,,slp
1i9vocz,career_impact,speech_language_pathology,positive,pursuing,,slp
1isqd63,career_impact,speech_language_pathology,neutral,considering,,slp
1j4mwrs,policy_uncertainty,speech_language_pathology,negative,pursuing,,slp
1jg178w,career_impact,speech_language_pathology,negative,pursuing,,slp
1jk49wk,career_impact,speech_language_pathology,negative,pursuing,,slp
1nxeyic,general_question,speech_language_pathology,neutral,considering,,slp
14oos3y,general_question,speech_language_pathology,neutral,considering,,slp
oytl1e,general_question,speech_language_pathology,neutral,unknown,,slp
16irre4,general_question,speech_language_pathology,neutral,considering,,slp
1325a8w,success_story,nursing,very_positive,pursuing,,CRNA
1is3ntl,career_impact,nursing,positive,pursuing,,CRNA
ognuqq,financial_planning,general_finance,neutral,pursuing,,personalfinance
ojfz70,financial_planning,general_finance,neutral,pursuing,,personalfinance
ok2r97,financial_planning,general_finance,neutral,pursuing,,personalfinance
okaqd6,financial_planning,general_finance,positive,pursuing,,personalfinance
okw4c0,financial_planning,general_finance,negative,pursuing,,personalfinance
oqhv1d,financial_planning,general_finance,negative,rejecting,,personalfinance
ovgnyp,financial_planning,general_finance,neutral,pursuing,,personalfinance
ovpwdh,financial_planning,general_finance,positive,pursuing,,personalfinance
ownv88,financial_planning,general_finance,neutral,pursuing,,personalfinance
p588yp,financial_planning,general_finance,positive,pursuing,,personalfinance
p7fbi4,financial_planning,general_finance,negative,rejecting,,personalfinance
pf6qwe,financial_planning,general_finance,neutral,unknown,,personalfinance
pob9iw,financial_planning,general_finance,neutral,pursuing,,personalfinance
popwds,financial_planning,general_finance,positive,pursuing,,personalfinance
ps5xua,financial_planning,general_finance,neutral,pursuing,,personalfinance
psj1h5,general_question,general_finance,unknown,unknown,,personalfinance
q1bieg,career_impact,general_finance,negative,pursuing,,personalfinance
q43cbu,financial_planning,general_finance,neutral,pursuing,,personalfinance
q479o5,financial_planning,general_finance,neutral,pursuing,,personalfinance
q80qfn,financial_planning,general_finance,positive,pursuing,,personalfinance
qf29xo,financial_planning,general_finance,positive,pursuing,,personalfinance
qktxaa,parse_error,,parse_error,unknown,"```json
{""pslf_sentiment"": ""neutral"", ""primary_topic"": ""financial_planning"", ""pslf_stance"": ""pursuing""}
```",
qlyt2g,financial_planning,general_finance,positive,pursuing,,personalfinance
qmrvtz,financial_planning,general_finance,neutral,pursuing,,personalfinance
qmsefq,financial_planning,general_finance,neutral,pursuing,,personalfinance
qo74tc,financial_planning,general_finance,positive,pursuing,,personalfinance
qorvh4,financial_planning,general_finance,neutral,rejecting,,personalfinance
qxkyfu,financial_planning,general_finance,neutral,considering,,personalfinance
qxlt9n,general_question,general_finance,unknown,unknown,,personalfinance
qz2yj6,parse_error,,parse_error,unknown,"```json
{""pslf_sentiment"": ""positive"", ""primary_topic"": ""financial_planning"", ""pslf_stance"": ""pursuing""}
```",
r3ywdd,financial_planning,general_finance,positive,pursuing,,personalfinance
r59bva,parse_error,,parse_error,unknown,"```json
{""pslf_sentiment"": ""negative"", ""primary_topic"": ""financial_planning"", ""pslf_stance"": ""rejecting""}
```",
r5azwh,parse_error,,parse_error,unknown,"```json
{""pslf_sentiment"": ""neutral"", ""primary_topic"": ""financial_planning"", ""pslf_stance"": ""pursuing""}
```",
rabgwq,financial_planning,general_finance,negative,rejecting,,personalfinance
rgd02q,financial_planning,general_finance,positive,pursuing,,personalfinance
rgq9vd,success_story,general_finance,very_positive,completed,,personalfinance
rh10yd,general_question,general_finance,neutral,considering,,personalfinance
rh3ian,parse_error,,parse_error,unknown,"```json
{""pslf_sentiment"": ""positive"", ""primary_topic"": ""financial_planning"", ""pslf_stance"": ""pursuing""}
```",
ri3jex,financial_planning,general_finance,positive,pursuing,,personalfinance
rjh4ed,general_question,general_finance,positive,considering,,personalfinance
rmb3nd,policy_uncertainty,general_finance,positive,pursuing,,personalfinance
rnxjg2,financial_planning,general_finance,positive,considering,,personalfinance
roe43k,financial_planning,general_finance,neutral,pursuing,,personalfinance
rqvt4c,financial_planning,general_finance,positive,pursuing,,personalfinance
rrjh8w,general_question,general_finance,neutral,unknown,,personalfinance
rtkhlj,financial_planning,general_finance,positive,pursuing,,personalfinance
ruat3d,financial_planning,general_finance,neutral,pursuing,,personalfinance
ruy9w7,financial_planning,general_finance,positive,pursuing,,personalfinance
sb0kp9,general_question,general_finance,positive,pursuing,,personalfinance
scrbvj,general_question,general_finance,neutral,pursuing,,personalfinance
sf6lwh,financial_planning,general_finance,positive,pursuing,,personalfinance
sfoitb,financial_planning,general_finance,neutral,rejecting,,personalfinance
sgtkdp,financial_planning,general_finance,neutral,pursuing,,personalfinance
sh4ozt,general_question,general_finance,neutral,unknown,,personalfinance
shbxz7,general_question,general_finance,neutral,unknown,,personalfinance
sjmckn,financial_planning,general_finance,positive,pursuing,,personalfinance
sm81mm,parse_error,,parse_error,unknown,"```json
{""pslf_sentiment"": ""positive"", ""primary_topic"": ""financial_planning"", ""pslf_stance"": ""pursuing""}
```",
smt7oi,financial_planning,general_finance,positive,pursuing,,personalfinance
sn7lc7,financial_planning,general_finance,neutral,pursuing,,personalfinance
souami,general_question,general_finance,neutral,pursuing,,personalfinance
splko5,general_question,general_finance,neutral,unknown,,personalfinance
squ3od,financial_planning,general_finance,neutral,pursuing,,personalfinance
styl5f,financial_planning,general_finance,neutral,pursuing,,personalfinance
su6067,financial_planning,general_finance,neutral,pursuing,,personalfinance
t4js3t,general_question,general_finance,negative,considering,,personalfinance
t6oqqa,financial_planning,general_finance,neutral,pursuing,,personalfinance
t8tyt6,financial_planning,general_finance,positive,pursuing,,personalfinance
t9ra82,career_impact,general_finance,positive,pursuing,,personalfinance
th3hap,financial_planning,general_finance,neutral,pursuing,,personalfinance
thtw70,career_impact,general_finance,negative,rejecting,,personalfinance
tjfixu,financial_planning,general_finance,neutral,pursuing,,personalfinance
tjgh2u,financial_planning,general_finance,negative,rejecting,,personalfinance
tji3vi,financial_planning,general_finance,neutral,considering,,personalfinance
tk8aqr,career_impact,general_finance,positive,pursuing,,personalfinance
tlnpro,financial_planning,general_finance,positive,pursuing,,personalfinance
tmfxlp,financial_planning,general_finance,positive,pursuing,,personalfinance
tnqw9q,career_impact,general_finance,positive,pursuing,,personalfinance
tpluvx,career_impact,general_finance,positive,pursuing,,personalfinance
tyel9m,general_question,general_finance,neutral,considering,,personalfinance
tzxweh,financial_planning,general_finance,positive,pursuing,,personalfinance
u2fobv,financial_planning,general_finance,neutral,considering,,personalfinance
u2gvjy,financial_planning,general_finance,positive,pursuing,,personalfinance
u6dtju,financial_planning,general_finance,positive,pursuing,,personalfinance
ufc95g,financial_planning,general_finance,positive,pursuing,,personalfinance
ugve6a,financial_planning,general_finance,positive,pursuing,,personalfinance
uj5fu5,financial_planning,general_finance,positive,pursuing,,personalfinance
uk14mw,career_impact,general_finance,positive,considering,,personalfinance
ul4k9e,financial_planning,general_finance,positive,pursuing,,personalfinance
ulrdru,financial_planning,general_finance,positive,pursuing,,personalfinance
ult5cp,parse_error,,parse_error,unknown,"```json
{""pslf_sentiment"": ""negative"", ""primary_topic"": ""financial_planning"", ""pslf_stance"": ""rejecting""}
```",
up9mof,financial_planning,general_finance,positive,pursuing,,personalfinance
ur1o61,financial_planning,general_finance,positive,pursuing,,personalfinance
urrlez,financial_planning,general_finance,neutral,considering,,personalfinance
uuq8kf,financial_planning,general_finance,positive,pursuing,,personalfinance
uuvys9,financial_planning,general_finance,negative,pursuing,,personalfinance
uwwjr2,financial_planning,general_finance,positive,pursuing,,personalfinance
v0dw1q,general_question,general_finance,neutral,unknown,,personalfinance
v1adoi,financial_planning,general_finance,neutral,considering,,personalfinance
v5u01h,financial_planning,general_finance,positive,pursuing,,personalfinance
v7hcbk,financial_planning,general_finance,neutral,pursuing,,personalfinance
vc70dg,financial_planning,general_finance,neutral,pursuing,,personalfinance
vd2kai,financial_planning,general_finance,positive,pursuing,,personalfinance
veddtz,financial_planning,general_finance,positive,pursuing,,personalfinance
venugh,financial_planning,general_finance,positive,pursuing,,personalfinance
vgucxl,general_question,general_finance,unknown,unknown,,personalfinance
vk1h7n,financial_planning,general_finance,neutral,pursuing,,personalfinance
vlzf6e,financial_planning,general_finance,neutral,pursuing,,personalfinance
vobosp,financial_planning,general_finance,positive,pursuing,,personalfinance
voeajg,financial_planning,general_finance,positive,pursuing,,personalfinance
vokfjd,career_impact,general_finance,neutral,pursuing,,personalfinance
vqkfq5,policy_uncertainty,general_finance,negative,pursuing,,personalfinance
vxstqw,success_story,general_finance,very_positive,completed,,personalfinance
vyizbm,unknown,general_finance,unknown,unknown,,personalfinance
w50x3q,financial_planning,general_finance,positive,pursuing,,personalfinance
w5ezy6,financial_planning,general_finance,neutral,rejecting,,personalfinance
w6z6k3,financial_planning,general_finance,positive,completed,,personalfinance
w8x9ed,financial_planning,general_finance,neutral,pursuing,,personalfinance
w9kxs9,financial_planning,general_finance,neutral,considering,,personalfinance
w9p3fv,financial_planning,general_finance,negative,considering,,personalfinance
wahph6,financial_planning,general_finance,positive,pursuing,,personalfinance
wc09xs,financial_planning,general_finance,neutral,considering,,personalfinance
wc9dak,financial_planning,general_finance,neutral,considering,,personalfinance
wd8rpm,success_story,general_finance,very_positive,completed,,personalfinance
wf6vc4,financial_planning,general_finance,neutral,unknown,,personalfinance
wiv7a5,parse_error,,parse_error,unknown,"```json
{""pslf_sentiment"": ""neutral"", ""primary_topic"": ""financial_planning"", ""pslf_stance"": ""considering""}
```",
wknqjt,financial_planning,general_finance,negative,rejecting,,personalfinance
wlfxdm,financial_planning,general_finance,neutral,pursuing,,personalfinance
wlt3s3,financial_planning,general_finance,neutral,considering,,personalfinance
wvry2q,financial_planning,general_finance,positive,pursuing,,personalfinance
x0md2j,financial_planning,general_finance,neutral,pursuing,,personalfinance
x1paws,financial_planning,general_finance,neutral,pursuing,,personalfinance
x390we,financial_planning,general_finance,positive,pursuing,,personalfinance
x3ma3f,career_impact,general_finance,positive,considering,,personalfinance
x3q45v,financial_planning,general_finance,positive,pursuing,,personalfinance
x5y3fd,general_question,general_finance,positive,considering,,personalfinance
x7geaq,financial_planning,general_finance,positive,pursuing,,personalfinance
x7ho4f,financial_planning,general_finance,neutral,pursuing,,personalfinance
xacf7c,financial_planning,general_finance,positive,pursuing,,personalfinance
xmeo5d,general_question,general_finance,neutral,unknown,,personalfinance
xnhpzk,financial_planning,general_finance,neutral,considering,,personalfinance
xns37r,financial_planning,general_finance,neutral,pursuing,,personalfinance
xq16bx,career_impact,general_finance,positive,pursuing,,personalfinance
xrqd7e,financial_planning,general_finance,positive,pursuing,,personalfinance
xsh7zn,financial_planning,general_finance,positive,pursuing,,personalfinance
xw2tuw,financial_planning,general_finance,neutral,pursuing,,personalfinance
xwrjcf,general_question,general_finance,neutral,pursuing,,personalfinance
y7faef,financial_planning,general_finance,neutral,considering,,personalfinance
y96amf,career_impact,general_finance,positive,pursuing,,personalfinance
yar6nx,financial_planning,general_finance,positive,pursuing,,personalfinance
ydxqte,financial_planning,general_finance,neutral,rejecting,,personalfinance
yf082f,financial_planning,general_finance,neutral,considering,,personalfinance
yfaihc,financial_planning,general_finance,positive,pursuing,,personalfinance
yg0x4o,financial_planning,general_finance,neutral,pursuing,,personalfinance
yhmu2i,financial_planning,general_finance,positive,pursuing,,personalfinance
ym4ntn,success_story,general_finance,positive,pursuing,,personalfinance
yrns5u,financial_planning,general_finance,positive,pursuing,,personalfinance
yul31w,financial_planning,general_finance,positive,pursuing,,personalfinance
yv8x3e,financial_planning,general_finance,neutral,pursuing,,personalfinance
yw1x1t,financial_planning,general_finance,neutral,pursuing,,personalfinance
yw2jr6,financial_planning,general_finance,positive,pursuing,,personalfinance
12io9mi,financial_planning,general_finance,neutral,pursuing,,personalfinance
12oqxwc,financial_planning,general_finance,positive,pursuing,,personalfinance
12xe4o4,financial_planning,general_finance,neutral,pursuing,,personalfinance
12y3zy1,financial_planning,general_finance,neutral,pursuing,,personalfinance
13b22gr,financial_planning,general_finance,positive,pursuing,,personalfinance
13jnlnm,career_impact,general_finance,positive,considering,,personalfinance
13kj37l,financial_planning,general_finance,positive,pursuing,,personalfinance
13le65w,parse_error,,parse_error,unknown,"```json
{""pslf_sentiment"": ""positive"", ""primary_topic"": ""financial_planning"", ""pslf_stance"": ""pursuing""}
```",
13liyp4,general_question,general_finance,positive,considering,,personalfinance
13o2kk5,financial_planning,general_finance,neutral,unknown,,personalfinance
13pr2y7,financial_planning,general_finance,positive,pursuing,,personalfinance
13rynoz,financial_planning,general_finance,positive,pursuing,,personalfinance
143ct9c,financial_planning,general_finance,neutral,pursuing,,personalfinance
149cus5,financial_planning,general_finance,positive,pursuing,,personalfinance
14dzjxe,financial_planning,general_finance,positive,pursuing,,personalfinance
14h07fh,financial_planning,general_finance,positive,pursuing,,personalfinance
14jlqte,financial_planning,general_finance,neutral,considering,,personalfinance
14n5fki,financial_planning,general_finance,positive,pursuing,,personalfinance
14od6u9,financial_planning,general_finance,neutral,pursuing,,personalfinance
14pm2g3,general_question,general_finance,neutral,pursuing,,personalfinance
14pwoc0,financial_planning,general_finance,positive,completed,,personalfinance
14uf34p,financial_planning,general_finance,neutral,pursuing,,personalfinance
14v587r,financial_planning,general_finance,neutral,pursuing,,personalfinance
14wcgkh,financial_planning,general_finance,neutral,considering,,personalfinance
14wy67j,financial_planning,general_finance,neutral,pursuing,,personalfinance
14xok2m,financial_planning,general_finance,negative,rejecting,,personalfinance
150gg4i,financial_planning,general_finance,neutral,considering,,personalfinance
1534pq9,financial_planning,general_finance,neutral,pursuing,,personalfinance
154yxw5,financial_planning,general_finance,neutral,considering,,personalfinance
154zq3h,financial_planning,general_finance,positive,pursuing,,personalfinance
1558auw,financial_planning,general_finance,positive,pursuing,,personalfinance
155plic,financial_planning,general_finance,positive,considering,,personalfinance
155r5e9,financial_planning,general_finance,neutral,rejecting,,personalfinance
155t4us,financial_planning,general_finance,positive,pursuing,,personalfinance
158fo97,financial_planning,general_finance,neutral,considering,,personalfinance
159bugr,financial_planning,general_finance,neutral,rejecting,,personalfinance
159d5ye,success_story,general_finance,very_positive,completed,,personalfinance
159h1k3,financial_planning,general_finance,neutral,rejecting,,personalfinance
15c2mgw,financial_planning,general_finance,neutral,considering,,personalfinance
15ciuvk,general_question,general_finance,neutral,considering,,personalfinance
15d41s0,financial_planning,general_finance,positive,considering,,personalfinance
15epxw2,financial_planning,general_finance,neutral,pursuing,,personalfinance
15ezm38,financial_planning,general_finance,neutral,rejecting,,personalfinance
15hktnr,financial_planning,general_finance,positive,pursuing,,personalfinance
15i47jj,financial_planning,general_finance,positive,pursuing,,personalfinance
15k3zlm,financial_planning,general_finance,neutral,considering,,personalfinance
15k8e7x,financial_planning,general_finance,positive,pursuing,,personalfinance
15ku9w1,financial_planning,general_finance,positive,pursuing,,personalfinance
15mnsmp,financial_planning,general_finance,positive,pursuing,,personalfinance
15nw767,general_question,general_finance,neutral,considering,,personalfinance
15q5994,financial_planning,general_finance,positive,pursuing,,personalfinance
15qig01,parse_error,,parse_error,unknown,"```json
{""pslf_sentiment"": ""positive"", ""primary_topic"": ""financial_planning"", ""pslf_stance"": ""pursuing""}
```",
15r4bxk,financial_planning,general_finance,positive,pursuing,,personalfinance
15sq8l6,financial_planning,general_finance,neutral,considering,,personalfinance
15t3gj9,financial_planning,general_finance,neutral,unknown,,personalfinance
15u00cq,financial_planning,general_finance,neutral,considering,,personalfinance
15utwuw,financial_planning,general_finance,positive,pursuing,,personalfinance
15vwlpu,financial_planning,general_finance,negative,rejecting,,personalfinance
15wxzgr,financial_planning,general_finance,positive,pursuing,,personalfinance
16026xu,career_impact,general_finance,positive,considering,,personalfinance
1609o87,financial_planning,general_finance,positive,pursuing,,personalfinance
161od4m,financial_planning,general_finance,positive,pursuing,,personalfinance
162a5uw,financial_planning,general_finance,neutral,pursuing,,personalfinance
163wqm2,financial_planning,general_finance,positive,pursuing,,personalfinance
165hqck,general_question,general_finance,neutral,unknown,,personalfinance
165iwh5,parse_error,,parse_error,unknown,"```json
{""pslf_sentiment"": ""positive"", ""primary_topic"": ""financial_planning"", ""pslf_stance"": ""pursuing""}
```",
165vlsk,success_story,general_finance,very_positive,completed,,personalfinance
167gzdv,financial_planning,general_finance,positive,pursuing,,personalfinance
168305x,general_question,general_finance,neutral,rejecting,,personalfinance
168agdi,financial_planning,general_finance,positive,pursuing,,personalfinance
168w1sq,financial_planning,general_finance,positive,pursuing,,personalfinance
16ahuxz,financial_planning,general_finance,neutral,considering,,personalfinance
16bonni,financial_planning,general_finance,positive,pursuing,,personalfinance
16d0aw7,financial_planning,general_finance,negative,pursuing,,personalfinance
16dbuew,financial_planning,general_finance,positive,completed,,personalfinance
16dkuav,parse_error,,parse_error,unknown,"I notice the post appears to be cut off mid-sentence while discussing student loans. However, based on the content provided, this appears to be a general personal finance planning post where someone i",
16ecams,financial_planning,general_finance,positive,pursuing,,personalfinance
16f6pv1,financial_planning,general_finance,neutral,considering,,personalfinance
16g9cco,financial_planning,general_finance,positive,considering,,personalfinance
16iq80u,parse_error,,parse_error,unknown,"```json
{""pslf_sentiment"": ""positive"", ""primary_topic"": ""financial_planning"", ""pslf_stance"": ""pursuing""}
```",
16pia48,financial_planning,general_finance,positive,pursuing,,personalfinance
16piiqx,financial_planning,general_finance,neutral,pursuing,,personalfinance
16y91ph,financial_planning,general_finance,positive,considering,,personalfinance
171mhi0,financial_planning,general_finance,neutral,pursuing,,personalfinance
17fsj8q,career_impact,general_finance,positive,considering,,personalfinance
17h83ay,financial_planning,general_finance,positive,pursuing,,personalfinance
17k3uv1,parse_error,,parse_error,unknown,"```json
{""pslf_sentiment"": ""neutral"", ""primary_topic"": ""financial_planning"", ""pslf_stance"": ""unknown""}
```",
17lpn72,financial_planning,general_finance,neutral,pursuing,,personalfinance
17oqncx,financial_planning,general_finance,negative,pursuing,,personalfinance
17t0mdk,general_question,general_finance,neutral,pursuing,,personalfinance
1838f5f,parse_error,,parse_error,unknown,"```json
{""pslf_sentiment"": ""neutral"", ""primary_topic"": ""financial_planning"", ""pslf_stance"": ""considering""}
```",
1858amr,financial_planning,general_finance,positive,pursuing,,personalfinance
186r49u,success_story,general_finance,very_positive,completed,,personalfinance
187omno,financial_planning,general_finance,neutral,pursuing,,personalfinance
18820yn,career_impact,general_finance,neutral,considering,,personalfinance
18b4gfx,financial_planning,general_finance,neutral,considering,,personalfinance
18be0j6,policy_uncertainty,general_finance,negative,considering,,personalfinance
18bfzi6,financial_planning,general_finance,negative,considering,,personalfinance
18eil7c,career_impact,general_finance,negative,rejecting,,personalfinance
18jbhbq,general_question,general_finance,neutral,rejecting,,personalfinance
18rmayj,financial_planning,general_finance,neutral,considering,,personalfinance
1cpxvle,financial_planning,general_finance,neutral,unknown,,personalfinance
1cssnmk,financial_planning,general_finance,positive,pursuing,,personalfinance
1csz2yh,financial_planning,general_finance,positive,pursuing,,personalfinance
1ct1dpf,financial_planning,general_finance,positive,pursuing,,personalfinance
1cyzdj3,general_question,general_finance,neutral,unknown,,personalfinance
1d7q23z,financial_planning,general_finance,positive,pursuing,,personalfinance
1d93ldp,financial_planning,general_finance,positive,pursuing,,personalfinance
1dgjeg7,career_impact,general_finance,neutral,considering,,personalfinance
1djckz4,financial_planning,general_finance,positive,pursuing,,personalfinance
1dm99sp,financial_planning,general_finance,neutral,considering,,personalfinance
1du29cx,financial_planning,general_finance,neutral,considering,,personalfinance
1dycpry,parse_error,,parse_error,unknown,"```json
{""pslf_sentiment"": ""negative"", ""primary_topic"": ""financial_planning"", ""pslf_stance"": ""considering""}
```",
1e1o9l4,financial_planning,general_finance,positive,pursuing,,personalfinance
1e1xtf8,parse_error,,parse_error,unknown,"```json
{""pslf_sentiment"": ""positive"", ""primary_topic"": ""financial_planning"", ""pslf_stance"": ""pursuing""}
```",
1e4j3vp,financial_planning,general_finance,neutral,pursuing,,personalfinance
1e6h4x3,financial_planning,general_finance,neutral,pursuing,,personalfinance
1e7e6az,parse_error,,parse_error,unknown,"```json
{""pslf_sentiment"": ""positive"", ""primary_topic"": ""career_impact"", ""pslf_stance"": ""pursuing""}
```",
1e9595x,financial_planning,general_finance,positive,pursuing,,personalfinance
1e9wzrx,general_question,general_finance,neutral,considering,,personalfinance
1eeg3fl,financial_planning,general_finance,neutral,considering,,personalfinance
1eipwxp,career_impact,general_finance,neutral,considering,,personalfinance
1ej20du,financial_planning,general_finance,positive,considering,,personalfinance
1el66f7,financial_planning,general_finance,positive,considering,,personalfinance
1eobtix,policy_uncertainty,general_finance,neutral,pursuing,,personalfinance
1eotohq,financial_planning,general_finance,neutral,considering,,personalfinance
1exsmw5,financial_planning,general_finance,neutral,pursuing,,personalfinance
1eyn7z4,financial_planning,general_finance,positive,pursuing,,personalfinance
1f5x8vd,financial_planning,general_finance,positive,pursuing,,personalfinance
1f6ptar,financial_planning,general_finance,positive,pursuing,,personalfinance
1f7iywl,financial_planning,general_finance,positive,pursuing,,personalfinance
1fchhzx,financial_planning,general_finance,positive,pursuing,,personalfinance
1fd2bly,financial_planning,general_finance,negative,considering,,personalfinance
1fgdq7b,financial_planning,general_finance,positive,pursuing,,personalfinance
1fgprew,financial_planning,general_finance,neutral,considering,,personalfinance
1fhww94,financial_planning,general_finance,neutral,pursuing,,personalfinance
1fjew2m,parse_error,,parse_error,unknown,"```json
{""pslf_sentiment"": ""negative"", ""primary_topic"": ""servicer_issues"", ""pslf_stance"": ""pursuing""}
```",
1fof423,financial_planning,general_finance,positive,pursuing,,personalfinance
1fopjhr,financial_planning,general_finance,positive,pursuing,,personalfinance
1fp6l3b,financial_planning,general_finance,neutral,pursuing,,personalfinance
1fq5msm,financial_planning,general_finance,positive,pursuing,,personalfinance
1fsnzrb,general_question,general_finance,neutral,considering,,personalfinance
1ftc7a3,career_impact,general_finance,positive,pursuing,,personalfinance
1fu29zp,financial_planning,general_finance,negative,considering,,personalfinance
1fxj4bj,financial_planning,general_finance,positive,pursuing,,personalfinance
1g9zc2b,financial_planning,general_finance,positive,pursuing,,personalfinance
1garumc,success_story,general_finance,very_positive,completed,,personalfinance
1gb76qw,financial_planning,general_finance,neutral,pursuing,,personalfinance
1gbjsp9,financial_planning,general_finance,neutral,pursuing,,personalfinance
1ge7xwv,financial_planning,general_finance,neutral,pursuing,,personalfinance
1gfzib5,financial_planning,general_finance,positive,pursuing,,personalfinance
1hwszz2,financial_planning,general_finance,neutral,pursuing,,personalfinance
1hy88v6,financial_planning,general_finance,neutral,considering,,personalfinance
1i1qf44,financial_planning,general_finance,neutral,rejecting,,personalfinance
1i2p526,career_impact,general_finance,neutral,considering,,personalfinance
1i5abt3,financial_planning,general_finance,positive,pursuing,,personalfinance
1i5u2gm,financial_planning,general_finance,negative,pursuing,,personalfinance
1i67ygn,financial_planning,general_finance,neutral,considering,,personalfinance
1i9qouu,financial_planning,general_finance,positive,pursuing,,personalfinance
1ibel86,financial_planning,general_finance,neutral,pursuing,,personalfinance
1ihha6c,financial_planning,general_finance,negative,pursuing,,personalfinance
1ihrdf6,financial_planning,general_finance,positive,pursuing,,personalfinance
1imtbtv,general_question,general_finance,negative,considering,,personalfinance
1ing99p,financial_planning,general_finance,positive,pursuing,,personalfinance
1isuv6w,general_question,general_finance,neutral,unknown,,personalfinance
1j0tcht,financial_planning,general_finance,positive,pursuing,,personalfinance
1j1rofp,financial_planning,general_finance,positive,pursuing,,personalfinance
1j2c401,financial_planning,general_finance,negative,rejecting,,personalfinance
1j2that,financial_planning,general_finance,negative,rejecting,,personalfinance
1j5e97i,financial_planning,general_finance,positive,completed,,personalfinance
1j81q0r,financial_planning,general_finance,neutral,pursuing,,personalfinance
1jdoik3,financial_planning,general_finance,negative,pursuing,,personalfinance
1je9sj6,financial_planning,general_finance,positive,pursuing,,personalfinance
1jfovwu,general_question,general_finance,neutral,unknown,,personalfinance
1jhl7v5,policy_uncertainty,general_finance,neutral,pursuing,,personalfinance
1jo6ee8,parse_error,,parse_error,unknown,"```json
{""pslf_sentiment"": ""negative"", ""primary_topic"": ""policy_uncertainty"", ""pslf_stance"": ""pursuing""}
```",
1joiz19,financial_planning,general_finance,positive,pursuing,,personalfinance
1jt9ny2,policy_uncertainty,general_finance,negative,rejecting,,personalfinance
1jv7omk,financial_planning,general_finance,negative,pursuing,,personalfinance
1jvbws3,general_question,general_finance,neutral,unknown,,personalfinance
1jx5yo2,financial_planning,general_finance,neutral,pursuing,,personalfinance
1jxj54i,financial_planning,general_finance,positive,pursuing,,personalfinance
1k09kox,financial_planning,general_finance,neutral,pursuing,,personalfinance
1k1ic4s,financial_planning,general_finance,negative,rejecting,,personalfinance
1ka4wib,financial_planning,general_finance,neutral,pursuing,,personalfinance
1kah3oo,financial_planning,general_finance,negative,rejecting,,personalfinance
1kd878u,parse_error,,parse_error,unknown,"```json
{""pslf_sentiment"": ""neutral"", ""primary_topic"": ""general_question"", ""pslf_stance"": ""unknown""}
```",
1kdceav,general_question,general_finance,neutral,unknown,,personalfinance
1keyb7u,policy_uncertainty,general_finance,negative,pursuing,,personalfinance
1n7zlff,general_question,general_finance,neutral,pursuing,,personalfinance
1ncud9t,financial_planning,general_finance,neutral,unknown,,personalfinance
1nesdux,financial_planning,general_finance,positive,pursuing,,personalfinance
1niq7lw,parse_error,,parse_error,unknown,"```json
{""pslf_sentiment"": ""negative"", ""primary_topic"": ""financial_planning"", ""pslf_stance"": ""considering""}
```",
1nj92od,financial_planning,general_finance,positive,pursuing,,personalfinance
1nxib9n,financial_planning,general_finance,neutral,pursuing,,personalfinance
1o0hkg8,financial_planning,general_finance,neutral,pursuing,,personalfinance
1o1px0n,financial_planning,general_finance,neutral,considering,,personalfinance
1o4d06s,financial_planning,general_finance,positive,pursuing,,personalfinance
1o64mq5,financial_planning,general_finance,positive,pursuing,,personalfinance
1o6ti0q,financial_planning,general_finance,positive,pursuing,,personalfinance
1o74xk3,financial_planning,general_finance,positive,pursuing,,personalfinance
1oq7sa7,success_story,general_finance,positive,completed,,personalfinance
1ovjnit,financial_planning,general_finance,neutral,considering,,personalfinance
1ow3b9f,financial_planning,general_finance,positive,pursuing,,personalfinance
1ox1huv,financial_planning,general_finance,positive,pursuing,,personalfinance
1p38xwy,financial_planning,general_finance,neutral,considering,,personalfinance
1p8d0ok,financial_planning,general_finance,positive,pursuing,,personalfinance
1p8nitn,general_question,general_finance,neutral,unknown,,personalfinance
1paxn5n,financial_planning,general_finance,positive,pursuing,,personalfinance
1pd7lyx,financial_planning,general_finance,neutral,pursuing,,personalfinance
1pdripx,financial_planning,general_finance,positive,pursuing,,personalfinance
1pgoppy,success_story,general_finance,very_positive,completed,,personalfinance
1powp0k,financial_planning,general_finance,positive,pursuing,,personalfinance
1ppera5,financial_planning,general_finance,neutral,unknown,,personalfinance
1pvwd1f,financial_planning,general_finance,positive,pursuing,,personalfinance
ooggi2,general_question,general_finance,neutral,considering,,personalfinance
q3nif4,policy_uncertainty,general_finance,positive,unknown,,personalfinance
qdjzhf,financial_planning,general_finance,positive,pursuing,,personalfinance
qete9i,financial_planning,general_finance,neutral,pursuing,,personalfinance
r27e8c,financial_planning,general_finance,positive,pursuing,,personalfinance
rq26vp,financial_planning,general_finance,neutral,pursuing,,personalfinance
rro1wp,success_story,general_finance,very_positive,completed,,personalfinance
sesch1,success_story,general_finance,positive,completed,,personalfinance
slwxbz,financial_planning,general_finance,neutral,pursuing,,personalfinance
tliq7s,general_question,general_finance,unknown,unknown,,personalfinance
tukl2i,financial_planning,general_finance,neutral,pursuing,,personalfinance
u0u0to,financial_planning,general_finance,positive,pursuing,,personalfinance
u5us3l,financial_planning,general_finance,neutral,pursuing,,personalfinance
urz23b,financial_planning,general_finance,positive,pursuing,,personalfinance
v4v2zl,financial_planning,general_finance,negative,pursuing,,personalfinance
v68ob3,financial_planning,general_finance,positive,pursuing,,personalfinance
v693zp,financial_planning,general_finance,positive,considering,,personalfinance
vaktsl,financial_planning,general_finance,neutral,considering,,personalfinance
vh8nxv,financial_planning,general_finance,neutral,pursuing,,personalfinance
vrbdx7,financial_planning,general_finance,positive,pursuing,,personalfinance
vzlszf,financial_planning,general_finance,positive,pursuing,,personalfinance
w236t0,financial_planning,general_finance,positive,considering,,personalfinance
w3wx4u,financial_planning,general_finance,positive,pursuing,,personalfinance
wher1o,financial_planning,general_finance,positive,considering,,personalfinance
wnfg8r,financial_planning,general_finance,positive,considering,,personalfinance
x0ulxi,financial_planning,general_finance,positive,pursuing,,personalfinance
x7tqfz,financial_planning,general_finance,positive,pursuing,,personalfinance
ytan4s,financial_planning,general_finance,positive,pursuing,,personalfinance
yyxsu4,financial_planning,general_finance,positive,pursuing,,personalfinance
15dyk51,financial_planning,general_finance,positive,pursuing,,personalfinance
15jzyp5,financial_planning,general_finance,neutral,considering,,personalfinance
16mwt1o,financial_planning,general_finance,neutral,considering,,personalfinance
16oxg0n,financial_planning,general_finance,positive,pursuing,,personalfinance
17z2xfe,financial_planning,general_finance,positive,pursuing,,personalfinance
17zysze,career_impact,general_finance,neutral,considering,,personalfinance
18mzbdc,financial_planning,general_finance,neutral,pursuing,,personalfinance
1crf495,financial_planning,general_finance,positive,pursuing,,personalfinance
1cviq0q,financial_planning,general_finance,neutral,pursuing,,personalfinance
1dasv74,financial_planning,general_finance,neutral,pursuing,,personalfinance
1df0931,financial_planning,general_finance,positive,pursuing,,personalfinance
1dqvqjm,career_impact,general_finance,positive,pursuing,,personalfinance
1euj3i1,financial_planning,general_finance,neutral,pursuing,,personalfinance
1fia863,general_question,general_finance,neutral,considering,,personalfinance
1fw1lqv,financial_planning,general_finance,neutral,pursuing,,personalfinance
1g0stys,financial_planning,general_finance,neutral,pursuing,,personalfinance
1i2r2lt,financial_planning,general_finance,neutral,considering,,personalfinance
1jar2b5,financial_planning,general_finance,neutral,pursuing,,personalfinance
1jg6lso,financial_planning,general_finance,positive,pursuing,,personalfinance
1jxjxlr,policy_uncertainty,general_finance,neutral,considering,,personalfinance
1k9jbbu,general_question,general_finance,neutral,unknown,,personalfinance
1nmkk57,financial_planning,general_finance,positive,pursuing,,personalfinance
olm3r8,financial_planning,general_finance,neutral,rejecting,,personalfinance
pptr9h,financial_planning,general_finance,neutral,unknown,,personalfinance
rgjyul,financial_planning,general_finance,neutral,rejecting,,personalfinance
sdkzd7,general_question,general_finance,neutral,unknown,,personalfinance
sdtlqm,general_question,general_finance,neutral,unknown,,personalfinance
sq6u00,financial_planning,general_finance,neutral,unknown,,personalfinance
tru85d,financial_planning,general_finance,neutral,unknown,,personalfinance
uncs7t,general_question,general_finance,neutral,unknown,,personalfinance
v84pws,general_question,general_finance,neutral,unknown,,personalfinance
x6c29g,financial_planning,general_finance,neutral,unknown,,personalfinance
xjqp53,servicer_issues,general_finance,negative,pursuing,,personalfinance
14d1on2,general_question,general_finance,neutral,considering,,personalfinance
158lfpn,general_question,general_finance,neutral,unknown,,personalfinance
158lftc,general_question,general_finance,neutral,unknown,,personalfinance
158lg7a,general_question,general_finance,neutral,unknown,,personalfinance
16clcbm,servicer_issues,general_finance,neutral,unknown,,personalfinance
16m6q1g,servicer_issues,general_finance,neutral,unknown,,personalfinance
16u2n3q,parse_error,,parse_error,unknown,"```json
{""pslf_sentiment"": ""positive"", ""primary_topic"": ""financial_planning"", ""pslf_stance"": ""pursuing""}
```",
17jf35t,general_question,general_finance,neutral,unknown,,personalfinance
17mx024,servicer_issues,general_finance,neutral,unknown,,personalfinance
18637dg,general_question,general_finance,neutral,unknown,,personalfinance
18tb4ej,general_question,general_finance,neutral,unknown,,personalfinance
1cuwlt5,servicer_issues,general_finance,neutral,unknown,,personalfinance
1d4ivik,general_question,general_finance,neutral,unknown,,personalfinance
1dhklxz,general_question,general_finance,neutral,unknown,,personalfinance
1dwx3vb,general_question,general_finance,neutral,unknown,,personalfinance
1dynxxh,servicer_issues,general_finance,neutral,unknown,,personalfinance
1eo9tif,financial_planning,general_finance,neutral,unknown,,personalfinance
1esang7,general_question,general_finance,neutral,unknown,,personalfinance
1eukjq8,general_question,general_finance,neutral,unknown,,personalfinance
1fsmy0r,general_question,general_finance,neutral,unknown,,personalfinance
1g3l17o,financial_planning,general_finance,neutral,unknown,,personalfinance
1i5ws6q,general_question,general_finance,neutral,unknown,,personalfinance
1inuel9,parse_error,,parse_error,unknown,"```json
{""pslf_sentiment"": ""neutral"", ""primary_topic"": ""general_question"", ""pslf_stance"": ""unknown""}
```",
1io42o5,general_question,general_finance,neutral,unknown,,personalfinance
1irzsnn,servicer_issues,general_finance,neutral,unknown,,personalfinance
1iwuo08,financial_planning,general_finance,neutral,unknown,,personalfinance
1iy27y4,servicer_issues,general_finance,neutral,unknown,,personalfinance
1j4flyp,servicer_issues,general_finance,neutral,pursuing,,personalfinance
1j81vb2,financial_planning,general_finance,neutral,pursuing,,personalfinance
1jpfvjo,servicer_issues,general_finance,negative,unknown,,personalfinance
1jpnzzh,general_question,general_finance,neutral,unknown,,personalfinance
1jr3b6i,servicer_issues,general_finance,neutral,unknown,,personalfinance
1jrzrln,parse_error,,parse_error,unknown,"```json
{""pslf_sentiment"": ""neutral"", ""primary_topic"": ""servicer_issues"", ""pslf_stance"": ""unknown""}
```",
1jxjat0,servicer_issues,general_finance,neutral,unknown,,personalfinance
1o91rg6,general_question,general_finance,neutral,unknown,,personalfinance
1oacn1b,general_question,general_finance,neutral,unknown,,personalfinance
1oh690i,general_question,general_finance,neutral,unknown,,personalfinance
1puv9rm,servicer_issues,general_finance,neutral,unknown,,personalfinance
1jklgov,financial_planning,general_finance,neutral,pursuing,,personalfinance
oqdwt6,financial_planning,general_finance,neutral,unknown,,personalfinance
osuoyt,servicer_issues,general_finance,neutral,unknown,,personalfinance
p3tqmp,financial_planning,general_finance,neutral,unknown,,personalfinance
pexmzu,financial_planning,general_finance,neutral,pursuing,,personalfinance
pxlk1r,financial_planning,general_finance,neutral,pursuing,,personalfinance
q0qf40,career_impact,general_finance,neutral,considering,,personalfinance
q5bb5t,general_question,general_finance,neutral,unknown,,personalfinance
q9jiru,parse_error,,parse_error,unknown,"```json
{""pslf_sentiment"": ""neutral"", ""primary_topic"": ""financial_planning"", ""pslf_stance"": ""pursuing""}
```",
qmj0ij,financial_planning,general_finance,negative,considering,,personalfinance
rfomoq,career_impact,general_finance,neutral,considering,,personalfinance
rlhzl0,parse_error,,parse_error,unknown,"```json
{""pslf_sentiment"": ""neutral"", ""primary_topic"": ""financial_planning"", ""pslf_stance"": ""considering""}
```",
t8r3p9,financial_planning,general_finance,neutral,unknown,,personalfinance
tk0fo5,financial_planning,general_finance,neutral,unknown,,personalfinance
tm4ato,financial_planning,general_finance,neutral,considering,,personalfinance
ug6c88,financial_planning,general_finance,neutral,unknown,,personalfinance
w5hbqi,financial_planning,general_finance,neutral,pursuing,,personalfinance
xo2q0i,financial_planning,general_finance,neutral,unknown,,personalfinance
xvq97h,general_question,general_finance,neutral,unknown,,personalfinance
y4gbsd,general_question,general_finance,neutral,pursuing,,personalfinance
ym8w1q,financial_planning,general_finance,neutral,unknown,,personalfinance
yobl48,financial_planning,general_finance,positive,pursuing,,personalfinance
14pkrlz,financial_planning,general_finance,neutral,considering,,personalfinance
151j84v,financial_planning,general_finance,neutral,unknown,,personalfinance
154dl5d,financial_planning,general_finance,neutral,unknown,,personalfinance
156rwic,financial_planning,general_finance,neutral,unknown,,personalfinance
15a7jzh,financial_planning,general_finance,neutral,unknown,,personalfinance
15fn1ty,financial_planning,general_finance,neutral,unknown,,personalfinance
15vo2ow,financial_planning,general_finance,neutral,considering,,personalfinance
161f12w,financial_planning,general_finance,neutral,unknown,,personalfinance
164f0w7,general_question,general_finance,neutral,unknown,,personalfinance
16zvfrs,policy_uncertainty,general_finance,negative,considering,,personalfinance
17bimpw,general_question,general_finance,neutral,considering,,personalfinance
1cq8n2v,financial_planning,general_finance,neutral,unknown,,personalfinance
1cxsi6c,general_question,general_finance,neutral,unknown,,personalfinance
1dpzg2j,financial_planning,general_finance,neutral,pursuing,,personalfinance
1e3gusp,financial_planning,general_finance,neutral,unknown,,personalfinance
1e45f1l,financial_planning,general_finance,neutral,rejecting,,personalfinance
1iss7dq,general_question,general_finance,neutral,unknown,,personalfinance
1it5x5r,financial_planning,general_finance,neutral,unknown,,personalfinance
1jhmmz1,general_question,general_finance,neutral,rejecting,,personalfinance
1jolmim,financial_planning,general_finance,neutral,unknown,,personalfinance
1jsvntq,parse_error,,parse_error,unknown,"```json
{""pslf_sentiment"": ""neutral"", ""primary_topic"": ""financial_planning"", ""pslf_stance"": ""unknown""}
```",
1nrhove,financial_planning,general_finance,neutral,unknown,,personalfinance
1nxkt7v,financial_planning,general_finance,neutral,unknown,,personalfinance
1o9k734,financial_planning,general_finance,neutral,unknown,,personalfinance
1prip3g,financial_planning,general_finance,negative,rejecting,,personalfinance
1prpi74,financial_planning,general_finance,negative,considering,,personalfinance
1psalqi,financial_planning,general_finance,neutral,unknown,,personalfinance
qikcvv,financial_planning,general_finance,neutral,unknown,,personalfinance
rdpct2,financial_planning,general_finance,neutral,unknown,,personalfinance
ru05xl,financial_planning,general_finance,neutral,unknown,,personalfinance
sgq2wn,parse_error,,parse_error,unknown,"```json
{""pslf_sentiment"": ""neutral"", ""primary_topic"": ""general_question"", ""pslf_stance"": ""unknown""}
```",
sonxaq,financial_planning,general_finance,neutral,unknown,,personalfinance
t4pjo6,servicer_issues,general_finance,neutral,unknown,,personalfinance
ufr6le,financial_planning,general_finance,neutral,unknown,,personalfinance
vo9oep,financial_planning,general_finance,neutral,unknown,,personalfinance
w8wuzd,financial_planning,general_finance,neutral,unknown,,personalfinance
wrnpsq,financial_planning,general_finance,neutral,pursuing,,personalfinance
wrrrzb,financial_planning,general_finance,neutral,unknown,,personalfinance
yyv3ba,general_question,general_finance,neutral,unknown,,personalfinance
13a91ij,financial_planning,general_finance,neutral,pursuing,,personalfinance
14cqc4p,financial_planning,general_finance,neutral,unknown,,personalfinance
14numsz,general_question,general_finance,neutral,unknown,,personalfinance
14yr3e7,financial_planning,general_finance,neutral,unknown,,personalfinance
14yzuoi,financial_planning,general_finance,neutral,unknown,,personalfinance
15o56t8,financial_planning,general_finance,neutral,unknown,,personalfinance
16jty2s,financial_planning,general_finance,neutral,unknown,,personalfinance
16s5k2o,general_question,general_finance,unknown,unknown,,personalfinance
17a86vl,financial_planning,general_finance,neutral,unknown,,personalfinance
17immes,parse_error,,parse_error,unknown,"```json
{""pslf_sentiment"": ""neutral"", ""primary_topic"": ""financial_planning"", ""pslf_stance"": ""rejecting""}
```",
17wpia7,financial_planning,general_finance,neutral,unknown,,personalfinance
1dvkjz7,financial_planning,general_finance,neutral,unknown,,personalfinance
1e3iz2w,general_question,general_finance,neutral,unknown,,personalfinance
1e8vp6f,financial_planning,general_finance,neutral,unknown,,personalfinance
1f1ryn4,financial_planning,general_finance,neutral,unknown,,personalfinance
1fzyy7h,general_question,general_finance,neutral,unknown,,personalfinance
1g46upd,financial_planning,general_finance,neutral,unknown,,personalfinance
1g5woir,financial_planning,general_finance,neutral,unknown,,personalfinance
1gam58g,general_question,general_finance,neutral,unknown,,personalfinance
1gk78q5,financial_planning,general_finance,neutral,pursuing,,personalfinance
1hvyuhe,financial_planning,general_finance,neutral,unknown,,personalfinance
1ieic6v,financial_planning,general_finance,neutral,unknown,,personalfinance
1j3v8dq,financial_planning,general_finance,neutral,unknown,,personalfinance
1j8g8km,financial_planning,general_finance,neutral,unknown,,personalfinance
1jal5o7,general_question,general_finance,neutral,unknown,,personalfinance
1jfkolx,financial_planning,general_finance,neutral,unknown,,personalfinance
1jo41gh,general_question,general_finance,unknown,unknown,,personalfinance
1jw5agl,financial_planning,general_finance,neutral,unknown,,personalfinance
1kc1r4b,financial_planning,general_finance,neutral,unknown,,personalfinance
1kd60m5,financial_planning,general_finance,neutral,unknown,,personalfinance
1nvb50r,general_question,general_finance,neutral,unknown,,personalfinance
1o6jybl,financial_planning,general_finance,neutral,unknown,,personalfinance
1of18ux,general_question,general_finance,neutral,unknown,,personalfinance
1oryqr2,financial_planning,general_finance,neutral,unknown,,personalfinance
1p500cv,financial_planning,general_finance,positive,considering,,personalfinance
ooteon,financial_planning,general_finance,neutral,unknown,,personalfinance
penbvj,general_question,general_finance,neutral,unknown,,personalfinance
qkaxx1,financial_planning,general_finance,neutral,considering,,personalfinance
rhdlf2,financial_planning,general_finance,neutral,unknown,,personalfinance
rlimc7,financial_planning,general_finance,neutral,unknown,,personalfinance
rob050,financial_planning,general_finance,neutral,unknown,,personalfinance
rs5mt6,financial_planning,general_finance,neutral,unknown,,personalfinance
tw21xc,financial_planning,general_finance,neutral,unknown,,personalfinance
udfb45,general_question,general_finance,neutral,unknown,,personalfinance
ugpa97,financial_planning,general_finance,neutral,considering,,personalfinance
vil9r8,financial_planning,general_finance,neutral,considering,,personalfinance
vpv01r,parse_error,,parse_error,unknown,"{""pslf_sentiment"": ""unknown"", ""primary_topic"": ""unknown"", ""pslf_stance"": ""unknown""}

This post is about UK tax issues for a summer job and has no connection to Public Service Loan Forgiveness (PSLF), ",
wddw9g,general_question,general_finance,neutral,unknown,,personalfinance
wgaw7v,financial_planning,general_finance,neutral,pursuing,,personalfinance
xl201i,unknown,general_finance,unknown,unknown,,personalfinance
xtrstk,general_question,general_finance,neutral,unknown,,personalfinance
xun094,financial_planning,general_finance,neutral,considering,,personalfinance
12hr77v,financial_planning,general_finance,neutral,unknown,,personalfinance
14yuq97,financial_planning,general_finance,neutral,unknown,,personalfinance
1545b6a,general_question,general_finance,unknown,unknown,,personalfinance
15472p0,financial_planning,general_finance,neutral,unknown,,personalfinance
15k90iz,financial_planning,general_finance,neutral,unknown,,personalfinance
15lc0zq,general_question,general_finance,neutral,unknown,,personalfinance
15n0vq6,financial_planning,general_finance,neutral,unknown,,personalfinance
15ryihf,financial_planning,general_finance,neutral,considering,,personalfinance
163tovc,financial_planning,general_finance,neutral,considering,,personalfinance
164xtdc,servicer_issues,general_finance,neutral,unknown,,personalfinance
165jf19,general_question,general_finance,neutral,unknown,,personalfinance
165treb,financial_planning,general_finance,neutral,unknown,,personalfinance
16imfrx,financial_planning,general_finance,neutral,unknown,,personalfinance
16wpokh,financial_planning,general_finance,positive,considering,,personalfinance
170x26a,general_question,general_finance,neutral,unknown,,personalfinance
177bgtj,general_question,general_finance,neutral,unknown,,personalfinance
17kteor,financial_planning,general_finance,neutral,unknown,,personalfinance
1d96pl0,financial_planning,general_finance,neutral,unknown,,personalfinance
1dgq92d,general_question,general_finance,neutral,unknown,,personalfinance
1dql5k1,general_question,general_finance,neutral,unknown,,personalfinance
1dvzcgf,general_question,general_finance,neutral,unknown,,personalfinance
1dxjezl,general_question,general_finance,neutral,unknown,,personalfinance
1e3ef9p,general_question,general_finance,neutral,unknown,,personalfinance
1ebfyt6,financial_planning,general_finance,neutral,unknown,,personalfinance
1fhj8m0,general_question,general_finance,neutral,unknown,,personalfinance
1fial3q,general_question,general_finance,neutral,unknown,,personalfinance
1fxuch0,general_question,general_finance,neutral,unknown,,personalfinance
1idsqeh,general_question,general_finance,neutral,unknown,,personalfinance
1isxif1,general_question,general_finance,neutral,unknown,,personalfinance
1j884p4,parse_error,,parse_error,unknown,"This post appears to be about UK tax matters (HMRC payments) rather than Public Service Loan Forgiveness (PSLF), which is a US student loan program. The content discusses UK tax payment issues, not st",
1jlqrz4,general_question,general_finance,unknown,unknown,,personalfinance
1jouwu1,financial_planning,general_finance,neutral,unknown,,personalfinance
1k5cowl,general_question,general_finance,unknown,unknown,,personalfinance
1npifo2,general_question,general_finance,neutral,unknown,,personalfinance
1nrvgw1,general_question,general_finance,neutral,unknown,,personalfinance
1omtk7u,financial_planning,general_finance,neutral,unknown,,personalfinance
1pecswr,financial_planning,general_finance,neutral,unknown,,personalfinance
ov5v6r,financial_planning,general_finance,neutral,considering,,personalfinance
p47mra,financial_planning,general_finance,neutral,unknown,,personalfinance
q9r9j9,financial_planning,general_finance,neutral,rejecting,,personalfinance
qine5n,financial_planning,general_finance,neutral,unknown,,personalfinance
rhclkp,general_question,general_finance,neutral,unknown,,personalfinance
ssuwxl,general_question,general_finance,neutral,unknown,,personalfinance
t7q723,financial_planning,general_finance,neutral,pursuing,,personalfinance
u06fpf,financial_planning,general_finance,neutral,unknown,,personalfinance
vp60lq,financial_planning,general_finance,neutral,unknown,,personalfinance
wr70fn,financial_planning,general_finance,neutral,unknown,,personalfinance
xdg74q,financial_planning,general_finance,neutral,pursuing,,personalfinance
131q0fa,financial_planning,general_finance,neutral,unknown,,personalfinance
14a6pth,financial_planning,general_finance,neutral,unknown,,personalfinance
14nwuwr,financial_planning,general_finance,neutral,unknown,,personalfinance
14pt142,financial_planning,general_finance,neutral,unknown,,personalfinance
14sr9iw,financial_planning,general_finance,neutral,unknown,,personalfinance
14yk73c,financial_planning,general_finance,neutral,unknown,,personalfinance
157jjbm,financial_planning,general_finance,neutral,unknown,,personalfinance
158fnxe,financial_planning,general_finance,neutral,unknown,,personalfinance
15aa5f8,general_question,general_finance,neutral,unknown,,personalfinance
15ek888,financial_planning,general_finance,neutral,unknown,,personalfinance
15mzia7,financial_planning,general_finance,neutral,pursuing,,personalfinance
1621z7a,financial_planning,general_finance,neutral,unknown,,personalfinance
16hapkf,financial_planning,general_finance,neutral,unknown,,personalfinance
171k42s,financial_planning,general_finance,neutral,unknown,,personalfinance
18pz7r0,parse_error,,parse_error,unknown,"Looking at this post, I can see it's about personal finance advice after a breakup, but it appears to be cut off mid-sentence. From what's provided, there is no mention of Public Service Loan Forgiven",
1f1tm2d,financial_planning,general_finance,neutral,unknown,,personalfinance
14ur66f,general_question,general_finance,neutral,rejecting,,financialindependence
14ypt32,financial_planning,general_finance,neutral,considering,,financialindependence
16mefry,financial_planning,general_finance,positive,pursuing,,financialindependence
17rl5ik,parse_error,,parse_error,unknown,"```json
{""pslf_sentiment"": ""neutral"", ""primary_topic"": ""financial_planning"", ""pslf_stance"": ""considering""}
```",
1p0jt91,financial_planning,general_finance,positive,pursuing,,financialindependence
13zs9op,general_question,general_finance,neutral,pursuing,,financialindependence
157ji8v,financial_planning,general_finance,neutral,unknown,,financialindependence
1hy7qil,general_question,general_finance,neutral,unknown,,financialindependence
1nvjt68,general_question,general_finance,unknown,unknown,,financialindependence
