error,post_id,primary_topic,profession,pslf_sentiment,pslf_stance,raw_response,source
,da9f7edf1a99f47f,financial_planning,,neutral,unknown,,sdn
,bcf068d1e8c80257,policy_uncertainty,,neutral,unknown,,sdn
,21e9d350d543099e,career_impact,,positive,pursuing,,sdn
,164a33c5f3a9b5d8,career_impact,,positive,pursuing,,sdn
,a87c66675af69473,career_impact,,neutral,unknown,,sdn
,2606b2e31ad61a49,career_impact,,positive,pursuing,,sdn
,86f90e2edafd2cd4,career_impact,,neutral,pursuing,,sdn
,22b6f45441e26981,career_impact,,positive,considering,,sdn
,0e7f6e17cf8822e8,career_impact,,positive,considering,,sdn
,a07796256bfd23fc,career_impact,,positive,considering,,sdn
,874f16d1b07cb598,career_impact,,positive,considering,,sdn
,2aef83b627106af5,career_impact,,positive,considering,,sdn
,473019146fdc6ff8,career_impact,,positive,considering,,sdn
,cd0c38f436b071fe,career_impact,,positive,considering,,sdn
,dd13e946c6ce9540,career_impact,,positive,considering,,sdn
,afe14bb9f0de97a2,career_impact,,positive,considering,,sdn
,33a31a52e4495b07,career_impact,,positive,considering,,sdn
,c919e17eb9d59f3e,general_question,,positive,pursuing,,sdn
,584553ca172bd280,policy_uncertainty,,positive,pursuing,,sdn
,e8fcbcfe8e3d6423,financial_planning,,neutral,unknown,,sdn
,2acc2e4daebef778,financial_planning,,very_positive,pursuing,,sdn
,e00b1d82aae09dd5,financial_planning,,positive,pursuing,,sdn
,42e8046f4234a83e,policy_uncertainty,,neutral,unknown,,sdn
,36fbef74a5363fa9,financial_planning,,neutral,unknown,,sdn
,ac3fd7896d11a58f,financial_planning,,positive,pursuing,,sdn
,507494a36d390b21,general_question,,positive,unknown,,sdn
,b729b5d5ab950fe6,policy_uncertainty,,positive,pursuing,,sdn
,361db7f4188e5cbc,financial_planning,,neutral,unknown,,sdn
,cdfd8a8cb1957422,financial_planning,,very_positive,pursuing,,sdn
,ce9bc96d53e7df47,financial_planning,,positive,pursuing,,sdn
,04e901505bac58f1,policy_uncertainty,,neutral,unknown,,sdn
,90d5264e7470d10b,financial_planning,,neutral,unknown,,sdn
,daa37a1c072a3a57,financial_planning,,positive,pursuing,,sdn
,dce2a8a8ca522458,policy_uncertainty,,positive,pursuing,,sdn
,3f09f3c1c8e30e2f,policy_uncertainty,,neutral,considering,,sdn
,0a6d4e728d99ec9c,financial_planning,,very_positive,pursuing,,sdn
,74f440120dc893a2,financial_planning,,neutral,pursuing,,sdn
,9722a15578a8c554,policy_uncertainty,,neutral,unknown,,sdn
,b6394e792b418d32,financial_planning,,neutral,unknown,,sdn
,4cfba98b17a06a29,financial_planning,,positive,pursuing,,sdn
,2feae62d6d0cd24f,general_question,,positive,pursuing,,sdn
,f54d507dacdd716a,policy_uncertainty,,neutral,considering,,sdn
,c9a1d239f8a175c8,financial_planning,,neutral,considering,,sdn
,9c8f62a8cb6cae27,financial_planning,,very_positive,pursuing,,sdn
,420fc22039ed665c,financial_planning,,neutral,considering,,sdn
,d1cc16b40d24092e,policy_uncertainty,,neutral,unknown,,sdn
,e88268cfbfe2de66,financial_planning,,positive,pursuing,,sdn
,063cf7e5fe2b2309,policy_uncertainty,,positive,pursuing,,sdn
,373a9394f6f5c338,policy_uncertainty,,positive,pursuing,,sdn
,2c8a453b0975a3a8,financial_planning,,neutral,unknown,,sdn
,3fc252c7e18865f9,financial_planning,,positive,pursuing,,sdn
,75e0b99f48a1e3e8,financial_planning,,neutral,unknown,,sdn
,5700d2dde146ef58,financial_planning,,positive,pursuing,,sdn
,208c685eaf0f5a1f,general_question,,positive,pursuing,,sdn
,ff1a1ca130120b22,policy_uncertainty,,positive,considering,,sdn
,1aef17cd65c6d6fd,financial_planning,,neutral,unknown,,sdn
,54da763efe8e696d,financial_planning,,very_positive,pursuing,,sdn
,7f3431eb0c47e6dc,financial_planning,,neutral,pursuing,,sdn
,715c594aa7e506ff,policy_uncertainty,,neutral,unknown,,sdn
,024dfa1e685499f1,financial_planning,,neutral,unknown,,sdn
,5f9fc6b188d53c59,financial_planning,,positive,pursuing,,sdn
,626e2c1ae486fee1,general_question,,positive,unknown,,sdn
,c359ad2cdc1b97fd,financial_planning,,neutral,unknown,,sdn
,4801d6240cca09a1,financial_planning,,positive,pursuing,,sdn
,e08692ef4aa09e3d,policy_uncertainty,,neutral,unknown,,sdn
,4eecbb9c46d6abbd,financial_planning,,neutral,unknown,,sdn
,bece567bbe7c2fbd,financial_planning,,positive,pursuing,,sdn
,473cfff0080c7469,general_question,,positive,unknown,,sdn
,36dd6d75d1a888e5,policy_uncertainty,,positive,pursuing,,sdn
,d8d0960cecdd80cc,parse_error,,parse_error,unknown,"```json
{""pslf_sentiment"": ""neutral"", ""primary_topic"": ""financial_planning"", ""pslf_stance"": ""unknown""}
```",
,e0adcaffff8fb579,financial_planning,,very_positive,pursuing,,sdn
,82fac2f91a8c9051,financial_planning,,neutral,considering,,sdn
,a0b7fcf568a32a3a,policy_uncertainty,,neutral,unknown,,sdn
,ce2c1e7ed0450b03,financial_planning,,positive,pursuing,,sdn
,93202b88f605013b,policy_uncertainty,,positive,pursuing,,sdn
,a9a8530b62556302,financial_planning,,neutral,unknown,,sdn
,afec9c001619c2d4,financial_planning,,very_positive,pursuing,,sdn
,77cdf781ef60569a,financial_planning,,neutral,considering,,sdn
,35271c931f58c2d2,policy_uncertainty,,neutral,unknown,,sdn
,d3fc0a8e41fca88f,financial_planning,,neutral,unknown,,sdn
,fe3c5f5c4ad6510a,financial_planning,,positive,pursuing,,sdn
,68f03142e55e36c3,policy_uncertainty,,positive,pursuing,,sdn
,36655a31021c93d6,policy_uncertainty,,positive,pursuing,,sdn
,6047ec8fb0421df1,financial_planning,,neutral,unknown,,sdn
,a0e947444a5f9b0d,financial_planning,,very_positive,pursuing,,sdn
,f93068a0e31ef715,parse_error,,parse_error,unknown,"```json
{""pslf_sentiment"": ""neutral"", ""primary_topic"": ""financial_planning"", ""pslf_stance"": ""considering""}
```",
,15a6f72d4c19f3e7,policy_uncertainty,,neutral,unknown,,sdn
,b4f00cacdbdb6b70,financial_planning,,neutral,unknown,,sdn
,db22e679164383ab,financial_planning,,positive,pursuing,,sdn
,997cf1f9893542ae,parse_error,,parse_error,unknown,"```json
{""pslf_sentiment"": ""negative"", ""primary_topic"": ""career_impact"", ""pslf_stance"": ""considering""}
```",
,7655049f78808a80,career_impact,,neutral,considering,,sdn
,4b41449cbb5d3dd2,career_impact,,neutral,considering,,sdn
,0361613931f0066d,policy_uncertainty,,negative,considering,,sdn
,fdca12d2fce846e6,career_impact,,negative,considering,,sdn
,ce69bc4298d436e9,career_impact,,neutral,considering,,sdn
,0f93be7945a622f4,career_impact,,neutral,considering,,sdn
,6ac697d35fc37dc7,career_impact,,negative,considering,,sdn
,d8d62c468c6fea2d,career_impact,,neutral,considering,,sdn
,64ff0835d42f75d3,career_impact,,neutral,considering,,sdn
,91c31787111a4120,policy_uncertainty,,negative,considering,,sdn
,e4f50b7f18884cae,career_impact,,negative,considering,,sdn
,129d6d7bf27fe205,career_impact,,neutral,considering,,sdn
,993b99fdaa0f5a84,career_impact,,neutral,considering,,sdn
,b46499564ff7994c,policy_uncertainty,,negative,considering,,sdn
,214612bf0c374daa,career_impact,,negative,considering,,sdn
,37021d32c80dc42e,career_impact,,neutral,considering,,sdn
,3efb68a389be3843,career_impact,,neutral,considering,,sdn
,7479a48b8188981b,policy_uncertainty,,negative,considering,,sdn
,99afbb4e46ddb3cc,career_impact,,negative,considering,,sdn
,5c17c3a2ae3944b9,career_impact,,neutral,considering,,sdn
,fb7b2c9a405aba16,policy_uncertainty,,negative,considering,,sdn
,a8359ac5e0efccc6,career_impact,,neutral,considering,,sdn
,168b8073ef3f0450,career_impact,,neutral,considering,,sdn
,2b52c540b546534e,career_impact,,neutral,considering,,sdn
,1852cf6122ad071e,policy_uncertainty,,negative,considering,,sdn
,fc633685541b0e1e,career_impact,,neutral,considering,,sdn
,bde1b69a91263187,career_impact,,neutral,considering,,sdn
,fb454685607a505b,career_impact,,neutral,considering,,sdn
,1a98450d5966f346,policy_uncertainty,,negative,considering,,sdn
,ad628b07b548ba7d,career_impact,,negative,considering,,sdn
,e803c97edea52a30,career_impact,,neutral,considering,,sdn
,52bfb2910474dc96,career_impact,,neutral,considering,,sdn
,355f4a5e453e7cbd,policy_uncertainty,,negative,considering,,sdn
,954018210e75096d,financial_planning,,neutral,considering,,sdn
,e10bc1d356045bf2,career_impact,,neutral,considering,,sdn
,33f45e5e2f41d039,career_impact,,neutral,considering,,sdn
,0bb0cab0d92ef9fa,policy_uncertainty,,negative,considering,,sdn
,6395014a110dc4db,policy_uncertainty,,neutral,unknown,,sdn
,11b5a2bed6d69e44,policy_uncertainty,,neutral,unknown,,sdn
,0037739b74960dac,policy_uncertainty,,neutral,unknown,,sdn
,49cffc4ee9891bbb,policy_uncertainty,,neutral,unknown,,sdn
,78571831306f93df,policy_uncertainty,,neutral,unknown,,sdn
,757add6198bb25bf,policy_uncertainty,,neutral,unknown,,sdn
,b89d17c08aadbd99,policy_uncertainty,,neutral,unknown,,sdn
,7189976547e97873,policy_uncertainty,,neutral,unknown,,sdn
,36935ce076833968,policy_uncertainty,,neutral,unknown,,sdn
,9c9aa44b60d165be,policy_uncertainty,,neutral,unknown,,sdn
,0d0fd122855bd4e4,policy_uncertainty,,neutral,unknown,,sdn
,f8f61a82d90708b1,general_question,,neutral,unknown,,sdn
,e62669e608c0e58d,policy_uncertainty,,neutral,unknown,,sdn
,3a7b7ecddd12a74c,policy_uncertainty,,neutral,unknown,,sdn
,61b20cd43dfff008,policy_uncertainty,,neutral,unknown,,sdn
,21047e06ee11f4d8,policy_uncertainty,,neutral,unknown,,sdn
,2e66693cf781f3ac,policy_uncertainty,,neutral,unknown,,sdn
,2040f28f30411981,policy_uncertainty,,neutral,unknown,,sdn
,7a8258c4723a4b7c,policy_uncertainty,,neutral,unknown,,sdn
,4da3b67aafcedf7a,policy_uncertainty,,neutral,unknown,,sdn
,b913a7f553c620ef,general_question,,neutral,unknown,,sdn
,6bc25cbaa7e3ca4c,general_question,,neutral,unknown,,sdn
,5ca43cc4b80a5d5f,general_question,,neutral,unknown,,sdn
,7c39764bfa9cbf71,general_question,,neutral,unknown,,sdn
,339cc996fcca1da8,general_question,,neutral,unknown,,sdn
,a641bc446b8fc44c,general_question,,neutral,unknown,,sdn
,8754460aaf18297a,general_question,,neutral,unknown,,sdn
,2790d319b87a545d,general_question,,neutral,unknown,,sdn
,e2a137798cddb618,general_question,,neutral,unknown,,sdn
,86837225f0b04861,general_question,,neutral,unknown,,sdn
,ffaf35a91d9e93bd,career_impact,,positive,considering,,sdn
,8cd5f2e0a3d76ce2,career_impact,,positive,considering,,sdn
,c9c342940d4bce11,career_impact,,neutral,considering,,sdn
,e945c9f804aec971,career_impact,,neutral,considering,,sdn
,93f98cc2d0d5e241,parse_error,,parse_error,unknown,"```json
{""pslf_sentiment"": ""neutral"", ""primary_topic"": ""career_impact"", ""pslf_stance"": ""considering""}
```",
,3596d18b27df829e,career_impact,,neutral,considering,,sdn
,0bd498172e1e5e9e,career_impact,,neutral,considering,,sdn
,5047b53a930cda48,career_impact,,neutral,considering,,sdn
,394ece7d36b31a82,career_impact,,neutral,considering,,sdn
,b77e267823a65023,career_impact,,positive,considering,,sdn
,5588e0baa3194df2,general_question,,neutral,unknown,,sdn
,08a9d39a46ae340f,financial_planning,,neutral,considering,,sdn
,eb7c5ad781cf42c7,financial_planning,,neutral,considering,,sdn
,dac91abf19297915,financial_planning,,neutral,considering,,sdn
,fe9341d30bf10273,financial_planning,,neutral,considering,,sdn
,183fadc262935d9f,financial_planning,,neutral,considering,,sdn
,7f835799fb000ae8,financial_planning,,neutral,considering,,sdn
,dbad00e75e274cd7,financial_planning,,neutral,considering,,sdn
,614f83f73b92f964,financial_planning,,neutral,considering,,sdn
,77e068fc75bb06aa,financial_planning,,neutral,considering,,sdn
,d4118fd4f2d1c977,career_impact,,positive,pursuing,,sdn
,e68e063382498a5a,career_impact,,positive,pursuing,,sdn
,96d0b8c87f8af00e,career_impact,,positive,pursuing,,sdn
,a6b02fdc31428ffe,parse_error,,parse_error,unknown,"```json
{""pslf_sentiment"": ""positive"", ""primary_topic"": ""career_impact"", ""pslf_stance"": ""pursuing""}
```",
,64033dec2c7b6fe4,career_impact,,positive,pursuing,,sdn
,6ffebc2fdac9b40a,career_impact,,positive,pursuing,,sdn
,fdb62c381b41e421,career_impact,,neutral,pursuing,,sdn
,032375f8fd7b176e,career_impact,,positive,pursuing,,sdn
,2e153773b44914bf,career_impact,,neutral,considering,,sdn
,03324ec24d0f64b3,career_impact,,negative,rejecting,,sdn
,c332a47fefe74a05,financial_planning,,negative,rejecting,,sdn
,441707fa7b14a9b3,career_impact,,negative,rejecting,,sdn
,599472d95bd23fc5,financial_planning,,negative,rejecting,,sdn
,7ed519207f087f49,career_impact,,negative,rejecting,,sdn
,9c88526f9b5f0377,career_impact,,negative,rejecting,,sdn
,020b686767e1c9d2,career_impact,,negative,rejecting,,sdn
,07be8d63a84386f4,career_impact,,negative,rejecting,,sdn
,6d65df5a2c60be9c,financial_planning,,negative,rejecting,,sdn
,e53c2f94c52ddf25,parse_error,,parse_error,unknown,"```json
{""pslf_sentiment"": ""negative"", ""primary_topic"": ""career_impact"", ""pslf_stance"": ""rejecting""}
```",
,4a1227b3b7682599,financial_planning,,positive,unknown,,sdn
,e144c5ef9f84ed4a,financial_planning,,positive,considering,,sdn
,fde3af4c4a7b66a4,career_impact,,positive,unknown,,sdn
,a549f34b7b776783,financial_planning,,positive,considering,,sdn
,7bb8be2ef75c6290,financial_planning,,positive,considering,,sdn
,cc0837561839e9f2,financial_planning,,positive,unknown,,sdn
,4a24a41d0d41d673,financial_planning,,positive,considering,,sdn
,31cf2f01aa61c23b,financial_planning,,positive,unknown,,sdn
,a5d43da7fffe0701,career_impact,,neutral,unknown,,sdn
,e359af710ca1ce0e,career_impact,,negative,rejecting,,sdn
,12ec06aa1f6dde80,career_impact,,neutral,considering,,sdn
"Error code: 429 - {'type': 'error', 'error': {'type': 'rate_limit_error', 'message': ""This request would exceed your organization's rate limit of 30,000 input tokens per minute (org: 7661350d-ac25-463",fc88361574b42b0a,api_error,,api_error,unknown,,
,41a8fba737941ce6,career_impact,,neutral,considering,,sdn
,5370841c68d73023,career_impact,,negative,rejecting,,sdn
,d4a135f76110ba4c,career_impact,,neutral,considering,,sdn
,517f1a9cc09a17e0,career_impact,,negative,rejecting,,sdn
,04f7b9177f044c78,career_impact,,neutral,considering,,sdn
,a70380f7cf4c9fd4,career_impact,,negative,rejecting,,sdn
,30d87092b4283789,career_impact,,neutral,considering,,sdn
,5471f43132d83dd3,career_impact,,negative,rejecting,,sdn
"Error code: 429 - {'type': 'error', 'error': {'type': 'rate_limit_error', 'message': ""This request would exceed your organization's rate limit of 50 requests per minute (org: 7661350d-ac25-463f-9e73-7",84c0fa03bc04e763,api_error,,api_error,unknown,,
,6a175108230b42d0,career_impact,,positive,considering,,sdn
,8e0c1952e1ae37cc,career_impact,,neutral,considering,,sdn
,3e242dfd0682b3b9,career_impact,,negative,rejecting,,sdn
,918119f4cff04105,career_impact,,neutral,unknown,,sdn
,8f6dc232df39fe0e,career_impact,,negative,rejecting,,sdn
,83bb63d9dbdb533c,career_impact,,neutral,considering,,sdn
,ceb2e4afd41ae1ad,parse_error,,parse_error,unknown,"```json
{""pslf_sentiment"": ""neutral"", ""primary_topic"": ""career_impact"", ""pslf_stance"": ""pursuing""}
```",
,d10c590cd6f036ab,career_impact,,neutral,pursuing,,sdn
,ced36bad85fc2707,parse_error,,parse_error,unknown,"```json
{""pslf_sentiment"": ""negative"", ""primary_topic"": ""policy_uncertainty"", ""pslf_stance"": ""considering""}
```",
,70fd6205c366d383,career_impact,,neutral,pursuing,,sdn
,da14087e9d247893,financial_planning,,positive,pursuing,,sdn
,d75f3d6fdcfea750,financial_planning,,positive,pursuing,,sdn
,debc2c3f30007bf1,policy_uncertainty,,negative,unknown,,sdn
,2bb43e5922021dd6,policy_uncertainty,,positive,considering,,sdn
,1730653bf171230e,policy_uncertainty,,negative,unknown,,sdn
,246e4da9e3c1f84d,policy_uncertainty,,negative,pursuing,,sdn
,c5be2ac35855c3ae,financial_planning,,negative,considering,,sdn
,f619db4908a12d85,policy_uncertainty,,neutral,considering,,sdn
,6e2975734cc5d587,financial_planning,,positive,pursuing,,sdn
,e5bd051c2ea52c5b,policy_uncertainty,,very_negative,pursuing,,sdn
,69849b06e78f0bed,career_impact,,positive,pursuing,,sdn
,a1c0596e0cca15bf,career_impact,,positive,pursuing,,sdn
,0f939a8c17924f6f,career_impact,,positive,pursuing,,sdn
,2c346cb7e3465e8c,career_impact,,positive,pursuing,,sdn
,99c8d72f27cac625,career_impact,,positive,pursuing,,sdn
,f4d02f28b6121069,career_impact,,positive,pursuing,,sdn
,59cab8d5ff4da0d2,career_impact,,positive,considering,,sdn
,fe07c3c8b42338b1,career_impact,,positive,pursuing,,sdn
,d5d21a101f5de343,career_impact,,positive,pursuing,,sdn
,dcad1ed7d8b60ed1,financial_planning,,positive,considering,,sdn
,6b0b075e3896eab5,policy_uncertainty,,negative,considering,,sdn
,d880b2f230852574,financial_planning,,positive,considering,,sdn
,fa5eca4cf388631d,policy_uncertainty,,negative,considering,,sdn
,d421e6fd3d69aca8,financial_planning,,positive,considering,,sdn
,1b9fde3f46958d47,policy_uncertainty,,negative,considering,,sdn
,f81572960ba29c8c,financial_planning,,positive,considering,,sdn
,021271ae0c719aad,policy_uncertainty,,negative,considering,,sdn
,e24564ad24484553,financial_planning,,positive,considering,,sdn
,d2aa75821afb92fb,policy_uncertainty,,negative,considering,,sdn
,dcffdb8607e50e91,parse_error,,parse_error,unknown,"```json
{""pslf_sentiment"": ""positive"", ""primary_topic"": ""financial_planning"", ""pslf_stance"": ""considering""}
```",
,5c54349bc0a5aeb6,policy_uncertainty,,negative,considering,,sdn
,eb5313e2a95afceb,financial_planning,,positive,considering,,sdn
,7defec2c1a3a529d,policy_uncertainty,,negative,considering,,sdn
,7423bb480911442d,financial_planning,,positive,considering,,sdn
,e5706f6ea020e4b4,policy_uncertainty,,negative,considering,,sdn
,d8317a3eeca9ceea,financial_planning,,positive,considering,,sdn
,46b755d1fe44a069,policy_uncertainty,,negative,considering,,sdn
,f5426c92de53938b,financial_planning,,positive,considering,,sdn
,97266020158668aa,policy_uncertainty,,negative,considering,,sdn
,a28241cd8f15e7b5,financial_planning,,neutral,pursuing,,sdn
,28728ff244a34306,financial_planning,,neutral,pursuing,,sdn
,2c3962ccadb9f300,financial_planning,,negative,pursuing,,sdn
,fb2c6ac335b1df03,financial_planning,,neutral,pursuing,,sdn
,b1723a88b8e1dbf8,financial_planning,,neutral,pursuing,,sdn
,737f994854c97b5d,career_impact,,neutral,pursuing,,sdn
,f99391ed13651d88,financial_planning,,negative,pursuing,,sdn
,13d7f95dba02e5d4,financial_planning,,neutral,pursuing,,sdn
,c1b18f55ade6072c,financial_planning,,neutral,considering,,sdn
,22b0e9a7997ed1e1,policy_uncertainty,,very_negative,rejecting,,sdn
,c417b01482b436c0,financial_planning,,negative,considering,,sdn
,413dd29332b90c99,parse_error,,parse_error,unknown,"```json
{""pslf_sentiment"": ""very_negative"", ""primary_topic"": ""policy_uncertainty"", ""pslf_stance"": ""pursuing""}
```",
,1d8101c7eb0d3248,financial_planning,,neutral,considering,,sdn
,25f817a571c3f059,career_impact,,positive,considering,,sdn
,090a6236a721c318,policy_uncertainty,,very_negative,rejecting,,sdn
,40cda0ccdbb38a86,career_impact,,negative,rejecting,,sdn
,26baa17ba2b683ca,financial_planning,,neutral,considering,,sdn
,ecb30a65e32ed02f,policy_uncertainty,,very_negative,rejecting,,sdn
,52f3e4658214190b,policy_uncertainty,,negative,considering,,sdn
,714f01737518e354,policy_uncertainty,,negative,considering,,sdn
,9dda218a4dcb41ac,financial_planning,,neutral,considering,,sdn
,9b7c781a92c08514,policy_uncertainty,,very_negative,rejecting,,sdn
,fa7689664bba2787,career_impact,,positive,considering,,sdn
,46c34d31f8138e1d,policy_uncertainty,,very_negative,rejecting,,sdn
,0f71cdff19c7b817,policy_uncertainty,,neutral,considering,,sdn
"Error code: 429 - {'type': 'error', 'error': {'type': 'rate_limit_error', 'message': ""This request would exceed your organization's rate limit of 50 requests per minute (org: 7661350d-ac25-463f-9e73-7",316e461e8a3d1ed5,api_error,,api_error,unknown,,
,4bf84755a51f6463,financial_planning,,neutral,considering,,sdn
,dc9ee166893c9bce,policy_uncertainty,,very_negative,rejecting,,sdn
,496b62f511024490,parse_error,,parse_error,unknown,"```json
{""pslf_sentiment"": ""negative"", ""primary_topic"": ""financial_planning"", ""pslf_stance"": ""considering""}
```",
,8626ebcf1b6239c5,policy_uncertainty,,very_negative,pursuing,,sdn
,c97263711ac2cebc,financial_planning,,neutral,considering,,sdn
,1fce5ed2b558015f,policy_uncertainty,,very_negative,rejecting,,sdn
,463e9957d31394c4,career_impact,,positive,considering,,sdn
,3031faa02d1adb99,policy_uncertainty,,very_negative,rejecting,,sdn
,52f165f5a8e7db3d,career_impact,,neutral,considering,,sdn
,96c1b58a3dc755f1,financial_planning,,neutral,considering,,sdn
,67b2a8324e742864,policy_uncertainty,,very_negative,rejecting,,sdn
,d4568bf654fd1e25,financial_planning,,negative,considering,,sdn
,015250d5aae42f54,policy_uncertainty,,negative,unknown,,sdn
,eb84ea136cfcb142,financial_planning,,neutral,considering,,sdn
,707d54fda27e6ec1,policy_uncertainty,,negative,rejecting,,sdn
,e70abdcdf20f4594,career_impact,,positive,pursuing,,sdn
,6a2db0d1abd2923c,policy_uncertainty,,very_negative,rejecting,,sdn
,4a9f16e04a207106,career_impact,,neutral,considering,,sdn
,6b5476202d687fcb,career_impact,,negative,rejecting,,sdn
,6bbf264e8a312606,financial_planning,,neutral,considering,,sdn
,762bc61c32b4c9b8,parse_error,,parse_error,unknown,"```json
{""pslf_sentiment"": ""very_negative"", ""primary_topic"": ""policy_uncertainty"", ""pslf_stance"": ""rejecting""}
```",
,79d97f17e56a55ff,policy_uncertainty,,negative,considering,,sdn
,f7e4e446cf2b1737,financial_planning,,neutral,considering,,sdn
,c2503aba4d66b1c5,policy_uncertainty,,very_negative,rejecting,,sdn
,ed659604e7afa6f3,career_impact,,positive,considering,,sdn
,155b81e666b8e712,policy_uncertainty,,very_negative,rejecting,,sdn
,25a0e0021e6cd802,policy_uncertainty,,neutral,considering,,sdn
,2c87651b5051b96b,career_impact,,negative,rejecting,,sdn
,c65911270ce86ac4,policy_uncertainty,,negative,considering,,sdn
,ad51d8e21422e124,policy_uncertainty,,very_negative,pursuing,,sdn
,47147d6093e6e474,financial_planning,,neutral,considering,,sdn
,61a1f119b12b7375,policy_uncertainty,,negative,rejecting,,sdn
,e343c07cf4478896,career_impact,,positive,considering,,sdn
,9e8ee1de99bbc68d,parse_error,,parse_error,unknown,"```json
{""pslf_sentiment"": ""very_negative"", ""primary_topic"": ""policy_uncertainty"", ""pslf_stance"": ""rejecting""}
```",
,82bb4caf4b62dc55,career_impact,,negative,rejecting,,sdn
,679ba9c53e7237b2,financial_planning,,neutral,considering,,sdn
,500fcbab3045d8e6,policy_uncertainty,,very_negative,rejecting,,sdn
,2d1338e8242e9e6e,financial_planning,,negative,considering,,sdn
,64b238d8d0112082,policy_uncertainty,,negative,considering,,sdn
,22efffff7efbab47,financial_planning,,neutral,considering,,sdn
,6a6f47bd223464fc,policy_uncertainty,,very_negative,rejecting,,sdn
,3fde1a45d59782bf,career_impact,,positive,considering,,sdn
,9453a1adbfc914a3,policy_uncertainty,,very_negative,rejecting,,sdn
,da690c161333c913,career_impact,,neutral,considering,,sdn
,4408c7db81141b74,career_impact,,negative,rejecting,,sdn
,97132b677ec56a58,financial_planning,,neutral,considering,,sdn
,4395109872456da7,policy_uncertainty,,very_negative,rejecting,,sdn
,1268d46f90f6a8af,financial_planning,,negative,considering,,sdn
"Error code: 429 - {'type': 'error', 'error': {'type': 'rate_limit_error', 'message': ""This request would exceed your organization's rate limit of 50 requests per minute (org: 7661350d-ac25-463f-9e73-7",42ba35af6b913109,api_error,,api_error,unknown,,
,832f17ba7b281494,career_impact,,positive,considering,,sdn
,472c3456783ac25e,policy_uncertainty,,very_negative,rejecting,,sdn
,ec4f7b435f284b05,career_impact,,neutral,considering,,sdn
,efc309f901e39770,career_impact,,negative,rejecting,,sdn
,1ca5b1201725f4fb,financial_planning,,neutral,considering,,sdn
,8983de69a125d684,policy_uncertainty,,very_negative,rejecting,,sdn
,ae12f5fef072bfae,policy_uncertainty,,negative,unknown,,sdn
,0cfd960aebaf5a74,financial_planning,,neutral,considering,,sdn
,82a7bd3c28cdce87,policy_uncertainty,,negative,rejecting,,sdn
,7f55d124d6a84c94,career_impact,,positive,pursuing,,sdn
,b9bb8e08c813bd27,policy_uncertainty,,very_negative,rejecting,,sdn
,563aa05668380d2c,policy_uncertainty,,neutral,considering,,sdn
,9c9399e77d30a586,financial_planning,,negative,rejecting,,sdn
,07a53a5e0d02e27a,financial_planning,,positive,considering,,sdn
,db185435a71975b9,policy_uncertainty,,very_negative,rejecting,,sdn
,0a78bacb291d0927,financial_planning,,negative,considering,,sdn
,6322f214740d2e80,policy_uncertainty,,negative,considering,,sdn
,d67501439376c73d,financial_planning,,neutral,considering,,sdn
,7282d5e95f2ae164,policy_uncertainty,,negative,rejecting,,sdn
,aa72e79d68b5f493,career_impact,,positive,considering,,sdn
,43f3c7a7463efd24,policy_uncertainty,,negative,considering,,sdn
,8227f0724ba4d640,career_impact,,neutral,considering,,sdn
,64fba680fa22d954,career_impact,,negative,rejecting,,sdn
,1edcb83aa3789fbc,financial_planning,,positive,considering,,sdn
,290091b851486a58,financial_planning,,positive,considering,,sdn
,28bf77c0e959cec8,financial_planning,,positive,considering,,sdn
,04d8aad597dd993b,career_impact,,positive,considering,,sdn
,783b0d874494883a,career_impact,,positive,considering,,sdn
,49c0e65dd6c70b8a,career_impact,,positive,considering,,sdn
,b614b8fad2f253fa,financial_planning,,positive,considering,,sdn
,294dca4504c46463,career_impact,,positive,considering,,sdn
,747c8211ce095750,financial_planning,,positive,considering,,sdn
,ef8729ac68bd5b75,financial_planning,,positive,pursuing,,sdn
,e92b457dfdd14d8c,financial_planning,,positive,pursuing,,sdn
,12635994112f9ef5,financial_planning,,positive,pursuing,,sdn
,a192144023b0d846,financial_planning,,positive,considering,,sdn
,8a44ac1f355070eb,financial_planning,,positive,pursuing,,sdn
,976d92440e5186a3,financial_planning,,positive,considering,,sdn
,f3d766628716e292,financial_planning,,positive,pursuing,,sdn
,e278dae9445a55ad,financial_planning,,positive,pursuing,,sdn
,b197cdc7783e9ad9,career_impact,,positive,considering,,sdn
,c99d5d48c9eb1c7b,policy_uncertainty,,negative,pursuing,,sdn
,07ba979c6fa5cd15,policy_uncertainty,,negative,pursuing,,sdn
,395e5998cda321d2,policy_uncertainty,,negative,pursuing,,sdn
,207ec1068a768307,parse_error,,parse_error,unknown,"```json
{""pslf_sentiment"": ""negative"", ""primary_topic"": ""policy_uncertainty"", ""pslf_stance"": ""pursuing""}
```",
,95e392cdf0db8fa6,policy_uncertainty,,very_negative,pursuing,,sdn
,756e5aa119aaef2c,policy_uncertainty,,negative,pursuing,,sdn
,739fb42ea936dccb,policy_uncertainty,,negative,pursuing,,sdn
,a30f2c15fc4d2ae7,policy_uncertainty,,negative,pursuing,,sdn
,3b902b134e15eea0,policy_uncertainty,,negative,pursuing,,sdn
,50b5c9dfb1d688ab,policy_uncertainty,,negative,pursuing,,sdn
,a031921d41cf4048,financial_planning,,neutral,unknown,,sdn
,831f8c4290770559,financial_planning,,neutral,unknown,,sdn
,3741b34c5e0c564b,parse_error,,parse_error,unknown,"```json
{""pslf_sentiment"": ""neutral"", ""primary_topic"": ""financial_planning"", ""pslf_stance"": ""unknown""}
```",
,7bebb18f4fbfd718,financial_planning,,neutral,unknown,,sdn
,cdecd6519020dad7,financial_planning,,neutral,unknown,,sdn
,cc14c95d30a177e0,financial_planning,,neutral,unknown,,sdn
,1f9262365b441eb5,financial_planning,,neutral,unknown,,sdn
,63d3eb48e830e013,financial_planning,,neutral,unknown,,sdn
,53fb9170d36957e5,general_question,,neutral,unknown,,sdn
,dcadb57bcfb56e8f,general_question,,neutral,unknown,,sdn
,fb8c7e6e5e529bdf,general_question,,unknown,unknown,,sdn
,a5290f3f5b2b4843,general_question,,neutral,unknown,,sdn
,c7c5418b61b86050,general_question,,neutral,unknown,,sdn
,0861c9fe242e2ce1,general_question,,neutral,unknown,,sdn
,670bfd7b1fc1eeea,general_question,,neutral,unknown,,sdn
,72304efa0cb5d664,general_question,,neutral,unknown,,sdn
"Error code: 429 - {'type': 'error', 'error': {'type': 'rate_limit_error', 'message': ""This request would exceed your organization's rate limit of 50 requests per minute (org: 7661350d-ac25-463f-9e73-7",8503d248d2481426,api_error,,api_error,unknown,,
,975eb718594a1149,general_question,,neutral,unknown,,sdn
,87cba42b66a87490,financial_planning,,neutral,considering,,sdn
,4ca76e289edbfae6,policy_uncertainty,,very_negative,rejecting,,sdn
,46fa79524e400937,policy_uncertainty,,very_negative,rejecting,,sdn
,30521ac045ffbe03,career_impact,,positive,pursuing,,sdn
,29214c52a07b7b6a,career_impact,,positive,pursuing,,sdn
,ead05af298d5f2d8,career_impact,,positive,pursuing,,sdn
"Error code: 429 - {'type': 'error', 'error': {'type': 'rate_limit_error', 'message': ""This request would exceed your organization's rate limit of 50 requests per minute (org: 7661350d-ac25-463f-9e73-7",0d9ee4dbd6f10204,api_error,,api_error,unknown,,
,ff8492c05b91440c,career_impact,,positive,pursuing,,sdn
,ee625419cbabba1b,career_impact,,positive,pursuing,,sdn
,169e385c2b39577d,career_impact,,positive,pursuing,,sdn
,527a19132ce7913f,career_impact,,positive,pursuing,,sdn
,434945a780914929,career_impact,,positive,pursuing,,sdn
,7b3634a9262c0985,career_impact,,positive,pursuing,,sdn
,8f6d68e6f94eb473,policy_uncertainty,,negative,considering,,sdn
,a40b9c57ccb61285,policy_uncertainty,,negative,considering,,sdn
,95ce77d869b610f4,policy_uncertainty,,negative,considering,,sdn
,1622660f13886194,policy_uncertainty,,negative,considering,,sdn
,bc3c8ccb03d2e85d,policy_uncertainty,,negative,considering,,sdn
,3c41e37d44d98a3f,career_impact,,neutral,considering,,sdn
,2d7844a0a94b06da,policy_uncertainty,,negative,considering,,sdn
,5176774c336d3a42,policy_uncertainty,,negative,considering,,sdn
,4090a0b771925828,career_impact,,neutral,considering,,sdn
,0f2ec7f36db75be8,policy_uncertainty,,negative,considering,,sdn
,0a348ebd82fbe47d,career_impact,,neutral,considering,,sdn
,7e910e7baf9f0b10,policy_uncertainty,,negative,considering,,sdn
,51641d1fb0b74bb7,career_impact,,neutral,considering,,sdn
,2eecad552c6d0da6,policy_uncertainty,,negative,unknown,,sdn
,1675cb919334c2c8,career_impact,,neutral,considering,,sdn
,d61fc505faa2199f,policy_uncertainty,,negative,considering,,sdn
,06407cdcab034f5e,policy_uncertainty,,negative,considering,,sdn
,cbe95364cfb5b534,policy_uncertainty,,negative,considering,,sdn
,ef7155057b2ba6cf,policy_uncertainty,,negative,considering,,sdn
,158c236c6e72e202,general_question,,neutral,unknown,,sdn
,836129b548fc7a26,general_question,,neutral,unknown,,sdn
,cdf21c1922371f46,general_question,,neutral,unknown,,sdn
,c5dd652d85f48b7d,general_question,,neutral,unknown,,sdn
,e292feb5c444ce25,general_question,,neutral,unknown,,sdn
,769bbf0367a083a5,general_question,,neutral,unknown,,sdn
,c6de5de502b495c4,general_question,,neutral,unknown,,sdn
,09c5ee4dfd216363,general_question,,neutral,unknown,,sdn
,b0c3a45f90256ddb,career_impact,,positive,pursuing,,sdn
,4de89bbac78354b5,policy_uncertainty,,negative,considering,,sdn
,5347a78e25487f0d,career_impact,,positive,pursuing,,sdn
,035a7b313742069f,financial_planning,,neutral,unknown,,sdn
,f821c1183d583bf8,policy_uncertainty,,negative,considering,,sdn
,e9b3cd087ad5632f,career_impact,,positive,pursuing,,sdn
,4900e2f7ef5cf962,career_impact,,neutral,unknown,,sdn
,8edae9ab5d608664,policy_uncertainty,,negative,rejecting,,sdn
,ae6ffbb6199f512d,career_impact,,positive,pursuing,,sdn
,cf5a13f13c8e8be4,career_impact,,neutral,unknown,,sdn
,095dbcf600132439,policy_uncertainty,,negative,considering,,sdn
,53c0ad5bed77176a,career_impact,,positive,pursuing,,sdn
,c43157104943e88f,career_impact,,neutral,unknown,,sdn
,ef994c8674f150e2,policy_uncertainty,,negative,considering,,sdn
,b3875002f6284ccf,career_impact,,positive,pursuing,,sdn
,0f212bb2943eed76,career_impact,,neutral,unknown,,sdn
,bd0040b7413bb6da,policy_uncertainty,,negative,rejecting,,sdn
,a5258579cbe0b6da,career_impact,,positive,pursuing,,sdn
,5618ffc8ecb55585,career_impact,,neutral,unknown,,sdn
,32bcdeb738cd6908,policy_uncertainty,,negative,rejecting,,sdn
,e496aec34042bc0d,career_impact,,positive,pursuing,,sdn
,a3d13bf54a6aba3f,career_impact,,neutral,unknown,,sdn
,810f41f99cfa8eef,policy_uncertainty,,negative,considering,,sdn
,b463fd47648f88dd,career_impact,,positive,pursuing,,sdn
,61c68e90b0ef1c99,career_impact,,neutral,unknown,,sdn
,7f9585bbb09aa921,policy_uncertainty,,negative,considering,,sdn
,8cb0d37627b9c231,career_impact,,positive,pursuing,,sdn
,43f081217269e1b2,career_impact,,neutral,unknown,,sdn
,b000a9a71fa7f098,policy_uncertainty,,negative,considering,,sdn
,37becdb92fd759ae,career_impact,,positive,considering,,sdn
,8d6654c79ea29db2,career_impact,,positive,considering,,sdn
,742917d259436818,career_impact,,positive,considering,,sdn
,b0d4362d0cddc875,career_impact,,positive,considering,,sdn
,2a2135d569624c5a,career_impact,,positive,considering,,sdn
,031ead0e4edeb672,career_impact,,positive,pursuing,,sdn
,089ace56058e003c,financial_planning,,positive,pursuing,,sdn
,7907e603b61a82a3,career_impact,,positive,considering,,sdn
,90283a0bf3014458,financial_planning,,positive,considering,,sdn
,3e16636b992ed5b0,policy_uncertainty,,neutral,unknown,,sdn
,48bca3642effc5ee,parse_error,,parse_error,unknown,"```json
{""pslf_sentiment"": ""neutral"", ""primary_topic"": ""policy_uncertainty"", ""pslf_stance"": ""unknown""}
```",
,766de635d4543879,career_impact,,positive,pursuing,,sdn
,12ffbbab04c1308a,policy_uncertainty,,negative,considering,,sdn
,bef6e7c12d142e3e,frustration_venting,,very_negative,rejecting,,sdn
,8528589f77f2d424,policy_uncertainty,,negative,pursuing,,sdn
,e9bf81bb20131216,general_question,,neutral,unknown,,sdn
,ba3715c9b778898c,general_question,,neutral,unknown,,sdn
,4d86fc91af6983d4,general_question,,neutral,unknown,,sdn
,22879798851c1b49,policy_uncertainty,,very_negative,pursuing,,sdn
,fc4506f4d60fd3ee,policy_uncertainty,,very_negative,unknown,,sdn
,501c89d8c9551f01,career_impact,,negative,rejecting,,sdn
,1599b147755b038d,policy_uncertainty,,very_negative,rejecting,,sdn
,9ab0685f74774e51,policy_uncertainty,,very_negative,unknown,,sdn
,8651c05a58127b14,policy_uncertainty,,neutral,considering,,sdn
,22956d1f1ae3828f,policy_uncertainty,,very_negative,unknown,,sdn
,204166e3242bab89,policy_uncertainty,,very_negative,rejecting,,sdn
,3cb7de58631fb16a,general_question,,positive,pursuing,,sdn
,be325587a19a4bc1,general_question,,neutral,unknown,,sdn
,9264d474539ccc68,policy_uncertainty,,negative,unknown,,sdn
,a4fd676d7cacaa9f,policy_uncertainty,,negative,unknown,,sdn
,f7977314804e1e47,policy_uncertainty,,negative,considering,,sdn
,0afd4bef44c013b2,career_impact,,positive,pursuing,,sdn
,ed38aed18c3f953d,general_question,,neutral,unknown,,sdn
,8f5824f90db7307e,policy_uncertainty,,negative,unknown,,sdn
,52d82368ef9c710c,policy_uncertainty,,negative,unknown,,sdn
,df9ed3a3a6f7cfbb,policy_uncertainty,,neutral,unknown,,sdn
,5135d4956cdee30a,policy_uncertainty,,very_negative,pursuing,,sdn
,d32c7f33213ef9d0,policy_uncertainty,,negative,pursuing,,sdn
,24916af6cd92ba76,general_question,,neutral,unknown,,sdn
,da69cfadedc04b57,financial_planning,,neutral,unknown,,sdn
,38ede9c996c00df2,servicer_issues,,very_negative,rejecting,,sdn
,01a10cb111be705c,policy_uncertainty,,very_negative,unknown,,sdn
,1f5740e2d1660ea3,policy_uncertainty,,negative,unknown,,sdn
,9109f515f64a40f3,frustration_venting,,very_negative,rejecting,,sdn
,5acc1d226209644a,policy_uncertainty,,negative,pursuing,,sdn
,d3b66035df977a4d,general_question,,neutral,unknown,,sdn
,41fdbe418e6277bc,general_question,,neutral,unknown,,sdn
,92ebc19cc9bbb42d,general_question,,neutral,unknown,,sdn
,ba8a57f5b5ada529,policy_uncertainty,,negative,pursuing,,sdn
,0564f809ace90a1d,policy_uncertainty,,very_negative,unknown,,sdn
,fc2ae62c98163b0f,policy_uncertainty,,very_negative,rejecting,,sdn
,a3189d10a2c1ff43,policy_uncertainty,,very_negative,unknown,,sdn
,1b7f6364dffb8438,policy_uncertainty,,neutral,considering,,sdn
,7467054beba66f80,policy_uncertainty,,very_negative,unknown,,sdn
,c0ae346121a1048e,general_question,,neutral,unknown,,sdn
,ab963267a30cc7ef,policy_uncertainty,,negative,unknown,,sdn
,8acb3952c620baed,policy_uncertainty,,negative,unknown,,sdn
,5abab8bdbcf52198,policy_uncertainty,,negative,considering,,sdn
,59ae13208f725f4c,career_impact,,positive,pursuing,,sdn
,aa7b703acc8bc922,general_question,,neutral,unknown,,sdn
,88f3ed875486a9eb,policy_uncertainty,,negative,unknown,,sdn
,8790d4a54e8b7802,policy_uncertainty,,negative,unknown,,sdn
,4e2372bb1a6dbec6,policy_uncertainty,,negative,unknown,,sdn
,8ac0278f9a818191,policy_uncertainty,,very_negative,pursuing,,sdn
,44fc622f1d6b0d4c,policy_uncertainty,,negative,pursuing,,sdn
,8a8367bc5f91bffa,financial_planning,,neutral,unknown,,sdn
,910a3f6c61f5b3ca,servicer_issues,,very_negative,rejecting,,sdn
,045e6298661ea8f7,policy_uncertainty,,very_negative,unknown,,sdn
,06fadbf59eb2dc31,policy_uncertainty,,negative,unknown,,sdn
,75b1133c8a4e35f0,frustration_venting,,very_negative,rejecting,,sdn
,c3e174d1b26cab8f,policy_uncertainty,,negative,pursuing,,sdn
,b85caf3eab9428ee,general_question,,neutral,unknown,,sdn
,dee6a9e97148ba62,general_question,,neutral,unknown,,sdn
,d5643c0a4e99b83d,general_question,,neutral,unknown,,sdn
,7012fb692089ba85,policy_uncertainty,,very_negative,pursuing,,sdn
,15185edf548177eb,policy_uncertainty,,very_negative,unknown,,sdn
,cd183724235e6838,career_impact,,negative,rejecting,,sdn
,c3de0c4be9283fc8,policy_uncertainty,,very_negative,rejecting,,sdn
,3bb821e0aa0b40bb,policy_uncertainty,,very_negative,unknown,,sdn
,848292c2174a0553,policy_uncertainty,,neutral,considering,,sdn
,f7f5dfc4b9863910,policy_uncertainty,,very_negative,unknown,,sdn
,01c0fc142f8b904f,policy_uncertainty,,very_negative,rejecting,,sdn
,2c309f2e02dcdbf7,general_question,,positive,pursuing,,sdn
,062d8bd72d78e171,general_question,,neutral,unknown,,sdn
,fb075176b011ebeb,policy_uncertainty,,negative,unknown,,sdn
,11fe8748a1ef676f,policy_uncertainty,,negative,unknown,,sdn
,0b123c647d88b925,policy_uncertainty,,negative,unknown,,sdn
,f42bb7d42463eeb0,career_impact,,positive,pursuing,,sdn
,c61e025e7b58c27e,general_question,,neutral,unknown,,sdn
,5c7e4dd25fa40cad,policy_uncertainty,,negative,unknown,,sdn
,b3b1e8bf364e4f70,policy_uncertainty,,negative,unknown,,sdn
,eed98f6ece8c6a79,policy_uncertainty,,neutral,unknown,,sdn
,7b7ad07c71358787,policy_uncertainty,,very_negative,pursuing,,sdn
,db7b695063fc6cad,policy_uncertainty,,negative,pursuing,,sdn
,49c284109d567c59,general_question,,neutral,unknown,,sdn
,d52f9672b08df296,career_impact,,neutral,unknown,,sdn
,f9f6bbdf8c7aa6b6,servicer_issues,,very_negative,unknown,,sdn
,31d01fb04bf6ecb7,policy_uncertainty,,very_negative,unknown,,sdn
,b9e1265d2be09500,frustration_venting,,very_negative,rejecting,,sdn
,5cd20b3fa7ffb5cc,policy_uncertainty,,negative,pursuing,,sdn
,65103a1f85729c2e,general_question,,positive,unknown,,sdn
,f0c8eeca14ba1a6e,general_question,,neutral,unknown,,sdn
,9238db2705b035a9,general_question,,neutral,unknown,,sdn
,08af4119176cabf4,policy_uncertainty,,negative,pursuing,,sdn
,1d9b8c1097861842,policy_uncertainty,,very_negative,unknown,,sdn
,ee98c1aa6116a532,career_impact,,negative,rejecting,,sdn
,89e24b180947f5e4,policy_uncertainty,,very_negative,rejecting,,sdn
,dc6ff2d8c2dfd536,policy_uncertainty,,very_negative,unknown,,sdn
,e85bbc299abc6d77,policy_uncertainty,,neutral,considering,,sdn
,a358380b19d9f649,policy_uncertainty,,very_negative,unknown,,sdn
,fc238771f350dbf7,policy_uncertainty,,very_negative,rejecting,,sdn
,4d8d61e3d153929e,general_question,,positive,pursuing,,sdn
,38bb1805ba56a282,general_question,,negative,unknown,,sdn
,960f1167e027f91b,policy_uncertainty,,negative,unknown,,sdn
,57c8b4755bc5e8bb,policy_uncertainty,,negative,unknown,,sdn
,305addfdf4eb2f14,policy_uncertainty,,negative,unknown,,sdn
,74e3472175d7fea8,career_impact,,positive,pursuing,,sdn
,774dc0b6e17a812d,general_question,,neutral,unknown,,sdn
,20599d020c6cc762,policy_uncertainty,,negative,unknown,,sdn
,30d3e69e281ffc33,policy_uncertainty,,negative,unknown,,sdn
,2fdf8f2f21a5c89c,policy_uncertainty,,neutral,unknown,,sdn
,8cf336d9a1ea2753,policy_uncertainty,,very_negative,pursuing,,sdn
,384539f442a5d6af,policy_uncertainty,,negative,pursuing,,sdn
,40e2b3ae712a9552,general_question,,neutral,unknown,,sdn
,72352ab02d56172d,financial_planning,,neutral,unknown,,sdn
,dc5973580925a6aa,servicer_issues,,very_negative,rejecting,,sdn
,4e9d33d4a343c12f,policy_uncertainty,,very_negative,unknown,,sdn
,b25cdb9a81a84e9a,policy_uncertainty,,negative,unknown,,sdn
,4c2a923230c09509,policy_uncertainty,,negative,pursuing,,sdn
,8d1b24378016cfae,general_question,,neutral,unknown,,sdn
,140da168e259a684,general_question,,neutral,unknown,,sdn
,0f624e863b61de3b,general_question,,neutral,unknown,,sdn
,b8577a6d1eaabf20,policy_uncertainty,,very_negative,pursuing,,sdn
,93c34b520603675d,policy_uncertainty,,negative,unknown,,sdn
,e38c41a0a304b10b,career_impact,,negative,rejecting,,sdn
,513af9c60fb0a507,policy_uncertainty,,very_negative,rejecting,,sdn
,1a55c2cc1993f203,policy_uncertainty,,very_negative,unknown,,sdn
,f0a56971dc0e9c3f,policy_uncertainty,,neutral,unknown,,sdn
,d29fefb0f4b6e0b4,policy_uncertainty,,very_negative,unknown,,sdn
,a89d77a883eadefe,policy_uncertainty,,very_negative,rejecting,,sdn
,41d7ec8ebdcb7e69,general_question,,positive,pursuing,,sdn
,c334adce942d38b9,general_question,,neutral,unknown,,sdn
,6038b29003bf68e3,policy_uncertainty,,negative,unknown,,sdn
,96782aed44d34faa,policy_uncertainty,,negative,unknown,,sdn
,54072625d7c3d440,policy_uncertainty,,negative,considering,,sdn
,266682d5606b37e1,career_impact,,positive,pursuing,,sdn
,3353f8bf352412a8,general_question,,neutral,unknown,,sdn
,4699b3e7390d0ee9,policy_uncertainty,,negative,pursuing,,sdn
,773dc6d5cf00f037,policy_uncertainty,,negative,unknown,,sdn
,7685a57c41bdef37,policy_uncertainty,,neutral,unknown,,sdn
,c5d9e6aaafa672c9,policy_uncertainty,,very_negative,pursuing,,sdn
,5b5bf6399c6f46f6,policy_uncertainty,,negative,pursuing,,sdn
,5eeabb52321a9951,financial_planning,,neutral,unknown,,sdn
,8c866c50a3f403ba,servicer_issues,,very_negative,rejecting,,sdn
,0ef467961b914368,policy_uncertainty,,very_negative,unknown,,sdn
,8a25dbe53ecda5a5,policy_uncertainty,,negative,considering,,sdn
,e2c316006022135b,frustration_venting,,very_negative,rejecting,,sdn
,b06be7caa9f8597f,policy_uncertainty,,negative,pursuing,,sdn
,ce318221c058b0ae,general_question,,positive,unknown,,sdn
,2d5a94e909da275f,general_question,,neutral,unknown,,sdn
,13b4641b1fa24e95,general_question,,neutral,unknown,,sdn
,c5f4992ab931b9cc,policy_uncertainty,,very_negative,pursuing,,sdn
,076cda245c5c9c86,policy_uncertainty,,negative,unknown,,sdn
,c949c05afa6dc26d,career_impact,,negative,rejecting,,sdn
,035560a35f9247df,policy_uncertainty,,very_negative,rejecting,,sdn
,4c1c0765cdc60ed8,policy_uncertainty,,very_negative,unknown,,sdn
,b651943d3d3488f1,policy_uncertainty,,neutral,unknown,,sdn
,3fbad4fbe26032f4,policy_uncertainty,,very_negative,unknown,,sdn
,59ca42238cff041a,policy_uncertainty,,very_negative,rejecting,,sdn
,7f27191014c89f47,general_question,,neutral,unknown,,sdn
,234112fbc9ac488a,policy_uncertainty,,negative,unknown,,sdn
,c753868f7e33c5e7,policy_uncertainty,,negative,considering,,sdn
,0e945de6191937e8,career_impact,,positive,pursuing,,sdn
,a8e42dc0d23c86ca,general_question,,neutral,unknown,,sdn
,c10ff7d57734bb03,policy_uncertainty,,negative,unknown,,sdn
,09fe78318c5fd159,policy_uncertainty,,negative,unknown,,sdn
,7161f388b154e1c0,policy_uncertainty,,neutral,unknown,,sdn
,798a044b6712c1ad,policy_uncertainty,,negative,pursuing,,sdn
,fbace41e52d41a3d,general_question,,neutral,unknown,,sdn
,5a3a501d54f314c8,servicer_issues,,very_negative,rejecting,,sdn
,146a077b615ee447,policy_uncertainty,,very_negative,unknown,,sdn
,ae53c9e93a6ade7f,frustration_venting,,very_negative,rejecting,,sdn
,72c6aae20b9d32f5,policy_uncertainty,,negative,pursuing,,sdn
,3b9a9acabd6ca0d1,general_question,,positive,unknown,,sdn
,276fc772d22c86d4,general_question,,neutral,unknown,,sdn
,f01a96d4f01faadb,general_question,,neutral,unknown,,sdn
,d17cd261bf1d85cb,policy_uncertainty,,negative,pursuing,,sdn
,bd7a2af9fddf6e41,policy_uncertainty,,very_negative,unknown,,sdn
,47a31f44206bbb45,career_impact,,negative,rejecting,,sdn
,eb1c2ad39e314d37,policy_uncertainty,,very_negative,rejecting,,sdn
,2b788c69e8513745,policy_uncertainty,,very_negative,unknown,,sdn
,7726f206f9d3d6e7,policy_uncertainty,,neutral,unknown,,sdn
,f807a4c5a4100f49,policy_uncertainty,,very_negative,unknown,,sdn
,f16d382ee5329840,policy_uncertainty,,very_negative,rejecting,,sdn
,0e13986b8bb53b7f,general_question,,positive,pursuing,,sdn
,6cabaff5fe007ae3,general_question,,neutral,unknown,,sdn
,f0b67674539b45b7,policy_uncertainty,,negative,unknown,,sdn
,c4bc5c0b4961a76d,policy_uncertainty,,negative,unknown,,sdn
,357d0739b62eae3d,career_impact,,positive,pursuing,,sdn
,78c6bbf2e498ce48,general_question,,neutral,unknown,,sdn
,0bed4459e08b5b62,policy_uncertainty,,negative,unknown,,sdn
,2f93e0fabfaeca96,policy_uncertainty,,negative,unknown,,sdn
,d1d04899f50a5f5c,policy_uncertainty,,neutral,unknown,,sdn
,e75e3e3aeb5135c6,financial_planning,,neutral,unknown,,sdn
,bc82c24cf127bddf,career_impact,,neutral,unknown,,sdn
,734783410cf4754b,servicer_issues,,very_negative,rejecting,,sdn
,8b4fdb262e1e53da,policy_uncertainty,,very_negative,unknown,,sdn
,f2fa4ad70ba8f857,policy_uncertainty,,very_negative,unknown,,sdn
,daa6adb8ff4fd01a,frustration_venting,,very_negative,rejecting,,sdn
,711b3c1aba4951c5,policy_uncertainty,,negative,pursuing,,sdn
,1f589997c0a99b81,general_question,,neutral,unknown,,sdn
,07e24e170f966848,general_question,,neutral,unknown,,sdn
,65da0e0c56fbe2a2,general_question,,neutral,unknown,,sdn
,ab6e049ceb9fe1fd,policy_uncertainty,,very_negative,pursuing,,sdn
,8ebb127cc33148dd,policy_uncertainty,,very_negative,unknown,,sdn
,6bb67db75bbd482e,career_impact,,negative,rejecting,,sdn
,6fa8c78fbbae13fe,policy_uncertainty,,very_negative,rejecting,,sdn
,1f7d2dcaa437bea3,policy_uncertainty,,very_negative,unknown,,sdn
,91133b0d8af3c2a8,policy_uncertainty,,neutral,unknown,,sdn
,bfd38c6685f26bc4,policy_uncertainty,,very_negative,rejecting,,sdn
,02b327c9571e1f22,general_question,,positive,pursuing,,sdn
,974a69d9fd1c4119,policy_uncertainty,,negative,unknown,,sdn
,7e84c85a03c110bd,policy_uncertainty,,negative,considering,,sdn
,21f7d4103b09a790,career_impact,,positive,pursuing,,sdn
,54cb6139065c8784,general_question,,neutral,unknown,,sdn
,b5b83b2e06af89e4,policy_uncertainty,,negative,unknown,,sdn
,d9aa627ec7b19b79,policy_uncertainty,,negative,unknown,,sdn
,15851980de6b180d,policy_uncertainty,,neutral,unknown,,sdn
,fbe97cb33b63e504,policy_uncertainty,,very_negative,pursuing,,sdn
,d7d52d849340d430,policy_uncertainty,,negative,pursuing,,sdn
,29fe4c77168cebe2,general_question,,neutral,unknown,,sdn
,79b6bd0c7e21c0a6,financial_planning,,neutral,unknown,,sdn
,87b62f8bf9a152c1,servicer_issues,,very_negative,rejecting,,sdn
,7a7fe04bc9583860,policy_uncertainty,,very_negative,unknown,,sdn
,330fa7f40e36791b,policy_uncertainty,,very_negative,unknown,,sdn
,04052cc55bfce89c,frustration_venting,,very_negative,rejecting,,sdn
,aa7641a5f61bafd7,policy_uncertainty,,negative,pursuing,,sdn
,ff67f9225aa7d9c2,general_question,,positive,unknown,,sdn
,2a03fcd3e51ee4f7,general_question,,neutral,unknown,,sdn
,b3683da20798bc54,general_question,,neutral,unknown,,sdn
,d42bb240fc5b320d,policy_uncertainty,,very_negative,pursuing,,sdn
,2060a25445a23a3b,career_impact,,negative,rejecting,,sdn
,37457df3c2858480,policy_uncertainty,,very_negative,unknown,,sdn
,3a722aa09aeaa94d,policy_uncertainty,,neutral,unknown,,sdn
,fe56561038add29a,policy_uncertainty,,very_negative,unknown,,sdn
,a1903da2b40fdbdf,policy_uncertainty,,very_negative,rejecting,,sdn
,3c0abd53aaf0eb4e,general_question,,positive,pursuing,,sdn
,f699f22726d67655,general_question,,neutral,unknown,,sdn
,ef38b223aaeca8cc,policy_uncertainty,,negative,unknown,,sdn
,531266989d5d6517,policy_uncertainty,,negative,unknown,,sdn
,eab5a25e6f2f9afe,policy_uncertainty,,negative,unknown,,sdn
,b38678a87b6f9767,career_impact,,positive,pursuing,,sdn
,123dc3b684e6e2f7,general_question,,neutral,unknown,,sdn
,0e6f4b15a72e147f,policy_uncertainty,,negative,unknown,,sdn
,7b63a2cb9e56c8cb,policy_uncertainty,,neutral,unknown,,sdn
,d544157d8453bd2b,policy_uncertainty,,very_negative,pursuing,,sdn
,70c21d11c37b73ab,policy_uncertainty,,negative,pursuing,,sdn
,1cba5b808647f716,general_question,,neutral,unknown,,sdn
,60c5944563199c36,general_question,,neutral,unknown,,sdn
,7b38c9860157551a,servicer_issues,,very_negative,rejecting,,sdn
,817fe45d8e5c59f2,policy_uncertainty,,negative,considering,,sdn
,938627a88458a99a,frustration_venting,,very_negative,rejecting,,sdn
,0cd651ff957b6700,policy_uncertainty,,negative,pursuing,,sdn
,436e722ce315e872,general_question,,neutral,unknown,,sdn
,7487680316b7eb8a,general_question,,neutral,unknown,,sdn
,a6483b3863d72b20,general_question,,neutral,unknown,,sdn
,0c6d82f9cb288a32,policy_uncertainty,,negative,unknown,,sdn
,e49fe7c899444757,career_impact,,negative,rejecting,,sdn
,6223451b4ae2dfa7,policy_uncertainty,,very_negative,rejecting,,sdn
,5696f9dee185b31a,policy_uncertainty,,very_negative,unknown,,sdn
,322d7bef8526871f,policy_uncertainty,,neutral,unknown,,sdn
,767f4cb4622100a6,policy_uncertainty,,very_negative,rejecting,,sdn
,4dd64087210bf382,policy_uncertainty,,negative,unknown,,sdn
,fdc092babeea4990,policy_uncertainty,,negative,unknown,,sdn
,4c9024187acfa24b,policy_uncertainty,,negative,considering,,sdn
,d247be22e913ae06,career_impact,,positive,pursuing,,sdn
,87e83e5ac81acaca,policy_uncertainty,,negative,unknown,,sdn
,89b71059e56c9d83,policy_uncertainty,,negative,unknown,,sdn
,beaf3ee7761f046b,policy_uncertainty,,neutral,unknown,,sdn
,7d64418fa5e51ea4,policy_uncertainty,,very_negative,pursuing,,sdn
,85b7767ba8ae680b,policy_uncertainty,,negative,pursuing,,sdn
,1e45e74945ccb5ac,general_question,,neutral,unknown,,sdn
,90f5af69ab5afa19,general_question,,neutral,unknown,,sdn
,02c9ce51f0af5fa8,servicer_issues,,very_negative,unknown,,sdn
,8fb46061f89c15b0,policy_uncertainty,,very_negative,unknown,,sdn
,270f58abbf4b06cb,career_impact,,neutral,unknown,,sdn
,63d90150479bb85b,career_impact,,neutral,unknown,,sdn
,9c48f5f19a64006f,policy_uncertainty,,neutral,unknown,,sdn
,6dd635ec489ffa52,career_impact,,neutral,unknown,,sdn
,abb2ca5440f38712,career_impact,,neutral,unknown,,sdn
,aea7ad4bc46abbbc,career_impact,,neutral,unknown,,sdn
,8276bd92d8b5f9b9,career_impact,,neutral,unknown,,sdn
,2847c9a4d3200ea7,career_impact,,neutral,unknown,,sdn
,2e6cda4fbfc17c41,career_impact,,neutral,unknown,,sdn
,0fe07c6e6f3b4248,policy_uncertainty,,neutral,unknown,,sdn
,1de53c58a28b0b11,policy_uncertainty,,positive,pursuing,,sdn
,57a159d75f77fe96,policy_uncertainty,,positive,pursuing,,sdn
,3479140a2a7d4d0e,policy_uncertainty,,positive,pursuing,,sdn
,54276b11388d1392,policy_uncertainty,,positive,pursuing,,sdn
,f4d7c5fbca16076b,policy_uncertainty,,positive,pursuing,,sdn
,50dcb799c107010e,policy_uncertainty,,positive,pursuing,,sdn
,ef3a489a7b88d187,policy_uncertainty,,positive,pursuing,,sdn
,0a9d86b8be300079,policy_uncertainty,,positive,pursuing,,sdn
,b56161163fe0ea06,policy_uncertainty,,positive,pursuing,,sdn
,35104309802e7d3a,policy_uncertainty,,positive,pursuing,,sdn
,e9db5e9a9911a99b,policy_uncertainty,,negative,considering,,sdn
,6b4710281ba6b96d,policy_uncertainty,,negative,considering,,sdn
,76458c93e229953e,policy_uncertainty,,negative,considering,,sdn
,e835f16d90afdcd9,policy_uncertainty,,negative,considering,,sdn
,bd89f3907484e818,policy_uncertainty,,negative,considering,,sdn
,381c2fe0d74256a2,policy_uncertainty,,negative,considering,,sdn
,344ab6918642dfe6,policy_uncertainty,,negative,considering,,sdn
,24d7f56beb90d62f,policy_uncertainty,,negative,considering,,sdn
,0fc90ad62fb19fe9,policy_uncertainty,,negative,considering,,sdn
,349c3c30b29aa96d,career_impact,,negative,considering,,sdn
,61f4492e0521e37f,policy_uncertainty,,negative,considering,,sdn
,79a2585729c99ae5,policy_uncertainty,,negative,considering,,sdn
,6cdbc48bba6c2cc8,policy_uncertainty,,negative,considering,,sdn
,48d9df01d6768157,policy_uncertainty,,negative,considering,,sdn
,ed8e32930e296f8f,policy_uncertainty,,negative,considering,,sdn
,e8c1f040366ab9be,career_impact,,negative,considering,,sdn
,c6bb8c3b506ea9f7,policy_uncertainty,,negative,considering,,sdn
,78db3fa268c9ab62,career_impact,,negative,considering,,sdn
,0f426fba2e6ef4ea,policy_uncertainty,,negative,considering,,sdn
,64c78a0b2523fa36,policy_uncertainty,,negative,considering,,sdn
,2c79b06b1b25ae45,policy_uncertainty,,negative,considering,,sdn
,ce720e9d6861f4a0,policy_uncertainty,,negative,considering,,sdn
,678642d6a858b4f3,policy_uncertainty,,negative,considering,,sdn
,360ce9046571ab2f,policy_uncertainty,,negative,considering,,sdn
,012c4c5053dfb744,policy_uncertainty,,negative,considering,,sdn
,34449f37e3587b76,policy_uncertainty,,negative,considering,,sdn
,6846ffb921610987,career_impact,,negative,considering,,sdn
,f051305ac97631e5,policy_uncertainty,,negative,considering,,sdn
,895d0c1f00849284,general_question,,neutral,unknown,,sdn
,349f9e9c166bac2c,general_question,,neutral,unknown,,sdn
,aa9ba695a2f46f42,general_question,,neutral,unknown,,sdn
,f36e7b03950f8541,general_question,,neutral,unknown,,sdn
,86254b7b258b8b20,general_question,,neutral,unknown,,sdn
,47742b719d67d1be,general_question,,neutral,unknown,,sdn
,370d43c3e13fc44c,financial_planning,,neutral,unknown,,sdn
,3d7052ac62cf243b,financial_planning,,positive,considering,,sdn
,1fad7c1f5f26612e,financial_planning,,neutral,considering,,sdn
,c767ec7595fca699,financial_planning,,positive,considering,,sdn
,460a640da87bb03d,financial_planning,,neutral,considering,,sdn
,2eb0b92850d80d56,financial_planning,,neutral,considering,,sdn
,19d6054c06685453,financial_planning,,neutral,considering,,sdn
,76ff0f6fa7b00e08,financial_planning,,neutral,considering,,sdn
,06aae8d17b1ce69d,financial_planning,,positive,considering,,sdn
,1123b867fd077928,career_impact,,neutral,pursuing,,sdn
,172e5193d33843fc,career_impact,,neutral,pursuing,,sdn
,5a772d1245f82878,career_impact,,positive,pursuing,,sdn
,5926d510ec323ca3,career_impact,,neutral,pursuing,,sdn
,3123fcf945865098,career_impact,,neutral,pursuing,,sdn
,20b55d0a5a5060c3,career_impact,,neutral,pursuing,,sdn
,080cce174661ca81,career_impact,,neutral,pursuing,,sdn
,9683d1fdeadf68df,career_impact,,neutral,pursuing,,sdn
,0f8741e5cb6975cc,career_impact,,neutral,pursuing,,sdn
,b5b1063cda7af32b,general_question,,positive,unknown,,sdn
,d45107c358ba9347,general_question,,positive,unknown,,sdn
,196dc67056c4f9d3,general_question,,positive,unknown,,sdn
,24ed361701d7a5e1,general_question,,positive,unknown,,sdn
,790e7276641e2cca,general_question,,positive,unknown,,sdn
,2e1b9a875895e05b,general_question,,positive,unknown,,sdn
,cc860e07c6299c87,general_question,,positive,unknown,,sdn
,e3a127de6dbec63d,general_question,,positive,unknown,,sdn
,6d01cabee19072db,general_question,,neutral,unknown,,sdn
,3977d2e1480157e6,general_question,,neutral,unknown,,sdn
,0342dd8118e4e1eb,general_question,,neutral,unknown,,sdn
,707f19cbf83638ad,general_question,,neutral,unknown,,sdn
,ca9b4b6de133a9e8,general_question,,neutral,unknown,,sdn
,1083180888459003,general_question,,neutral,unknown,,sdn
,b341765d94b25332,policy_uncertainty,,positive,pursuing,,sdn
,04a12056f1dc5112,policy_uncertainty,,positive,unknown,,sdn
,b5ad57e0d255f8a5,policy_uncertainty,,positive,unknown,,sdn
,485f23b8a46d90fa,financial_planning,,neutral,unknown,,sdn
,9ab8eb545658ee5f,financial_planning,,neutral,unknown,,sdn
,e4eccf738f521132,financial_planning,,neutral,unknown,,sdn
,7e8766cd47ba7fc7,financial_planning,,neutral,unknown,,sdn
,00d592e74939b196,financial_planning,,neutral,unknown,,sdn
,1a10a77022bcdd0a,financial_planning,,neutral,unknown,,sdn
,2d14a052629fec17,financial_planning,,neutral,unknown,,sdn
,cf299f1c99987bd3,financial_planning,,neutral,unknown,,sdn
,d9e6384165b52644,financial_planning,,neutral,unknown,,sdn
,b297e1e4f96f6268,financial_planning,,neutral,unknown,,sdn
,f0e5ea90c91ef120,success_story,,positive,completed,,sdn
,9b311e7a138532f8,success_story,,positive,pursuing,,sdn
,3bddac7b27fc551e,career_impact,,positive,pursuing,,sdn
,162393148a8fe467,success_story,,positive,completed,,sdn
,b34325ceb08e98e3,success_story,,positive,pursuing,,sdn
,af4bfb3e45b6e778,success_story,,positive,completed,,sdn
,cdb195825fe0f0d4,success_story,,positive,pursuing,,sdn
,768939fc63124423,success_story,,positive,completed,,sdn
,698217efd359c8e7,success_story,,positive,pursuing,,sdn
,04d211dec94b7589,policy_uncertainty,,positive,considering,,sdn
,06c49ec5ad9fbd14,policy_uncertainty,,neutral,unknown,,sdn
,1eb588962e24c278,general_question,,neutral,considering,,sdn
,c98ea527d7aaa46f,general_question,,neutral,unknown,,sdn
,f4956db1732fcd91,general_question,,neutral,unknown,,sdn
,1a47d83ee4131a98,policy_uncertainty,,positive,considering,,sdn
,8a95d036136ed13a,policy_uncertainty,,positive,unknown,,sdn
,ed9972b8290965b4,general_question,,neutral,considering,,sdn
,2a071f0cdb02fdbe,general_question,,neutral,unknown,,sdn
,905b858877292b88,general_question,,neutral,unknown,,sdn
,9ef674f5267d75d4,policy_uncertainty,,positive,unknown,,sdn
,0be7ac14835c6a99,general_question,,neutral,considering,,sdn
,06db1c59a67ab334,general_question,,neutral,unknown,,sdn
,4d377ca2976548cc,policy_uncertainty,,neutral,unknown,,sdn
,8471ba03add96450,general_question,,neutral,considering,,sdn
,85a3072665bafad6,general_question,,neutral,unknown,,sdn
,633cee3be551771d,policy_uncertainty,,positive,considering,,sdn
,e59ab22ea16be12a,policy_uncertainty,,positive,unknown,,sdn
,c2c5baab54600274,general_question,,neutral,unknown,,sdn
,fcb9dbed90b53060,general_question,,neutral,unknown,,sdn
,efbf96cb142d449f,general_question,,neutral,unknown,,sdn
,f5768b3b7b6844f2,policy_uncertainty,,positive,considering,,sdn
,0ebd41bd1e2b5f6b,policy_uncertainty,,positive,unknown,,sdn
,d731de5441662d94,general_question,,neutral,considering,,sdn
,5a148f8c4b5c4a95,general_question,,neutral,unknown,,sdn
,700a55595d3ddb1d,general_question,,neutral,unknown,,sdn
,499162591f20baee,general_question,,neutral,unknown,,sdn
,b856433422576fda,policy_uncertainty,,positive,considering,,sdn
,dbc8bf54406317f9,policy_uncertainty,,positive,pursuing,,sdn
,43582e8ef0de6bfd,general_question,,neutral,considering,,sdn
,529178b4b454a8a7,general_question,,neutral,unknown,,sdn
,8cbd511324d3328c,general_question,,neutral,unknown,,sdn
,38d174f58f21776d,financial_planning,,positive,considering,,sdn
,17d92e8c43ce3048,policy_uncertainty,,positive,unknown,,sdn
,638c1de0aa8ba419,general_question,,neutral,unknown,,sdn
,39f5563fa3d88444,general_question,,neutral,unknown,,sdn
,49817a8c325293ce,general_question,,neutral,unknown,,sdn
,98a59c0481d78079,policy_uncertainty,,positive,considering,,sdn
,7046ef714bbfb6af,general_question,,neutral,considering,,sdn
,d01cf5eb66b722d3,general_question,,neutral,unknown,,sdn
,19213c2cb39e0cc0,general_question,,neutral,unknown,,sdn
,b50e665f8d7566d9,general_question,,neutral,unknown,,sdn
,8c9eb0474f713247,financial_planning,,positive,considering,,sdn
,835c931d3d314bed,policy_uncertainty,,positive,unknown,,sdn
,6be93f8ce67fcde3,general_question,,neutral,considering,,sdn
,0fa1e59c7405d308,general_question,,neutral,unknown,,sdn
,770a22a7f8a5d598,general_question,,neutral,unknown,,sdn
,83612c4f3396d621,general_question,,neutral,unknown,,sdn
,48ba0e76e16b0578,career_impact,,positive,pursuing,,sdn
,6fcfc55985c32c54,general_question,,neutral,unknown,,sdn
,5a67833a483c100b,general_question,,neutral,unknown,,sdn
,e108f34fd07dd43a,policy_uncertainty,,neutral,unknown,,sdn
,ee46c1a6fa1c0b7d,policy_uncertainty,,negative,unknown,,sdn
,808c609c40eaba81,policy_uncertainty,,negative,unknown,,sdn
,27a1d67bd47757ad,policy_uncertainty,,positive,pursuing,,sdn
,c1371464f1908759,policy_uncertainty,,negative,pursuing,,sdn
,596cda19f6d160f7,policy_uncertainty,,negative,unknown,,sdn
,2e1b600e6792ccd0,success_story,,positive,pursuing,,sdn
,202ce6c3d59abe09,financial_planning,,positive,pursuing,,sdn
,0b71ac3999ce3faa,policy_uncertainty,,negative,unknown,,sdn
,329bdd429297aba0,policy_uncertainty,,positive,pursuing,,sdn
,4edefecfaa9ee4f9,policy_uncertainty,,negative,pursuing,,sdn
,cc2647ddbad88190,policy_uncertainty,,negative,unknown,,sdn
,b41605d64b7b57c9,financial_planning,,positive,pursuing,,sdn
,f8fd5301055d6e0a,policy_uncertainty,,neutral,unknown,,sdn
,8c4cefdf7c4b5e60,policy_uncertainty,,negative,unknown,,sdn
,e9ca94ab701b5aae,policy_uncertainty,,negative,unknown,,sdn
,a4009cd522517fd6,policy_uncertainty,,positive,pursuing,,sdn
,aabd2e43c77d762a,policy_uncertainty,,negative,pursuing,,sdn
,562f9a06d09d3e98,policy_uncertainty,,negative,unknown,,sdn
,61e76f0acb1c21aa,general_question,,positive,pursuing,,sdn
,057010a966296181,financial_planning,,positive,pursuing,,sdn
,9b13c9d5dc247da9,policy_uncertainty,,neutral,unknown,,sdn
,26daec2497e3b864,policy_uncertainty,,negative,unknown,,sdn
,0ad0bc951641b164,policy_uncertainty,,positive,pursuing,,sdn
,0ca5ba9d9ad712fc,policy_uncertainty,,negative,pursuing,,sdn
,11aaf0d2ea525ef9,policy_uncertainty,,negative,unknown,,sdn
,c8ed1840fcc9cf4b,success_story,,positive,pursuing,,sdn
,a3c494cfb54a31db,financial_planning,,positive,pursuing,,sdn
,b34827a912c8a28a,policy_uncertainty,,negative,unknown,,sdn
,3ccb79c80ac080f8,policy_uncertainty,,negative,unknown,,sdn
,11dd1fcef2718b8a,policy_uncertainty,,positive,pursuing,,sdn
,10789c5d8654168a,policy_uncertainty,,negative,pursuing,,sdn
,e4547be6d047f704,policy_uncertainty,,negative,unknown,,sdn
,1b7371d8abee34cb,success_story,,positive,pursuing,,sdn
,5985a4c7fee923de,financial_planning,,positive,pursuing,,sdn
,2c91d4edc745ede2,policy_uncertainty,,negative,unknown,,sdn
,99af1ba1999ccaa5,policy_uncertainty,,negative,unknown,,sdn
,9d48c51f9969f3cf,policy_uncertainty,,positive,pursuing,,sdn
,bafce3a779bbb5ae,policy_uncertainty,,negative,pursuing,,sdn
,350adbc3efc09224,policy_uncertainty,,negative,unknown,,sdn
,53e4ee17a0152047,success_story,,positive,pursuing,,sdn
,f8165536957ae9df,financial_planning,,positive,pursuing,,sdn
,937ef36fdc0a746d,policy_uncertainty,,neutral,unknown,,sdn
,5795e77a886562c8,policy_uncertainty,,negative,unknown,,sdn
,4c4de427f5d2f084,policy_uncertainty,,neutral,unknown,,sdn
,751f3087d40f00fa,policy_uncertainty,,neutral,unknown,,sdn
,10790ca600184fbd,success_story,,positive,completed,,sdn
,a6d01215a031c304,policy_uncertainty,,negative,unknown,,sdn
,19e0ca37ee7b8ab7,general_question,,neutral,unknown,,sdn
,942da634d0b3868e,policy_uncertainty,,positive,unknown,,sdn
,6857d1da9ce4aabb,general_question,,neutral,pursuing,,sdn
,82fc9520b1e6d700,policy_uncertainty,,positive,unknown,,sdn
,9bcf59b3d46c99ad,policy_uncertainty,,negative,unknown,,sdn
,c6e195fe6b69f737,general_question,,neutral,pursuing,,sdn
,2680f7af8b9cc59e,policy_uncertainty,,positive,pursuing,,sdn
,30e93a10817fe9a2,policy_uncertainty,,neutral,unknown,,sdn
,08a47706e0c9429b,general_question,,neutral,pursuing,,sdn
,ace6f24d798fbc5a,policy_uncertainty,,positive,unknown,,sdn
,3b42818b9119a308,policy_uncertainty,,neutral,unknown,,sdn
,c1c13346ae1ab923,general_question,,neutral,pursuing,,sdn
,4530a9cf79602fb6,policy_uncertainty,,positive,pursuing,,sdn
,c774f4dcfe2cf0fc,policy_uncertainty,,neutral,unknown,,sdn
,9cb7d19ccfc587d3,general_question,,negative,considering,,sdn
,d43769bb792e09b0,financial_planning,,negative,rejecting,,sdn
,793b3524cfba9205,financial_planning,,negative,rejecting,,sdn
,189bc4e690f97ca0,financial_planning,,negative,rejecting,,sdn
,b27998b22c7e88e2,financial_planning,,negative,rejecting,,sdn
,c036f2f06961e811,general_question,,very_negative,rejecting,,sdn
,a679ea2fa8549744,financial_planning,,negative,rejecting,,sdn
,1885fdbbb18899a0,financial_planning,,negative,rejecting,,sdn
,8c649a31de1800f0,career_impact,,positive,considering,,sdn
,90785eeca43d8eab,financial_planning,,neutral,considering,,sdn
,ffe6bfbaedc9831c,career_impact,,positive,considering,,sdn
,b13dde955891a815,career_impact,,positive,considering,,sdn
,4b2404d86859cc88,career_impact,,neutral,considering,,sdn
,e82c5005c883cc2f,career_impact,,positive,considering,,sdn
,1afd0db5287ddf53,career_impact,,positive,unknown,,sdn
,be1c75a4f650e019,financial_planning,,neutral,considering,,sdn
,dbbbc075d34a4b90,career_impact,,positive,pursuing,,sdn
,6d4197c6794c231e,career_impact,,positive,considering,,sdn
,09168a5e4b92e817,financial_planning,,neutral,considering,,sdn
,fe86e840cf99d6af,career_impact,,positive,pursuing,,sdn
,56ae2db269f04105,career_impact,,positive,considering,,sdn
,8ce3af2eb2fcf7b0,career_impact,,neutral,considering,,sdn
,044b2964599c92d0,career_impact,,positive,unknown,,sdn
,2b96ac7ecfef8b7a,career_impact,,positive,unknown,,sdn
,ede981794850e251,career_impact,,positive,considering,,sdn
,68f7addcc29becf3,career_impact,,positive,considering,,sdn
,7ea49f505c107184,financial_planning,,neutral,considering,,sdn
,a8f2dc0920b3912c,career_impact,,positive,considering,,sdn
,f986311da0be867d,financial_planning,,neutral,considering,,sdn
,9d66da34fe50f97f,career_impact,,positive,pursuing,,sdn
,4e693c3c22d29589,financial_planning,,neutral,considering,,sdn
,60498aae1c8b6b53,career_impact,,positive,considering,,sdn
,d4378bf3d826f2b2,financial_planning,,positive,pursuing,,sdn
,1d99e91f24960437,career_impact,,positive,pursuing,,sdn
,b64d7021440e1236,financial_planning,,neutral,considering,,sdn
,3b055799ebc27990,career_impact,,positive,pursuing,,sdn
,e62bca3e8607bb95,financial_planning,,neutral,considering,,sdn
,26dbd02f88e972ec,career_impact,,neutral,unknown,,sdn
,4ead3f69a4033d2c,financial_planning,,neutral,considering,,sdn
,784fec02146ae8bb,financial_planning,,positive,pursuing,,sdn
,160f31da806deb77,financial_planning,,neutral,considering,,sdn
,3b538abd60ed6a6f,career_impact,,positive,pursuing,,sdn
,52a4e87843308d88,financial_planning,,neutral,considering,,sdn
,fb59351193fd688b,career_impact,,neutral,unknown,,sdn
,ae1dfb34ce88fe72,financial_planning,,neutral,considering,,sdn
,e77f7fd20ef9487e,financial_planning,,positive,pursuing,,sdn
,6f739dd396de326c,career_impact,,positive,considering,,sdn
,768b3ee592d93658,financial_planning,,neutral,considering,,sdn
,f7da5a1b81aba8c9,career_impact,,positive,pursuing,,sdn
,5cd28b83135aca69,career_impact,,neutral,unknown,,sdn
,89cc093b8ad0fe38,financial_planning,,positive,pursuing,,sdn
,41fb2a2ffd381abf,career_impact,,positive,pursuing,,sdn
,e06abd36a27d1c79,career_impact,,neutral,considering,,sdn
,a300878c944713d7,career_impact,,positive,pursuing,,sdn
,1fefc5a5e75d3c75,financial_planning,,neutral,considering,,sdn
,b05b27996fb217b0,financial_planning,,positive,pursuing,,sdn
,6d07bf7147b001ef,career_impact,,positive,pursuing,,sdn
,833a52939df2c33a,financial_planning,,neutral,considering,,sdn
,958997a74e79bd14,career_impact,,positive,pursuing,,sdn
,4a3d084a527a9bc6,financial_planning,,neutral,considering,,sdn
,0e562d8828d6d969,career_impact,,neutral,unknown,,sdn
,10884a4770881163,financial_planning,,neutral,considering,,sdn
,0ec45553cd07de12,career_impact,,positive,considering,,sdn
,db3897864c8a613d,career_impact,,positive,pursuing,,sdn
,d01065b6e8d6cc6b,financial_planning,,neutral,considering,,sdn
,1d43f2c5e4bee1ba,career_impact,,neutral,unknown,,sdn
,d97cda314a81ed93,financial_planning,,positive,pursuing,,sdn
,8bbd4be8bb975b7c,career_impact,,positive,pursuing,,sdn
,27fa1cc624a51c6d,career_impact,,positive,considering,,sdn
,e657403087e2b4a8,financial_planning,,neutral,considering,,sdn
,e9ab47a3169c4fee,career_impact,,neutral,unknown,,sdn
,03bdd34aec442c97,financial_planning,,neutral,considering,,sdn
,6b894ba7297f3da4,financial_planning,,positive,pursuing,,sdn
,a6252c904bf2f756,career_impact,,positive,pursuing,,sdn
,520dd96435eb1ab0,financial_planning,,neutral,considering,,sdn
,35318bdb70220780,financial_planning,,neutral,considering,,sdn
,5899b97ba762838f,career_impact,,neutral,unknown,,sdn
,a1ee88b027342c3a,financial_planning,,neutral,considering,,sdn
,70f19b1e6a1a157e,financial_planning,,positive,pursuing,,sdn
,3b72d1a70c7f590b,career_impact,,neutral,considering,,sdn
,c08c0d0dfe5e1ee8,financial_planning,,neutral,considering,,sdn
,99191c0c5d27c164,career_impact,,positive,pursuing,,sdn
,e3648365a49665d6,financial_planning,,neutral,considering,,sdn
,e0f10af73d596fcd,financial_planning,,neutral,considering,,sdn
,e92817856718666c,career_impact,,positive,pursuing,,sdn
,fd318febf2662a51,career_impact,,neutral,considering,,sdn
,35a2c14ec4fe022e,career_impact,,positive,pursuing,,sdn
,e5b290434dd9ae3a,financial_planning,,neutral,considering,,sdn
,74e5c6d15f0549cc,career_impact,,neutral,unknown,,sdn
,8ac52173dda0532d,financial_planning,,neutral,unknown,,sdn
,0417de2537363c0a,financial_planning,,neutral,unknown,,sdn
,091a26974fc60517,general_question,,positive,unknown,,sdn
,c1607e0b8a792b3d,financial_planning,,neutral,unknown,,sdn
,662373d16d7582b2,financial_planning,,neutral,unknown,,sdn
,c17797504ea04d03,financial_planning,,neutral,unknown,,sdn
,a8978bb2b3193c99,financial_planning,,neutral,unknown,,sdn
,af1bf1551b199013,policy_uncertainty,,positive,unknown,,sdn
,697d1b73db9b34b5,financial_planning,,neutral,unknown,,sdn
,e308cecb96bc239c,financial_planning,,neutral,unknown,,sdn
,c208d2f8b8233445,financial_planning,,neutral,unknown,,sdn
,e3e66b3340bab3e4,policy_uncertainty,,positive,unknown,,sdn
,9c820fb79e9ba8cc,financial_planning,,neutral,unknown,,sdn
,0af5d99aa69c393c,policy_uncertainty,,positive,unknown,,sdn
,3391e2b7aa80fa2e,financial_planning,,neutral,unknown,,sdn
,230d0def8158f968,financial_planning,,neutral,unknown,,sdn
,77120c8c4ccb8929,financial_planning,,neutral,unknown,,sdn
,ae39572e16eefe1d,policy_uncertainty,,positive,unknown,,sdn
,08314f206f4306bd,financial_planning,,neutral,unknown,,sdn
,c0360bb9a8007868,policy_uncertainty,,positive,unknown,,sdn
,8771aa6d34dbe9dd,financial_planning,,neutral,unknown,,sdn
,71e07573cb7b9e35,financial_planning,,neutral,unknown,,sdn
,95b9c4e27d760be2,policy_uncertainty,,positive,unknown,,sdn
,1b858a43897e181d,financial_planning,,neutral,unknown,,sdn
,3495658fef593b1c,policy_uncertainty,,positive,unknown,,sdn
,899379a9ec71d91a,financial_planning,,neutral,unknown,,sdn
,8f075fc46efcef5c,financial_planning,,neutral,unknown,,sdn
,9a7de68fde839bec,policy_uncertainty,,positive,unknown,,sdn
,a072ecb654e945cb,financial_planning,,neutral,unknown,,sdn
,8085a56a6d5e8ab4,policy_uncertainty,,positive,unknown,,sdn
,0653ddf23a93f6f0,financial_planning,,neutral,unknown,,sdn
,de1e65e87f91420e,financial_planning,,neutral,unknown,,sdn
,5c8d4f83a44146b8,financial_planning,,neutral,unknown,,sdn
,f2389b739070ba16,policy_uncertainty,,positive,unknown,,sdn
,e28bdaeeff2e030e,financial_planning,,neutral,unknown,,sdn
,7a9e7bec671a2534,policy_uncertainty,,positive,unknown,,sdn
,5cae0813117a90b3,financial_planning,,neutral,unknown,,sdn
,751ad905445f834e,financial_planning,,neutral,unknown,,sdn
,10065f8a7d6115e6,policy_uncertainty,,positive,unknown,,sdn
,06667dfaa059c066,financial_planning,,neutral,unknown,,sdn
,a1152954bd0a43db,policy_uncertainty,,positive,unknown,,sdn
,613ab7b12ff9d4f1,financial_planning,,neutral,unknown,,sdn
,b6a614856a46504d,financial_planning,,neutral,unknown,,sdn
,40581107dbc6b551,financial_planning,,neutral,unknown,,sdn
,82e8a178272bdbda,policy_uncertainty,,positive,unknown,,sdn
,1e6174bba846a591,financial_planning,,neutral,unknown,,sdn
,1232071afac0f403,financial_planning,,negative,unknown,,sdn
,1f7fe9d362106fbb,financial_planning,,neutral,unknown,,sdn
,5e885344e4cdf908,policy_uncertainty,,positive,unknown,,sdn
,b6ddcd39fcf34afe,financial_planning,,neutral,unknown,,sdn
,6dca21ca0947fd98,policy_uncertainty,,positive,unknown,,sdn
,471eb7575df16865,financial_planning,,neutral,unknown,,sdn
,4c7a197b0955827f,financial_planning,,neutral,considering,,sdn
,87efb1eac17ed110,career_impact,,positive,considering,,sdn
,2147cb3af78a8e01,financial_planning,,neutral,considering,,sdn
,b92860eb8e6b920f,financial_planning,,neutral,considering,,sdn
,232fff44c24969f9,financial_planning,,neutral,considering,,sdn
,c79bb7cc78375540,financial_planning,,positive,considering,,sdn
,d65f63e9212b1cc1,financial_planning,,neutral,considering,,sdn
,c10ff8bfc299258d,general_question,,neutral,unknown,,sdn
,e9b666763d561a35,general_question,,neutral,unknown,,sdn
,6d4e0d592adeb441,general_question,,neutral,unknown,,sdn
,de15fd4687de86f7,general_question,,neutral,unknown,,sdn
,df76e3af864c37bb,general_question,,neutral,unknown,,sdn
,6cbeb29dbdac60db,general_question,,neutral,unknown,,sdn
,26b8755ee4a3f3aa,general_question,,neutral,unknown,,sdn
,a7560ade71d87efa,general_question,,neutral,unknown,,sdn
,319c61078d6f1335,general_question,,neutral,unknown,,sdn
,2847dd7ed235ae7e,general_question,,neutral,unknown,,sdn
,fc17a9f628eacf3f,general_question,,neutral,unknown,,sdn
,86344aee7d77e6c4,general_question,,neutral,unknown,,sdn
,384d62a88ce6fe0d,general_question,,neutral,unknown,,sdn
,33d319f7878b3bec,general_question,,neutral,unknown,,sdn
,3b2a2d6a7c8abf7a,general_question,,neutral,unknown,,sdn
,8e870efa8a04e39c,general_question,,neutral,unknown,,sdn
,d9b3eeaab950850c,general_question,,neutral,unknown,,sdn
,b277d586a9a3d5ef,policy_uncertainty,,neutral,unknown,,sdn
,a2d5829b12e6718d,financial_planning,,positive,pursuing,,sdn
,3bb7e3ad8762405a,success_story,,very_positive,pursuing,,sdn
,8beeb468950cb57f,general_question,,positive,unknown,,sdn
,db930eeed8b15340,general_question,,positive,unknown,,sdn
,8fdd8f21d15cc5e3,financial_planning,,negative,considering,,sdn
,b6821ec69b2f73a9,financial_planning,,neutral,considering,,sdn
,bcc28756bf3856e8,policy_uncertainty,,positive,unknown,,sdn
,cfbfaf7b26833759,policy_uncertainty,,negative,considering,,sdn
,780e9def881a749e,financial_planning,,very_positive,unknown,,sdn
,68af576a1087c96a,financial_planning,,neutral,unknown,,sdn
,d3aca5c9f19f1b55,servicer_issues,,negative,unknown,,sdn
,ffc7272db7559fee,servicer_issues,,negative,unknown,,sdn
,35759fe6b4c8bf7b,servicer_issues,,negative,unknown,,sdn
,c1ffc9aad700ef08,servicer_issues,,negative,unknown,,sdn
,b4a8d053131d9caa,servicer_issues,,negative,pursuing,,sdn
,03106b3dd35690c0,servicer_issues,,negative,unknown,,sdn
,25c19cc9d6cdd40d,financial_planning,,neutral,considering,,sdn
,2aa6bae9c2f533f2,financial_planning,,neutral,unknown,,sdn
,826da80d0ada2c23,financial_planning,,neutral,considering,,sdn
,417ba957bc0acc89,financial_planning,,neutral,unknown,,sdn
,5f76e1ca99380adc,financial_planning,,neutral,unknown,,sdn
,6339046e15d4c086,financial_planning,,neutral,unknown,,sdn
,1a807b5f9ef6cf3f,financial_planning,,neutral,unknown,,sdn
,52ca77292aa84c5f,financial_planning,,neutral,unknown,,sdn
,d43203a1ec2d3a83,general_question,,neutral,unknown,,sdn
,c8729ffa318b5a9f,general_question,,neutral,unknown,,sdn
,f57c77593d311890,financial_planning,,neutral,unknown,,sdn
,3da6d1ed5a9d649c,financial_planning,,neutral,unknown,,sdn
,9e4417cd30331da1,financial_planning,,neutral,unknown,,sdn
,00342bfeeefb8841,general_question,,positive,unknown,,sdn
,4a1515ff90f30f00,career_impact,,positive,considering,,sdn
,ada346533a47793b,career_impact,,neutral,considering,,sdn
,db65a65b715f02f5,general_question,,positive,unknown,,sdn
,9c234b393b2c2c3d,career_impact,,positive,considering,,sdn
,fe0a11d078e6f753,career_impact,,neutral,considering,,sdn
,38d7af3ddb2d45ee,career_impact,,positive,unknown,,sdn
,5f7c33cacc27970c,career_impact,,positive,considering,,sdn
,b9a1b673eb7c308d,career_impact,,positive,pursuing,,sdn
,29567bbf86cdf9f8,career_impact,,neutral,considering,,sdn
,42fd58768c6448ab,career_impact,,positive,unknown,,sdn
,62b8af3b8e85eb68,career_impact,,positive,considering,,sdn
,35227270d3a61db0,career_impact,,positive,pursuing,,sdn
,ec8a088abeae026d,career_impact,,neutral,considering,,sdn
,bcab181a80e0de4d,general_question,,positive,unknown,,sdn
,df0ba44c7536ef9e,career_impact,,positive,pursuing,,sdn
,4687d3beb4b96624,career_impact,,neutral,considering,,sdn
,276865a9f617a276,career_impact,,positive,unknown,,sdn
,edded55649e0b616,career_impact,,positive,considering,,sdn
,4ca12e41cb590887,career_impact,,positive,considering,,sdn
,0525212020f96523,career_impact,,neutral,unknown,,sdn
,d3a05dba49416ca2,career_impact,,positive,unknown,,sdn
,b7ac98dd6188eca5,career_impact,,positive,pursuing,,sdn
,48fedac7bfdb901d,career_impact,,neutral,considering,,sdn
,89af1330d333b2fd,general_question,,positive,unknown,,sdn
,d64dcb37f7402d7e,career_impact,,positive,considering,,sdn
,dea55e4bfd775627,career_impact,,positive,pursuing,,sdn
,11980421a2bfebf5,career_impact,,neutral,considering,,sdn
,0ff7a836a2ea1208,general_question,,positive,unknown,,sdn
,9083dd06431163db,career_impact,,positive,considering,,sdn
,55f539eaeaa994b1,career_impact,,neutral,considering,,sdn
,f9c1794e2dd0ac15,career_impact,,positive,considering,,sdn
,aa687e250c2e3924,career_impact,,positive,pursuing,,sdn
,7c28dec8ad33b0fa,career_impact,,neutral,considering,,sdn
,d8341be7b36c443c,success_story,,positive,pursuing,,sdn
,546ed08e9c1f9fe6,career_impact,,negative,rejecting,,sdn
,36a490b29b83c9c2,success_story,,positive,unknown,,sdn
,0dc52407f6b96133,career_impact,,negative,rejecting,,sdn
,22fa2fe0fa8a22a2,success_story,,positive,completed,,sdn
,21e728d2adde5dc0,career_impact,,negative,rejecting,,sdn
,42dca62b2dabf844,success_story,,positive,pursuing,,sdn
,9a1be1e69f7c1ec0,career_impact,,negative,rejecting,,sdn
,5bdff24147ba0e5e,success_story,,positive,completed,,sdn
,bbdecdad5c9653fc,career_impact,,negative,rejecting,,sdn
,e10af2b745f0a158,success_story,,positive,completed,,sdn
,973e15d3f88fe92f,career_impact,,negative,rejecting,,sdn
,08f42e9867233045,success_story,,positive,pursuing,,sdn
,2e952730224f1162,career_impact,,negative,rejecting,,sdn
,91cba75060c8fb94,success_story,,positive,pursuing,,sdn
,29f66a7b3e8ae514,career_impact,,negative,rejecting,,sdn
,bb57f72d81a17e8b,financial_planning,,positive,considering,,sdn
,777387b52fdfeab2,financial_planning,,neutral,considering,,sdn
,d5929cc31d7226a6,financial_planning,,neutral,considering,,sdn
,7fa301afd622b2fa,career_impact,,positive,considering,,sdn
,c5adefe16e36c06c,financial_planning,,neutral,considering,,sdn
,7235bdb0c8b76029,financial_planning,,positive,considering,,sdn
,7c3dbc462bc2ab7c,financial_planning,,positive,considering,,sdn
,6bf17a850a09127c,career_impact,,positive,considering,,sdn
,75d7d3132da64c9f,financial_planning,,neutral,considering,,sdn
,78bbff063b7fc9e5,career_impact,,neutral,unknown,,sdn
,07b3c09f902754c1,career_impact,,neutral,unknown,,sdn
,f41ac99eaf171f2b,career_impact,,neutral,unknown,,sdn
,356795493b4042dd,career_impact,,neutral,unknown,,sdn
,7d12d4414bfb0270,career_impact,,neutral,unknown,,sdn
,4edcfbff1d630c07,career_impact,,neutral,unknown,,sdn
,f8bc96a04fcd3060,parse_error,,parse_error,unknown,"```json
{""pslf_sentiment"": ""positive"", ""primary_topic"": ""career_impact"", ""pslf_stance"": ""considering""}
```",
,14e493144615ced6,career_impact,,neutral,unknown,,sdn
,c9a9cf9fdaafce0b,financial_planning,,very_negative,rejecting,,sdn
,a1d318185f96364e,financial_planning,,very_negative,rejecting,,sdn
,efc710f7a1027329,financial_planning,,neutral,unknown,,sdn
,c1fe633e3db21623,financial_planning,,negative,rejecting,,sdn
,2156ec04b8e6912f,financial_planning,,neutral,unknown,,sdn
,c066f183920abdbe,financial_planning,,negative,rejecting,,sdn
,6a2b781a8ab7db6e,financial_planning,,neutral,unknown,,sdn
,66eb38c8581e2813,financial_planning,,very_negative,rejecting,,sdn
,7b0d3defc6e91651,financial_planning,,neutral,unknown,,sdn
,f7894c87d773b419,financial_planning,,neutral,unknown,,sdn
,3e79f6894f3dadc7,financial_planning,,neutral,unknown,,sdn
,fa01398bbe50da14,financial_planning,,very_negative,rejecting,,sdn
,ce5fae9b3a93b7e2,financial_planning,,neutral,unknown,,sdn
,97d212d89c33e204,financial_planning,,negative,rejecting,,sdn
,4f3e7cfae9655521,financial_planning,,neutral,unknown,,sdn
,be7c0b4864fdb622,financial_planning,,negative,rejecting,,sdn
,63af62ec8186235b,financial_planning,,neutral,unknown,,sdn
,185d3f37549054d9,financial_planning,,neutral,considering,,sdn
,7a1cdc5c58104029,financial_planning,,neutral,considering,,sdn
,6de297cec948a0bd,policy_uncertainty,,negative,unknown,,sdn
,aae5524eb2990aff,career_impact,,positive,pursuing,,sdn
,05a75ddcfec69389,financial_planning,,neutral,considering,,sdn
,ff7ab1d4edb3e3c3,financial_planning,,neutral,considering,,sdn
,81b08ce5ed6bef30,financial_planning,,neutral,unknown,,sdn
,54d2a507c095b6a6,financial_planning,,neutral,unknown,,sdn
,a20c2299d8fabbb5,financial_planning,,neutral,considering,,sdn
,58cb4d1f216d2f7e,financial_planning,,neutral,considering,,sdn
,92274c47ec0eb842,financial_planning,,neutral,unknown,,sdn
,ff2e070a6d8c7cbb,financial_planning,,neutral,considering,,sdn
,6a5835cbc20597cf,financial_planning,,neutral,considering,,sdn
,1483c8e08be7f77d,career_impact,,neutral,unknown,,sdn
,64a80f4ef447c477,career_impact,,positive,considering,,sdn
,f0810126aca5fc71,policy_uncertainty,,negative,considering,,sdn
,824bd464f6e8483b,general_question,,positive,considering,,sdn
,4632d9173f269515,career_impact,,positive,considering,,sdn
,7b845fae90d71696,financial_planning,,neutral,considering,,sdn
,13c2e273a9a5fced,financial_planning,,neutral,unknown,,sdn
,cf15e59a30af235f,financial_planning,,positive,considering,,sdn
,7794a5b6a36d77ea,financial_planning,,positive,considering,,sdn
,0d6912cb6e9484db,financial_planning,,neutral,pursuing,,sdn
,b995b9da689dca93,financial_planning,,neutral,considering,,sdn
,efb7e8bdccbe60c6,financial_planning,,negative,considering,,sdn
,a172572ad5124224,policy_uncertainty,,negative,considering,,sdn
,db39a2408591ddea,policy_uncertainty,,positive,pursuing,,sdn
,bdfc746f74df1003,financial_planning,,neutral,considering,,sdn
,100f09d001f6d3fa,financial_planning,,neutral,considering,,sdn
,e0f8dbd76f926f32,financial_planning,,neutral,considering,,sdn
,76fde1bbef8128ce,financial_planning,,positive,considering,,sdn
,72db72791b80203b,financial_planning,,negative,considering,,sdn
,e13ab84c6a1a5b09,financial_planning,,neutral,rejecting,,sdn
,8ac01fd96806ab74,financial_planning,,neutral,considering,,sdn
,96bfbb9aa1fc6f07,policy_uncertainty,,negative,considering,,sdn
,cd2174515b44e35d,financial_planning,,neutral,unknown,,sdn
,b86d1239173983b1,financial_planning,,neutral,considering,,sdn
,9e7087ceb3f975c1,financial_planning,,neutral,unknown,,sdn
,2ff6af08a2f69f0d,financial_planning,,positive,pursuing,,sdn
,1927a0958018cb1e,financial_planning,,positive,considering,,sdn
,76f499eda18e7f5b,financial_planning,,positive,pursuing,,sdn
,7429c7e7818de691,financial_planning,,neutral,considering,,sdn
,54a13f8274fe5148,financial_planning,,negative,considering,,sdn
,90ef2a0d7e0161bc,policy_uncertainty,,positive,unknown,,sdn
,6cdba08de4ed6a0d,policy_uncertainty,,negative,considering,,sdn
,3af2963ce4f04cf5,policy_uncertainty,,positive,pursuing,,sdn
,69164b9ffe25b06f,financial_planning,,neutral,considering,,sdn
,14526f53bdcb2162,financial_planning,,neutral,considering,,sdn
,da292f1b07b16b84,financial_planning,,neutral,considering,,sdn
,80442fd0ca0d6a4a,financial_planning,,negative,considering,,sdn
,35d51aa3de865989,financial_planning,,neutral,rejecting,,sdn
,85b0f4c8cf88233c,financial_planning,,positive,considering,,sdn
,48a6b86c2aba8b72,financial_planning,,negative,considering,,sdn
,9f9ef3d0bebad510,financial_planning,,negative,rejecting,,sdn
,d20f20c2e5113cc7,financial_planning,,positive,considering,,sdn
,7b8f04e5f04ba32c,financial_planning,,neutral,unknown,,sdn
,40903f41c061fc57,financial_planning,,neutral,unknown,,sdn
,59e0e5c375dd084e,financial_planning,,neutral,unknown,,sdn
,30953e477ccbd84c,financial_planning,,neutral,considering,,sdn
,01d12d99b537052a,financial_planning,,negative,considering,,sdn
,a4406bcae6b26543,policy_uncertainty,,positive,unknown,,sdn
,81fdcfd94ab9c459,policy_uncertainty,,negative,considering,,sdn
,c67418016285c853,policy_uncertainty,,positive,pursuing,,sdn
,5cfe23bdf43b62d9,financial_planning,,neutral,considering,,sdn
,02f77a2a9fa435a7,financial_planning,,neutral,unknown,,sdn
,9ccda4b5be241eba,financial_planning,,neutral,rejecting,,sdn
,281a239f63ee6928,financial_planning,,positive,considering,,sdn
,dcdf19a9e4e5ce7f,financial_planning,,negative,rejecting,,sdn
,b4267e8bcb1ea711,financial_planning,,neutral,rejecting,,sdn
,3f1bb00367792eed,financial_planning,,positive,considering,,sdn
,f7334da421b26572,financial_planning,,neutral,considering,,sdn
,a2adab82d40dd842,financial_planning,,negative,rejecting,,sdn
,e6f02b70f992a7a5,financial_planning,,positive,considering,,sdn
,837b3a1c5308863e,policy_uncertainty,,negative,rejecting,,sdn
,02c300b7c1ca155d,financial_planning,,neutral,unknown,,sdn
,b31db7374336cf51,financial_planning,,neutral,considering,,sdn
,89b9e0b1074dd0c0,financial_planning,,neutral,unknown,,sdn
,76513fbe62ba1030,financial_planning,,positive,pursuing,,sdn
,00bc5ef488a40153,financial_planning,,positive,considering,,sdn
,4d48597aa416fdac,financial_planning,,positive,pursuing,,sdn
,999f695de031db68,financial_planning,,neutral,considering,,sdn
,73841633f94780d5,policy_uncertainty,,neutral,unknown,,sdn
,273899c37651312f,financial_planning,,neutral,unknown,,sdn
,78580e6074abead2,financial_planning,,neutral,rejecting,,sdn
,9de71ee3db6378b2,financial_planning,,positive,considering,,sdn
,ca289d0de04b963f,financial_planning,,negative,considering,,sdn
,6302d9098de17271,financial_planning,,neutral,rejecting,,sdn
,6b9237e503ecf36f,financial_planning,,positive,considering,,sdn
,6ab4e127489a7d67,financial_planning,,negative,considering,,sdn
,b083401204b69618,financial_planning,,negative,rejecting,,sdn
,d0beb96bd903fc0c,financial_planning,,positive,considering,,sdn
,a82b9b3e7163b8dd,policy_uncertainty,,negative,considering,,sdn
,4e3cfe49100e2c95,financial_planning,,neutral,unknown,,sdn
,546d98bdf1d044c1,financial_planning,,neutral,unknown,,sdn
,7fdae0a578a873ef,financial_planning,,positive,considering,,sdn
,76730db2368fcc64,financial_planning,,positive,pursuing,,sdn
,9794f4dee68353ee,financial_planning,,neutral,considering,,sdn
,dcd96704841996b4,financial_planning,,negative,considering,,sdn
,fbd839a0549994be,policy_uncertainty,,positive,unknown,,sdn
,7cf90270cafaea65,policy_uncertainty,,negative,considering,,sdn
,b232c4cf1cb9755f,policy_uncertainty,,positive,pursuing,,sdn
,c5b77ff3022137bb,financial_planning,,neutral,unknown,,sdn
,59c55b254785820d,financial_planning,,neutral,rejecting,,sdn
,bbf667b39b67625d,financial_planning,,neutral,considering,,sdn
,5d79d95aefa8633b,financial_planning,,neutral,rejecting,,sdn
,9cf524c49d000050,financial_planning,,positive,considering,,sdn
,ab6deaa6f013c5c5,financial_planning,,negative,considering,,sdn
,a0874d782cd22551,financial_planning,,negative,rejecting,,sdn
,fecbcd7b4ac1c1e8,financial_planning,,positive,considering,,sdn
,ae2e82cfc36c7e2f,policy_uncertainty,,negative,considering,,sdn
,832433f49b51e575,financial_planning,,neutral,unknown,,sdn
,fb5e99a6185b1c7b,financial_planning,,neutral,unknown,,sdn
,076307f2f06f53a7,financial_planning,,positive,considering,,sdn
,46b41b021de0c814,financial_planning,,positive,considering,,sdn
,5dde49742b9d6ebf,financial_planning,,positive,pursuing,,sdn
,708e717ea5fc7875,financial_planning,,neutral,considering,,sdn
,0e780df6f64b8be6,financial_planning,,negative,considering,,sdn
,879fe7395196823f,policy_uncertainty,,negative,considering,,sdn
,dce873521282519a,parse_error,,parse_error,unknown,"```json
{""pslf_sentiment"": ""positive"", ""primary_topic"": ""policy_uncertainty"", ""pslf_stance"": ""pursuing""}
```",
,f6d02bf586285549,financial_planning,,neutral,considering,,sdn
,c4a58b903ad59c9e,financial_planning,,neutral,considering,,sdn
,65fe692e04c21000,financial_planning,,neutral,rejecting,,sdn
,72497b45ad569f1f,financial_planning,,positive,considering,,sdn
,5faa5c6d190373ef,financial_planning,,neutral,rejecting,,sdn
,eedfb5847466ff64,financial_planning,,positive,considering,,sdn
,e1bab25237fa5eb4,financial_planning,,negative,considering,,sdn
,c8b7f16c7678a847,financial_planning,,negative,rejecting,,sdn
,97aa6fded84b700d,financial_planning,,neutral,unknown,,sdn
,2d040b7077f84ab6,financial_planning,,neutral,unknown,,sdn
,7d11f10bda6fe74a,financial_planning,,neutral,unknown,,sdn
,63a61b0165bda10a,financial_planning,,positive,considering,,sdn
,378ade5e7f48f664,financial_planning,,neutral,pursuing,,sdn
,eb8b39ed400a8bbb,financial_planning,,neutral,considering,,sdn
,5285c15d4f0bda93,financial_planning,,negative,considering,,sdn
,606d5823b23df7d3,policy_uncertainty,,neutral,considering,,sdn
,d0c232a0f77960bf,policy_uncertainty,,positive,pursuing,,sdn
,134a3607ad21a445,financial_planning,,neutral,considering,,sdn
,5b0784bcc79bd19e,financial_planning,,neutral,considering,,sdn
,d00efcf5bf210942,financial_planning,,neutral,rejecting,,sdn
,83928043afa7b9de,financial_planning,,positive,considering,,sdn
,dc3737331c7f1069,financial_planning,,negative,rejecting,,sdn
,c61662c2c39d96b1,financial_planning,,neutral,rejecting,,sdn
,d05c363220ac88ef,financial_planning,,positive,considering,,sdn
,e3fcc4a7c0d946d2,financial_planning,,negative,considering,,sdn
,17225c1b6de97e2d,financial_planning,,negative,rejecting,,sdn
,14b7a872d3e26286,financial_planning,,positive,considering,,sdn
,99efd546136445f8,financial_planning,,neutral,considering,,sdn
,5ed0303229a355b6,financial_planning,,neutral,unknown,,sdn
,97f34d06e273026b,financial_planning,,positive,pursuing,,sdn
,a5100c534cba06a6,financial_planning,,positive,considering,,sdn
,f75e6aabab11a7db,financial_planning,,neutral,considering,,sdn
,d04b835a8bf823c0,financial_planning,,negative,considering,,sdn
,885f2271335b7f68,policy_uncertainty,,positive,unknown,,sdn
,030f7ad55a714f09,policy_uncertainty,,positive,pursuing,,sdn
,267c864de07d4610,financial_planning,,neutral,considering,,sdn
,c8857513b2481301,financial_planning,,neutral,unknown,,sdn
,639f4ffc18f281b5,financial_planning,,neutral,considering,,sdn
,f77878a784d2d2aa,financial_planning,,positive,considering,,sdn
,f8204ad974019199,financial_planning,,negative,rejecting,,sdn
,0b5dc5bb41ea7295,financial_planning,,neutral,rejecting,,sdn
,8aad8aa7bcc65857,financial_planning,,positive,considering,,sdn
,b090df3528ab63be,financial_planning,,neutral,considering,,sdn
,fa0e0aa8840e8084,financial_planning,,negative,rejecting,,sdn
,601ed7f3a3322dca,policy_uncertainty,,negative,considering,,sdn
,e6b92f4652fc41a8,financial_planning,,neutral,unknown,,sdn
,91aa72c0169b2fba,financial_planning,,neutral,unknown,,sdn
,78a4957a2f39fd58,financial_planning,,neutral,unknown,,sdn
,487e62d36e1abed3,financial_planning,,positive,pursuing,,sdn
,f6c50fc306ead256,financial_planning,,positive,considering,,sdn
,73d5a0065317964c,financial_planning,,neutral,considering,,sdn
,2b9e240918ba7c0d,financial_planning,,negative,considering,,sdn
,04294d2aa299c28e,policy_uncertainty,,positive,unknown,,sdn
,4de29ee077df8a94,policy_uncertainty,,negative,considering,,sdn
,6383ce7e93ff9809,policy_uncertainty,,positive,pursuing,,sdn
,a620db34edd1f01e,financial_planning,,neutral,considering,,sdn
,8f7636ab3dced29c,financial_planning,,neutral,unknown,,sdn
,11689ad0da2db4ba,financial_planning,,positive,considering,,sdn
,8d9013db7b0f85f5,financial_planning,,negative,rejecting,,sdn
,60fe6784d06eef65,financial_planning,,neutral,rejecting,,sdn
,1f5932159c0f7d60,financial_planning,,positive,considering,,sdn
,abc30bfa3247fe91,financial_planning,,negative,considering,,sdn
,310304d76c767a60,financial_planning,,negative,rejecting,,sdn
,24ad714994b22938,financial_planning,,positive,considering,,sdn
,85d71a514228fefe,policy_uncertainty,,negative,considering,,sdn
,5d4994f9986cd22a,financial_planning,,neutral,unknown,,sdn
,0628916b940d1349,financial_planning,,neutral,considering,,sdn
,416c912ec5b5652b,financial_planning,,neutral,unknown,,sdn
,b488aa7d030851ca,financial_planning,,positive,pursuing,,sdn
,abc5e988894ccd81,financial_planning,,positive,considering,,sdn
,4a9957491bd3a521,financial_planning,,positive,pursuing,,sdn
,d9b2445f4a61af67,financial_planning,,neutral,considering,,sdn
,eba67fe2def586b4,financial_planning,,negative,considering,,sdn
,e3c0800257ba64a7,policy_uncertainty,,positive,unknown,,sdn
,935c03ef96c3e4fc,policy_uncertainty,,negative,considering,,sdn
,4d7b324ddf2528ee,policy_uncertainty,,positive,pursuing,,sdn
,c40275bb6066f6ca,financial_planning,,neutral,considering,,sdn
,33f374e50d9db231,financial_planning,,neutral,unknown,,sdn
,811a1f744ba366d3,financial_planning,,neutral,considering,,sdn
,fbd0bce1ca3bfa1a,financial_planning,,positive,considering,,sdn
,6f9cccf5ad37a0c5,financial_planning,,negative,rejecting,,sdn
,c8122fea5e086146,financial_planning,,neutral,rejecting,,sdn
,fcdf52c0d2181ccf,financial_planning,,positive,considering,,sdn
,6d4a367ee62388bc,financial_planning,,neutral,considering,,sdn
,f967a1a659454eac,financial_planning,,negative,rejecting,,sdn
,776fd69bb9354948,financial_planning,,positive,considering,,sdn
,369d7a9af7ee7e6b,policy_uncertainty,,negative,rejecting,,sdn
,cb7790413f7a8a79,financial_planning,,neutral,unknown,,sdn
,d9ea22965923058f,general_question,,neutral,unknown,,sdn
,5e72fbcdf1b03075,general_question,,positive,considering,,sdn
,3532ee2aafd8d53e,general_question,,neutral,unknown,,sdn
,49f3e20b85c4389f,general_question,,neutral,unknown,,sdn
,09092953ce6fbe76,general_question,,neutral,unknown,,sdn
,14c69fd071fff464,general_question,,neutral,unknown,,sdn
,1cf898e058af64ca,financial_planning,,positive,considering,,sdn
,70b2ee16a64be2cc,general_question,,neutral,unknown,,sdn
,91d0fb6d9a166b7c,general_question,,neutral,unknown,,sdn
,d9a3e19d62f7c39f,career_impact,,positive,pursuing,,sdn
,45a8c403f0a44222,career_impact,,positive,pursuing,,sdn
,444b963ec365950c,career_impact,,positive,pursuing,,sdn
,be7efc8b53b9c688,career_impact,,positive,pursuing,,sdn
,50bda6870cc3015c,career_impact,,positive,pursuing,,sdn
,357601bfb629dead,career_impact,,positive,pursuing,,sdn
,5754a7f88f0ca05b,career_impact,,positive,pursuing,,sdn
,a121cde1c4116265,career_impact,,positive,pursuing,,sdn
,a4e11285d45d8a96,career_impact,,positive,pursuing,,sdn
,194f40a7bd557ad6,success_story,,positive,pursuing,,sdn
,305950c4dced9b76,financial_planning,,positive,considering,,sdn
,6774527fc34955c8,financial_planning,,neutral,pursuing,,sdn
,002d2bd8d5928d76,career_impact,,positive,considering,,sdn
,2b57b9614f069acf,career_impact,,negative,rejecting,,sdn
,898eaf44e5ee620d,career_impact,,neutral,considering,,sdn
,17d8025860f3d342,career_impact,,positive,pursuing,,sdn
,82f6ec54488020a8,general_question,,neutral,unknown,,sdn
,a88688cdaf1321d3,career_impact,,negative,considering,,sdn
,c28328ba096a102e,career_impact,,negative,considering,,sdn
,90705aa8c7df5e71,career_impact,,negative,considering,,sdn
,a1bb1a302328f7bd,policy_uncertainty,,negative,unknown,,sdn
,d364ff72fb5718cb,success_story,,very_positive,completed,,sdn
,2810eba650b5248d,policy_uncertainty,,neutral,pursuing,,sdn
,ba47731074819068,policy_uncertainty,,negative,rejecting,,sdn
,c8eb88022811bd39,policy_uncertainty,,positive,pursuing,,sdn
,244a59f3f2f5de30,general_question,,neutral,unknown,,sdn
,63b9ea004f0c61ea,policy_uncertainty,,positive,pursuing,,sdn
,1303587b1fffbecd,success_story,,positive,pursuing,,sdn
,5c82ad0146fc43b9,general_question,,positive,pursuing,,sdn
,246bdf06867c4946,policy_uncertainty,,positive,considering,,sdn
,8c84ed8b735c4dc3,policy_uncertainty,,positive,pursuing,,sdn
,8dcc5306caad4f56,financial_planning,,negative,unknown,,sdn
,6a76f6b3546355ae,financial_planning,,neutral,unknown,,sdn
,850dbb408b7c4b8c,financial_planning,,positive,pursuing,,sdn
,f1eb3d410eb631d8,financial_planning,,positive,pursuing,,sdn
,01c87e5d968ca022,financial_planning,,neutral,unknown,,sdn
,e1dad0fc75d60979,financial_planning,,neutral,unknown,,sdn
,e392bd5ae4f633ea,financial_planning,,negative,unknown,,sdn
,fd4db5f8e4600d38,general_question,,neutral,unknown,,sdn
,5e1fcba2dfb4c7cc,financial_planning,,neutral,unknown,,sdn
,843d9ad81927dfe4,general_question,,positive,pursuing,,sdn
,68c82f027caec6bd,policy_uncertainty,,negative,unknown,,sdn
,8045b1f9938df0d4,policy_uncertainty,,neutral,unknown,,sdn
,035c578d937f0225,financial_planning,,very_negative,rejecting,,sdn
,1c5b2457aa6df542,general_question,,neutral,unknown,,sdn
,dccf57be3c94f5e3,general_question,,neutral,pursuing,,sdn
,210293fe841d2bbf,servicer_issues,,neutral,considering,,sdn
,2eac42bf13460ffe,general_question,,positive,pursuing,,sdn
,30689333c402e1a5,servicer_issues,,neutral,unknown,,sdn
,36da9a6e958efd76,general_question,,positive,pursuing,,sdn
,2ca6406a40d57c32,policy_uncertainty,,negative,unknown,,sdn
,cea3f3ba58018f81,policy_uncertainty,,neutral,unknown,,sdn
,fdd05c6ce91020c4,financial_planning,,very_negative,rejecting,,sdn
,8212f90f1f53ef78,financial_planning,,neutral,considering,,sdn
,9518db9e467b106b,general_question,,neutral,unknown,,sdn
,cd9bdc1a8010b289,general_question,,neutral,pursuing,,sdn
,a8012598c7589a91,general_question,,neutral,considering,,sdn
,6559fd8a5ebc7984,general_question,,positive,pursuing,,sdn
,1c7c6470347658ba,general_question,,neutral,unknown,,sdn
,8cb4a0629c387141,general_question,,positive,pursuing,,sdn
,9e5f474164fe4c90,policy_uncertainty,,negative,unknown,,sdn
,6d977eaf6c7a6839,policy_uncertainty,,neutral,unknown,,sdn
,d63f4756aebf01d4,general_question,,neutral,considering,,sdn
,aa381d1a61e7a897,general_question,,neutral,unknown,,sdn
,26118b442f82e11c,general_question,,neutral,pursuing,,sdn
,fcaf9b560755da24,general_question,,neutral,considering,,sdn
,263642a2c12ae367,general_question,,positive,pursuing,,sdn
,aa68ed5ab6ef8022,servicer_issues,,neutral,unknown,,sdn
,de24ec21b3f41d00,financial_planning,,positive,pursuing,,sdn
,4558930d1b846a7b,policy_uncertainty,,negative,unknown,,sdn
,bea6a38f2cad4439,policy_uncertainty,,neutral,unknown,,sdn
,af50082d78525af6,frustration_venting,,very_negative,rejecting,,sdn
,964ef5bba649600e,general_question,,neutral,considering,,sdn
,4df79838c3d053f6,general_question,,neutral,unknown,,sdn
,de546acc14c5ea9c,general_question,,neutral,pursuing,,sdn
,29ab293b989e98ad,general_question,,neutral,considering,,sdn
,664fc9ad10d4773e,general_question,,positive,pursuing,,sdn
,29098da287dbdd82,servicer_issues,,neutral,unknown,,sdn
,b5c5edb6be2e451e,general_question,,positive,pursuing,,sdn
,eb00caad9aafde5d,policy_uncertainty,,neutral,unknown,,sdn
,5ec17171d01a0ac4,financial_planning,,very_negative,rejecting,,sdn
,6020c1314e176b8a,general_question,,neutral,considering,,sdn
,11510a07537c005d,general_question,,neutral,unknown,,sdn
,a036439c754f05d8,general_question,,neutral,pursuing,,sdn
,0f3b75c89fea8894,servicer_issues,,neutral,considering,,sdn
,db234b1c5689b6fd,general_question,,positive,pursuing,,sdn
,d39d85fedc72f118,servicer_issues,,neutral,unknown,,sdn
,ae6f662b958e17d9,policy_uncertainty,,negative,unknown,,sdn
,e76761889f6ab09e,policy_uncertainty,,neutral,unknown,,sdn
,a200b1f5c71f934f,financial_planning,,very_negative,rejecting,,sdn
,dcaab7c84fb2102f,financial_planning,,neutral,considering,,sdn
,da13398715f48bf9,general_question,,neutral,unknown,,sdn
,92563cfd30904a8b,general_question,,neutral,considering,,sdn
,48c94db188daaf01,general_question,,neutral,unknown,,sdn
,4861338e35494949,servicer_issues,,neutral,unknown,,sdn
,01bc33f5c6bb30e5,general_question,,positive,pursuing,,sdn
,2653855f0c7e3b31,policy_uncertainty,,negative,unknown,,sdn
,59f690f9749042e9,policy_uncertainty,,neutral,unknown,,sdn
,33079922afe304d4,frustration_venting,,very_negative,rejecting,,sdn
,9dcd888fac3edc01,financial_planning,,neutral,considering,,sdn
,6c7e89538a0ed583,general_question,,neutral,unknown,,sdn
,14c99fdb82def8a8,servicer_issues,,neutral,unknown,,sdn
,d5c04d709c26d3dc,general_question,,positive,pursuing,,sdn
,e2bf2b58846516c9,policy_uncertainty,,negative,unknown,,sdn
,512993e89d35db1e,policy_uncertainty,,neutral,unknown,,sdn
,a490a61a61f138e1,frustration_venting,,very_negative,rejecting,,sdn
,d738fa1e5547186a,financial_planning,,neutral,considering,,sdn
,fe8f213f09999a52,general_question,,neutral,unknown,,sdn
,c1df8fc7ac973d03,general_question,,neutral,pursuing,,sdn
,688b7516d813262a,servicer_issues,,neutral,considering,,sdn
,cd8a4a9d045dd15a,general_question,,positive,pursuing,,sdn
,1616a631aa028236,general_question,,neutral,unknown,,sdn
,96790ebd84209b4a,general_question,,positive,pursuing,,sdn
,038fbe1dbfcc99de,policy_uncertainty,,negative,unknown,,sdn
,b4b2053b889a5c47,policy_uncertainty,,neutral,unknown,,sdn
,e6a6f7d120ca4f03,financial_planning,,very_negative,rejecting,,sdn
,9b722e636dc154d7,financial_planning,,neutral,considering,,sdn
,0061963da6c591ed,general_question,,neutral,unknown,,sdn
,c9d874691cb92445,general_question,,neutral,pursuing,,sdn
,3ad6fd356c799ecb,general_question,,positive,pursuing,,sdn
,7f92a502c5e287f3,servicer_issues,,neutral,unknown,,sdn
,f812947856b51b8f,general_question,,neutral,unknown,,sdn
,8284127c2d2f4747,general_question,,neutral,pursuing,,sdn
,ee3890ae2a545b29,general_question,,neutral,unknown,,sdn
,5aed705f81a1b52d,general_question,,neutral,pursuing,,sdn
,27bad7ed647e261e,general_question,,neutral,unknown,,sdn
,9897b2a1f143d4ac,general_question,,neutral,unknown,,sdn
,fe0bd6013f0d91d5,general_question,,neutral,pursuing,,sdn
,1a2050e62cde92a9,general_question,,neutral,unknown,,sdn
,de43de2c9289852e,general_question,,neutral,pursuing,,sdn
,a592b733a4907a77,general_question,,neutral,pursuing,,sdn
,6bac4cee8e04addf,general_question,,neutral,pursuing,,sdn
,509ad98ee4500eeb,general_question,,neutral,unknown,,sdn
,e1d85ae9c6626289,general_question,,neutral,unknown,,sdn
,973694f21b05f813,general_question,,neutral,pursuing,,sdn
,859dd7c467868460,general_question,,neutral,unknown,,sdn
,4d3360c5471359bd,general_question,,neutral,pursuing,,sdn
,858951ac4f7f092b,general_question,,neutral,unknown,,sdn
,5654ab8ea44a4b97,career_impact,,negative,considering,,sdn
,125c5878fa9b4301,policy_uncertainty,,negative,rejecting,,sdn
,e381a82f9a4087fc,policy_uncertainty,,negative,unknown,,sdn
,6a657b62998166c6,financial_planning,,negative,unknown,,sdn
,ae54880509692872,financial_planning,,very_negative,rejecting,,sdn
,924875e84310718a,financial_planning,,negative,considering,,sdn
,ad706fb9944205b5,financial_planning,,negative,rejecting,,sdn
,790f339a4c029aa5,financial_planning,,neutral,pursuing,,sdn
,04089ae3a3792528,financial_planning,,neutral,pursuing,,sdn
,406fe8f526283265,general_question,,neutral,unknown,,sdn
,0229b160cd693be2,financial_planning,,positive,pursuing,,sdn
,b001358f35f9b7c2,general_question,,neutral,unknown,,sdn
,9cd6deb8a27f82ed,financial_planning,,neutral,pursuing,,sdn
,caf7b6ccfbee0880,general_question,,neutral,unknown,,sdn
,5d0573f11f580af7,financial_planning,,neutral,pursuing,,sdn
,df2f6637c023eb61,general_question,,neutral,unknown,,sdn
,d6add164fbb7aafc,financial_planning,,neutral,pursuing,,sdn
,53bc99f6838ca434,general_question,,neutral,unknown,,sdn
,ac2696aaa190fc12,financial_planning,,neutral,pursuing,,sdn
,a3b606894e16cf34,general_question,,neutral,unknown,,sdn
,5ed6f7cec1ec1b1b,financial_planning,,positive,pursuing,,sdn
,5f888a6c36e15ee2,general_question,,neutral,unknown,,sdn
,e425cc53909df881,financial_planning,,neutral,pursuing,,sdn
,b9f3c7dad0dea963,general_question,,neutral,unknown,,sdn
,86039a432cdd9f2e,financial_planning,,neutral,considering,,sdn
,9197570c5610733f,career_impact,,negative,rejecting,,sdn
,215e0b0fbd039874,financial_planning,,positive,considering,,sdn
,b6924e8295b6e95c,financial_planning,,positive,pursuing,,sdn
,fbe63a9f83ab37f1,general_question,,positive,pursuing,,sdn
,e94803453db4b321,financial_planning,,neutral,unknown,,sdn
,52f03867f5255e42,financial_planning,,positive,pursuing,,sdn
,5a41a2633ad1a37a,financial_planning,,negative,rejecting,,sdn
,937bd0e5040c3239,financial_planning,,positive,considering,,sdn
,c4b6f0aecaf5e062,financial_planning,,neutral,unknown,,sdn
,df9a92a3e2cab189,general_question,,positive,unknown,,sdn
,7cf8538d20b82b0e,financial_planning,,neutral,considering,,sdn
,e0b21e3ab2018fba,financial_planning,,positive,pursuing,,sdn
,ef7698b5ac589e36,financial_planning,,positive,considering,,sdn
,8b5d5aafb4b12ec1,general_question,,neutral,considering,,sdn
,342f32641afc4e7d,financial_planning,,neutral,unknown,,sdn
,39a6f41ec0e55ac9,career_impact,,positive,considering,,sdn
,09d494ebb0495622,general_question,,positive,unknown,,sdn
,b35f6e864a448a4d,financial_planning,,neutral,considering,,sdn
,5284e59b445f3278,financial_planning,,positive,pursuing,,sdn
,71a6aa0691848c81,general_question,,neutral,considering,,sdn
,134049787061c5d3,financial_planning,,neutral,unknown,,sdn
,66699a0af35be0f5,career_impact,,positive,considering,,sdn
,0a55ab1de1c87e43,general_question,,positive,unknown,,sdn
,277d78265b15f31a,financial_planning,,neutral,considering,,sdn
,67b0373e29a2b11c,financial_planning,,positive,pursuing,,sdn
,3a2d21ceb4030d7f,financial_planning,,positive,considering,,sdn
,faf95954ddc7476b,general_question,,neutral,considering,,sdn
,96a9c9e5649c3a87,financial_planning,,neutral,unknown,,sdn
,8d778c1e082ae9ed,career_impact,,positive,considering,,sdn
,a54820d0dd397027,general_question,,positive,unknown,,sdn
,2ec2f5b7f53d720c,financial_planning,,positive,pursuing,,sdn
,b8b89b5c24d57d9b,financial_planning,,positive,considering,,sdn
,0be679d876f108ce,general_question,,neutral,considering,,sdn
,9e28b6e7e0957f1b,financial_planning,,neutral,unknown,,sdn
,41fe9d4cac2d95d6,career_impact,,positive,considering,,sdn
,833542363d2bbd8a,general_question,,positive,unknown,,sdn
,a97624d7d98f9517,financial_planning,,neutral,considering,,sdn
,e673949fb0bc0f65,financial_planning,,positive,pursuing,,sdn
,a2ca6ebb3c336808,general_question,,neutral,considering,,sdn
,1cc44fab4045a782,career_impact,,positive,considering,,sdn
,a17c6659499240a6,general_question,,positive,unknown,,sdn
,0b381fe7570ffc59,financial_planning,,neutral,considering,,sdn
,ec59489d64d77da4,financial_planning,,positive,pursuing,,sdn
,d87f1fdf66399e79,financial_planning,,positive,considering,,sdn
,94d06dea0ce1d731,general_question,,neutral,considering,,sdn
,6eb404017a01b981,financial_planning,,neutral,unknown,,sdn
,30174b9d2697529c,career_impact,,positive,considering,,sdn
,b27cca9d57c9ec5a,general_question,,positive,unknown,,sdn
,512a0e88421d931d,financial_planning,,neutral,considering,,sdn
,b6bbca7baef6d982,financial_planning,,positive,pursuing,,sdn
,3a56668ea37e0f04,financial_planning,,positive,pursuing,,sdn
,6e559f40002cdd08,general_question,,neutral,considering,,sdn
,8559d8323f693517,financial_planning,,neutral,unknown,,sdn
,4147cc5cf87c44ac,career_impact,,positive,considering,,sdn
,bba9c3f34c92d41b,general_question,,positive,unknown,,sdn
,ba2d0972d6863cc7,financial_planning,,positive,pursuing,,sdn
,df69816941f90770,financial_planning,,positive,considering,,sdn
,348ee56f72b160a9,general_question,,neutral,considering,,sdn
,523720f5bf4d39c2,financial_planning,,neutral,unknown,,sdn
,4f838c5830e52e4b,financial_planning,,neutral,considering,,sdn
,5eaab32b12c60b9d,general_question,,positive,unknown,,sdn
,debed3ef6e5e2117,financial_planning,,neutral,considering,,sdn
,a8aae1305eb4ec79,financial_planning,,positive,pursuing,,sdn
,c5116b861c7e299f,financial_planning,,positive,considering,,sdn
,aa35bc6959f4ccbb,general_question,,neutral,considering,,sdn
,3c10b1eaf2d7ece8,financial_planning,,neutral,unknown,,sdn
,2e2a3e06ae4f609b,financial_planning,,neutral,considering,,sdn
,b8eb1fa1d316f53f,general_question,,positive,unknown,,sdn
,09dab758821f5fe6,financial_planning,,neutral,considering,,sdn
,5a3f89aa1933227a,financial_planning,,positive,pursuing,,sdn
,638670f16a6e7697,career_impact,,positive,unknown,,sdn
,6296b0104e5fdbdd,general_question,,positive,unknown,,sdn
,e3532f5bb660107f,policy_uncertainty,,negative,pursuing,,sdn
,d7bec6d0ba2b1b65,career_impact,,negative,pursuing,,sdn
,1b2108ffdc7c1224,career_impact,,positive,unknown,,sdn
,18accef105825b2d,general_question,,positive,unknown,,sdn
,4f209f7bcfffacdc,policy_uncertainty,,very_negative,rejecting,,sdn
,bab338a3d1e9eae1,policy_uncertainty,,negative,pursuing,,sdn
,03a3cb66a74991bf,career_impact,,negative,pursuing,,sdn
,cd1ecf5f432655f4,career_impact,,positive,unknown,,sdn
,999e367b188f44ac,general_question,,positive,unknown,,sdn
,4e40a4dbb1e28278,policy_uncertainty,,very_negative,rejecting,,sdn
,c33dfb40b6b93f4e,policy_uncertainty,,negative,pursuing,,sdn
,f52d87b0e183286d,career_impact,,negative,pursuing,,sdn
,c7bc38074549e17f,general_question,,positive,pursuing,,sdn
,ce4aa339998e2009,policy_uncertainty,,very_negative,rejecting,,sdn
,36b6b373b74f80f1,policy_uncertainty,,negative,pursuing,,sdn
,1101feaf855c774c,career_impact,,negative,pursuing,,sdn
,b8f69f40ad67ffce,career_impact,,positive,considering,,sdn
,3227d5bbb5a8a984,policy_uncertainty,,very_negative,rejecting,,sdn
,42be5015cf9e0b0f,policy_uncertainty,,negative,pursuing,,sdn
,db609cd784af68c2,career_impact,,negative,pursuing,,sdn
,e5aaa9413655efe0,career_impact,,positive,unknown,,sdn
,77a3f6e6b4309efb,general_question,,positive,pursuing,,sdn
,7848f98eb44136bb,policy_uncertainty,,very_negative,rejecting,,sdn
,ea88c636d77faf24,policy_uncertainty,,negative,pursuing,,sdn
,7558feee3b114ff2,career_impact,,negative,pursuing,,sdn
,90cc41c99cc174d6,career_impact,,positive,unknown,,sdn
,c34462f71cad0da5,general_question,,positive,unknown,,sdn
,1cfcada09b970460,policy_uncertainty,,very_negative,rejecting,,sdn
,4f042ba443071715,policy_uncertainty,,negative,pursuing,,sdn
,bc9f22dcbbf89b6f,career_impact,,negative,pursuing,,sdn
,c8b90fee9793d4ff,career_impact,,positive,unknown,,sdn
,598d9759a7fb47de,general_question,,positive,unknown,,sdn
,09e6a083067606fb,policy_uncertainty,,very_negative,rejecting,,sdn
,efb1371a494673ca,policy_uncertainty,,negative,pursuing,,sdn
,3b408ee6632acc3b,career_impact,,negative,pursuing,,sdn
,33e97dfc8ed978d0,career_impact,,positive,unknown,,sdn
,26cf362bd30ee40b,general_question,,positive,unknown,,sdn
,7282cd97df86f9af,policy_uncertainty,,very_negative,rejecting,,sdn
,2c617aac3d44ac7a,policy_uncertainty,,negative,pursuing,,sdn
,ca81176e7d554577,career_impact,,negative,pursuing,,sdn
,ed4e9ab35128e81b,career_impact,,positive,unknown,,sdn
,c6e568ce3cd0d3d7,general_question,,positive,unknown,,sdn
,56e05c1bb89e5bef,policy_uncertainty,,very_negative,rejecting,,sdn
,70c9b3e468fe7e4e,policy_uncertainty,,negative,pursuing,,sdn
,a5e94bf6865f3e3d,career_impact,,negative,pursuing,,sdn
,e9604e861289aab0,career_impact,,neutral,considering,,sdn
,6f1557df74b9bf4a,policy_uncertainty,,very_negative,rejecting,,sdn
,426f5cbb482bfa36,financial_planning,,positive,considering,,sdn
,475583538b65cba5,career_impact,,neutral,considering,,sdn
,8eccc58fa5c55989,policy_uncertainty,,very_negative,rejecting,,sdn
,fcf747d52d09ecaa,career_impact,,neutral,considering,,sdn
,c728ef591ada8569,financial_planning,,positive,considering,,sdn
,d4254e88cc1c02f5,career_impact,,neutral,considering,,sdn
,54be0dbcec0b4e70,policy_uncertainty,,very_negative,rejecting,,sdn
,2b20758148dc3074,financial_planning,,positive,pursuing,,sdn
,c0272b7964cd705b,career_impact,,neutral,considering,,sdn
,72bfb4f41b55cf06,policy_uncertainty,,very_negative,rejecting,,sdn
,a1451ee89a9e1eb7,financial_planning,,positive,considering,,sdn
,a387fd4fd8637fe8,policy_uncertainty,,very_negative,rejecting,,sdn
,0b73e294f2eb036a,financial_planning,,positive,pursuing,,sdn
,036bfecd108214be,career_impact,,neutral,considering,,sdn
,2dcb8c076437f032,policy_uncertainty,,very_negative,rejecting,,sdn
,f0fed640fea54876,financial_planning,,positive,considering,,sdn
,06a1b0df95cfe91b,career_impact,,neutral,considering,,sdn
,60d3cde654a8725e,policy_uncertainty,,very_negative,rejecting,,sdn
,51bf34fa7010c080,financial_planning,,positive,considering,,sdn
,2adffbc6a3eb0014,policy_uncertainty,,very_negative,rejecting,,sdn
,b7993f93c95a823b,financial_planning,,neutral,considering,,sdn
,895a645eeebec032,career_impact,,neutral,considering,,sdn
,85dc4a1110df15f0,policy_uncertainty,,very_negative,rejecting,,sdn
,fa923474f37e85a4,financial_planning,,positive,pursuing,,sdn
,4f7c904dc738e4cc,career_impact,,positive,unknown,,sdn
,0bea74a259932493,career_impact,,positive,unknown,,sdn
,d88f56b3a6e06406,career_impact,,positive,unknown,,sdn
,5f3567c0ec8fcd74,career_impact,,positive,unknown,,sdn
,8ce06a135be856a2,career_impact,,positive,unknown,,sdn
,2bb1fdf2a2575651,career_impact,,positive,unknown,,sdn
,dc63cc21e46dbfa7,career_impact,,positive,unknown,,sdn
,78645420a2709a7d,career_impact,,positive,unknown,,sdn
,4240d8548a7c49a9,general_question,,neutral,unknown,,sdn
,34acd8172f0c5932,career_impact,,negative,considering,,sdn
,b2f9797a0bc6930e,career_impact,,neutral,considering,,sdn
,124dd65e68438158,financial_planning,,negative,rejecting,,sdn
,5885d311930c3851,financial_planning,,neutral,unknown,,sdn
,881401a6da02a810,financial_planning,,neutral,unknown,,sdn
,359ffb3202d394cb,financial_planning,,neutral,pursuing,,sdn
,4d0dffeff2f40f60,financial_planning,,neutral,considering,,sdn
,e5ed8b0d192a2083,financial_planning,,neutral,considering,,sdn
,1965c02405b70da3,general_question,,neutral,unknown,,sdn
,309c3e766838e9d3,career_impact,,negative,considering,,sdn
,ed6346c2476c9c5c,career_impact,,neutral,considering,,sdn
,3621bd03262eaa11,financial_planning,,negative,rejecting,,sdn
,79a2d65eef451539,financial_planning,,neutral,unknown,,sdn
,0c59bf610222e43e,financial_planning,,neutral,unknown,,sdn
,50f091a35c909b73,financial_planning,,neutral,pursuing,,sdn
,e5b800b91b9d8739,financial_planning,,neutral,considering,,sdn
,c759c90b3fa995af,general_question,,neutral,unknown,,sdn
,97482643796e8a8b,career_impact,,negative,considering,,sdn
,08bce99e2a1bf87e,career_impact,,neutral,considering,,sdn
,e87b25374dc0b524,financial_planning,,negative,rejecting,,sdn
,f8139e3ef013b7af,financial_planning,,neutral,unknown,,sdn
,ce7eccadb4a408b6,financial_planning,,neutral,pursuing,,sdn
,938b8add3e31dd03,financial_planning,,neutral,considering,,sdn
,c2b801bc7512c776,financial_planning,,neutral,considering,,sdn
,14946ee1d964bd5e,general_question,,neutral,unknown,,sdn
,2352c44fc0f6087d,career_impact,,negative,considering,,sdn
,0f44a287ce5ee53b,career_impact,,neutral,considering,,sdn
,110fd00b3137718a,financial_planning,,negative,rejecting,,sdn
,d3f487955895f6ad,financial_planning,,neutral,unknown,,sdn
,9f142a21cdfad545,financial_planning,,neutral,unknown,,sdn
,7a3267bf84f64388,financial_planning,,neutral,pursuing,,sdn
,f25ccf67f8144ac9,financial_planning,,neutral,considering,,sdn
,658f26e4078aebe6,financial_planning,,neutral,considering,,sdn
,4b070a1a8db77312,general_question,,neutral,unknown,,sdn
,185e94fe260b65be,career_impact,,negative,considering,,sdn
,b7f7066d6d57fe59,financial_planning,,negative,rejecting,,sdn
,fd91caf0cea9fcb0,financial_planning,,neutral,unknown,,sdn
,5e7bc0f545bf83bf,financial_planning,,neutral,unknown,,sdn
,2db3ff488e79bf31,financial_planning,,neutral,pursuing,,sdn
,2d00569ae35c8f3f,financial_planning,,neutral,considering,,sdn
,fedc102b40241b15,general_question,,neutral,unknown,,sdn
,e537295ce6e4682e,career_impact,,negative,considering,,sdn
,cc870eb433f9b8d9,financial_planning,,negative,rejecting,,sdn
,08ff9d3179086736,financial_planning,,neutral,unknown,,sdn
,41cf2ae5bb43b2e7,financial_planning,,neutral,pursuing,,sdn
,ea7857868acd609c,financial_planning,,neutral,considering,,sdn
,59fc2db0db9d6d60,financial_planning,,neutral,considering,,sdn
,d55ee950563dcc5c,general_question,,neutral,unknown,,sdn
,53ac2177f289da8e,career_impact,,negative,considering,,sdn
,e542111db67a3d14,career_impact,,neutral,considering,,sdn
,cded9c4527f14bb3,financial_planning,,negative,rejecting,,sdn
,4b028acf2bbca0f2,financial_planning,,neutral,unknown,,sdn
,8ff319a56cc06a28,financial_planning,,neutral,pursuing,,sdn
,a1dfe40216b62713,financial_planning,,neutral,considering,,sdn
,a12581f04ffcafc1,financial_planning,,neutral,considering,,sdn
,2d544eccfb328d27,general_question,,neutral,unknown,,sdn
,15d6093efe7f43a2,career_impact,,negative,considering,,sdn
,5a043b09ab55393d,career_impact,,neutral,considering,,sdn
,b9cdbf23d7decce4,parse_error,,parse_error,unknown,"```json
{""pslf_sentiment"": ""negative"", ""primary_topic"": ""financial_planning"", ""pslf_stance"": ""rejecting""}
```",
,f4a0c45bbfb04f1f,financial_planning,,neutral,unknown,,sdn
,74496783b6a2cc52,financial_planning,,neutral,pursuing,,sdn
,70fb2247ce6fae31,financial_planning,,neutral,considering,,sdn
,5357285f5908b705,financial_planning,,neutral,considering,,sdn
,7d5b28102fac669e,general_question,,neutral,unknown,,sdn
,150e4380e4fac31f,career_impact,,negative,considering,,sdn
,399830b25d853d05,career_impact,,positive,considering,,sdn
,89d58653d0fde570,parse_error,,parse_error,unknown,"```json
{""pslf_sentiment"": ""negative"", ""primary_topic"": ""financial_planning"", ""pslf_stance"": ""rejecting""}
```",
,37346885ce523f23,financial_planning,,neutral,unknown,,sdn
,4a9d7d39c9d25aae,financial_planning,,neutral,pursuing,,sdn
,8cb2b462f2b686be,financial_planning,,neutral,considering,,sdn
,49630c25990498f9,financial_planning,,neutral,considering,,sdn
,b011566388737854,general_question,,neutral,unknown,,sdn
,eede408573a5461a,career_impact,,negative,considering,,sdn
,0d0c50e2cc6eefd8,financial_planning,,neutral,unknown,,sdn
,a2b818d2a5bdc694,financial_planning,,neutral,pursuing,,sdn
,3c7f4c7178f3ae13,financial_planning,,neutral,considering,,sdn
,0dfe5a2b0e8ee58c,financial_planning,,neutral,considering,,sdn
,3b4ade574b4af2b0,policy_uncertainty,,very_positive,pursuing,,sdn
,0d6c5b417fdb905a,policy_uncertainty,,very_positive,pursuing,,sdn
,87c2017e71599a57,policy_uncertainty,,very_positive,pursuing,,sdn
,5b29b3d87ffd8556,policy_uncertainty,,very_positive,pursuing,,sdn
,c8c2c50b82772ea0,policy_uncertainty,,very_positive,pursuing,,sdn
,9770ca9971e2d1f0,policy_uncertainty,,very_positive,pursuing,,sdn
,99342a6940a47ce7,policy_uncertainty,,very_positive,pursuing,,sdn
,68a2d3175cd5f506,policy_uncertainty,,very_positive,pursuing,,sdn
,dc49281fff0c7595,policy_uncertainty,,very_positive,pursuing,,sdn
,a4b3c8395dfe6bf9,policy_uncertainty,,positive,pursuing,,sdn
,58ff16ed62de95f3,policy_uncertainty,,positive,unknown,,sdn
,077a0d417904f1b6,policy_uncertainty,,neutral,pursuing,,sdn
,146d576b9a089c40,policy_uncertainty,,positive,unknown,,sdn
,88985a4c22321fdf,policy_uncertainty,,positive,pursuing,,sdn
,ca7909b87c43a905,policy_uncertainty,,neutral,pursuing,,sdn
,f59704f3e229faf2,policy_uncertainty,,positive,pursuing,,sdn
,99100d52b8d2f1a6,policy_uncertainty,,negative,pursuing,,sdn
,bb0500950d6e4078,policy_uncertainty,,positive,unknown,,sdn
,eedc4436513e4a61,policy_uncertainty,,neutral,pursuing,,sdn
,5bbbdcb73376404c,policy_uncertainty,,positive,unknown,,sdn
,7acee8c4c3dbb931,policy_uncertainty,,positive,unknown,,sdn
,80224fbac64b7307,policy_uncertainty,,neutral,pursuing,,sdn
,7faed8a430043fa4,policy_uncertainty,,positive,unknown,,sdn
,347ac28fbd41d52b,policy_uncertainty,,neutral,pursuing,,sdn
,ebf5f87f6a88565e,policy_uncertainty,,positive,unknown,,sdn
,5a78ed4dbc6f5143,policy_uncertainty,,positive,pursuing,,sdn
,df0c493796609d25,policy_uncertainty,,neutral,pursuing,,sdn
,c3ac85e88be012d6,policy_uncertainty,,positive,unknown,,sdn
,bd5961a06b9ed612,policy_uncertainty,,positive,pursuing,,sdn
,8083bed58160b2cf,policy_uncertainty,,neutral,pursuing,,sdn
,4d7c4312afb14666,policy_uncertainty,,positive,unknown,,sdn
,37b641af4dbc794d,policy_uncertainty,,positive,pursuing,,sdn
,5ac0475dd4c6dc7c,policy_uncertainty,,neutral,pursuing,,sdn
,36399393bf26f1e5,policy_uncertainty,,positive,unknown,,sdn
,d4e39539a0dbba07,general_question,,neutral,considering,,sdn
,b11d22a9153e9467,general_question,,neutral,considering,,sdn
,746ed72aa906f0a7,success_story,,positive,pursuing,,sdn
,7abff451323e7f3a,success_story,,positive,unknown,,sdn
,d91e81bb5d35a470,policy_uncertainty,,neutral,unknown,,sdn
,68ba5c24699ed3ea,general_question,,neutral,considering,,sdn
,f879012adc9b4280,financial_planning,,neutral,unknown,,sdn
,4df01c17859f68b4,success_story,,positive,unknown,,sdn
,3e5d517b37b4ecef,policy_uncertainty,,neutral,unknown,,sdn
,99e6bc4cc6fd9572,general_question,,neutral,considering,,sdn
,fb49a141d87b750c,general_question,,neutral,considering,,sdn
,db6ec59339e48ca0,financial_planning,,neutral,unknown,,sdn
,d9bb2441b22a0c0a,success_story,,positive,pursuing,,sdn
,805fe38197664d17,success_story,,positive,unknown,,sdn
,760566f3913afce6,policy_uncertainty,,neutral,unknown,,sdn
,ac71bc859e68d1c9,general_question,,neutral,considering,,sdn
,56405d2d4312bb83,general_question,,neutral,pursuing,,sdn
,02e2702963803b92,success_story,,positive,pursuing,,sdn
,2243be1c04108c1a,success_story,,positive,unknown,,sdn
,67bfdca6cdc97f35,general_question,,neutral,considering,,sdn
,42444d5dc09bc9a3,general_question,,neutral,pursuing,,sdn
,b2ab7f551f9e7b03,financial_planning,,neutral,unknown,,sdn
,befc1e2333c65447,success_story,,positive,pursuing,,sdn
,f055857013c02464,success_story,,positive,unknown,,sdn
,16eab16f14c7c854,policy_uncertainty,,neutral,unknown,,sdn
,3847eb0bf13443dd,general_question,,neutral,considering,,sdn
,94e502c14ca918a6,general_question,,neutral,pursuing,,sdn
,57d4f682bb8e746c,financial_planning,,neutral,unknown,,sdn
,1b221ea04e2bfaa1,success_story,,positive,pursuing,,sdn
,e22de349c2c48a3d,success_story,,positive,unknown,,sdn
,d6da58fc4d0cdda6,policy_uncertainty,,neutral,unknown,,sdn
,f3fbd998047307bd,general_question,,neutral,considering,,sdn
,61e8b7f577ec5c46,general_question,,neutral,considering,,sdn
,84a9e70df2fc6850,financial_planning,,neutral,unknown,,sdn
,105d67a4a60b8eeb,success_story,,positive,pursuing,,sdn
,6dcd4981ddb9b20b,success_story,,positive,unknown,,sdn
,64a622952f7bfb7e,policy_uncertainty,,neutral,unknown,,sdn
,27a94d850e980905,general_question,,neutral,considering,,sdn
,9b675c77155b8cf6,general_question,,neutral,considering,,sdn
,55c25676b0b6a883,financial_planning,,neutral,unknown,,sdn
,a04c353c5e748c73,success_story,,positive,pursuing,,sdn
,0e546a206f8f25c3,success_story,,positive,unknown,,sdn
,7499fd8b68972b68,general_question,,neutral,considering,,sdn
,bc0bf2dd512b185c,general_question,,neutral,pursuing,,sdn
,ffcb08083848bed7,financial_planning,,neutral,unknown,,sdn
,530a3ac02cd9fdb3,success_story,,positive,pursuing,,sdn
,53ebf10c71ab9ea2,success_story,,positive,unknown,,sdn
,a9edb37c599a678a,policy_uncertainty,,neutral,unknown,,sdn
,36593c607cff19d2,general_question,,neutral,considering,,sdn
,719afebdf8477d6b,financial_planning,,neutral,unknown,,sdn
,c4d8404343dfa93e,success_story,,positive,pursuing,,sdn
,d1f82c050ab33902,success_story,,positive,unknown,,sdn
,06c084386d0e0952,policy_uncertainty,,neutral,unknown,,sdn
,f6de4ea92a406d32,financial_planning,,positive,pursuing,,sdn
,018efb02e02ba120,financial_planning,,positive,pursuing,,sdn
,1fb8a283ae8ede34,financial_planning,,positive,pursuing,,sdn
,35fcde5834adaf35,financial_planning,,positive,pursuing,,sdn
,66ee2117894d4388,financial_planning,,positive,pursuing,,sdn
,2d73f85e9c47de09,financial_planning,,positive,considering,,sdn
,1a945dc1e5eda7cc,financial_planning,,positive,pursuing,,sdn
,c101aa86c3d0e456,financial_planning,,positive,pursuing,,sdn
,1fc93281c0cb2492,career_impact,,positive,considering,,sdn
,e9b72fe7af16797a,financial_planning,,negative,rejecting,,sdn
,98dfeaea369fa67e,financial_planning,,neutral,unknown,,sdn
,e075629a10f6fb81,general_question,,neutral,unknown,,sdn
,49f4265bdd7677c3,policy_uncertainty,,negative,unknown,,sdn
,5fce7981aa368725,policy_uncertainty,,very_negative,rejecting,,sdn
,eb94d0e6b3e444b7,financial_planning,,positive,considering,,sdn
,370deabb1751c6c5,financial_planning,,negative,rejecting,,sdn
,934fa83b963c5e3f,financial_planning,,positive,considering,,sdn
,31d95b49a022560b,financial_planning,,positive,considering,,sdn
,09cd6b528c6822fe,financial_planning,,positive,pursuing,,sdn
,c4ef83162be51b65,financial_planning,,positive,pursuing,,sdn
,e0f32a6d9f32dc79,financial_planning,,positive,pursuing,,sdn
,db76ba7234ae9550,financial_planning,,positive,considering,,sdn
,ecf2bc8cf56adb3c,financial_planning,,positive,pursuing,,sdn
,0ad1b95a11add448,financial_planning,,positive,unknown,,sdn
,ebda37a7e53b02a7,financial_planning,,neutral,rejecting,,sdn
,5b55fb902ede7842,financial_planning,,positive,considering,,sdn
,324f14684cd07eab,financial_planning,,negative,rejecting,,sdn
,3ff598d6f61c841e,financial_planning,,positive,considering,,sdn
,593f0b328843fd6b,financial_planning,,neutral,rejecting,,sdn
,e1184ca2867c6d20,financial_planning,,positive,considering,,sdn
,7b3fbfbe9d85be72,financial_planning,,positive,considering,,sdn
,1a1f24cdf73e80f1,financial_planning,,neutral,rejecting,,sdn
,9ba43676d5e7085e,financial_planning,,positive,considering,,sdn
,1e3bd1336c6c7c60,financial_planning,,positive,considering,,sdn
,dca1bf489998c694,financial_planning,,neutral,rejecting,,sdn
,2bfcb3e7329f2b4a,financial_planning,,positive,considering,,sdn
,c54c9831d2997fb2,financial_planning,,neutral,rejecting,,sdn
,6319fcd3c2cfb260,policy_uncertainty,,neutral,unknown,,sdn
,1f4b75e857b304af,policy_uncertainty,,neutral,unknown,,sdn
,e4cb1dae89583b96,policy_uncertainty,,neutral,unknown,,sdn
,350c6e3cafe258fd,policy_uncertainty,,neutral,unknown,,sdn
,71657fd7074f9ad7,policy_uncertainty,,neutral,unknown,,sdn
,a24886877ac63643,policy_uncertainty,,neutral,unknown,,sdn
,242555a1a51076e7,policy_uncertainty,,neutral,unknown,,sdn
,dfc4e3639b834138,policy_uncertainty,,neutral,unknown,,sdn
,693f42091e1d305c,career_impact,,neutral,considering,,sdn
,6790e984de9404bf,career_impact,,neutral,unknown,,sdn
,7765848ddaf01cc1,career_impact,,positive,considering,,sdn
,dfd5997791597692,career_impact,,neutral,considering,,sdn
,ddb283c2f1590552,career_impact,,neutral,unknown,,sdn
,109c94d3a7b9d4a0,career_impact,,positive,considering,,sdn
,844c55434968f38b,parse_error,,parse_error,unknown,"```json
{""pslf_sentiment"": ""neutral"", ""primary_topic"": ""career_impact"", ""pslf_stance"": ""considering""}
```",
,7dabf878e459535b,career_impact,,neutral,unknown,,sdn
,b73af028de1297f5,career_impact,,positive,considering,,sdn
,210218d1a5612eb0,career_impact,,neutral,considering,,sdn
,575b3b9c703e89e1,career_impact,,neutral,unknown,,sdn
,c2467a6141879d21,career_impact,,positive,considering,,sdn
,3600c0240c0e6fd3,career_impact,,neutral,considering,,sdn
,39e42801e8ec7f74,career_impact,,neutral,unknown,,sdn
,41055dbb5c491d3f,career_impact,,neutral,considering,,sdn
,a4a0e95398989481,career_impact,,neutral,unknown,,sdn
,1da4bc8ad60af38f,career_impact,,positive,considering,,sdn
,1e41894f38487ce0,career_impact,,neutral,considering,,sdn
,1ea9da5e6f09aa33,career_impact,,neutral,unknown,,sdn
,d5e6a73e8035cc45,career_impact,,positive,considering,,sdn
,b219fc9e8dc9e461,financial_planning,,neutral,unknown,,sdn
,f695e05d3ce87221,career_impact,,neutral,unknown,,sdn
,8b1802824b167d33,career_impact,,positive,considering,,sdn
,5d39a255e82cda91,career_impact,,neutral,considering,,sdn
,2d5d076cf417bc53,career_impact,,neutral,unknown,,sdn
,25cb51e95a575d56,career_impact,,positive,considering,,sdn
,12c5f4f487a1b160,career_impact,,neutral,unknown,,sdn
,f218c84874194778,career_impact,,positive,considering,,sdn
,3456b425a603d10b,financial_planning,,positive,considering,,sdn
,779fa4a48a8ec834,financial_planning,,positive,unknown,,sdn
,716fe4b39cf08597,financial_planning,,positive,unknown,,sdn
,3fe48ac014314b99,financial_planning,,positive,unknown,,sdn
,73d1ff90487452c5,financial_planning,,positive,unknown,,sdn
,ae2d97c544756cd3,financial_planning,,positive,unknown,,sdn
,7a1c9a0a9584c0e5,financial_planning,,positive,unknown,,sdn
,d233a281347bd002,financial_planning,,positive,unknown,,sdn
,f9368d48763e0924,financial_planning,,positive,unknown,,sdn
,7a54c1cab025dc69,financial_planning,,positive,unknown,,sdn
,dd2323bca401ae26,general_question,,neutral,considering,,sdn
,5e06ad11ce98a85d,success_story,,very_positive,completed,,sdn
,ab8e54d89dfe6085,success_story,,very_positive,completed,,sdn
,70e0880b811a5ea5,success_story,,very_positive,completed,,sdn
,3065974558de89e5,success_story,,very_positive,completed,,sdn
,84bc35e14625c550,success_story,,very_positive,completed,,sdn
,d21dffe8139f4a4c,success_story,,very_positive,completed,,sdn
,ae3ec342cc504474,success_story,,very_positive,completed,,sdn
,fb86476eeb4a1b18,success_story,,positive,considering,,sdn
,eb88b2fac73d38e1,success_story,,very_positive,completed,,sdn
,0f2c4dbdf358e0e8,success_story,,very_positive,completed,,sdn
,5c3c3a231c4408b2,success_story,,very_positive,completed,,sdn
,4556233e46602ec8,success_story,,very_positive,completed,,sdn
,7a43f16fd1cd8d0b,success_story,,positive,considering,,sdn
,79c077045a8b5a6b,success_story,,very_positive,completed,,sdn
,dab5f4ade76b901f,success_story,,very_positive,completed,,sdn
,6dfc38acc06b7927,success_story,,very_positive,completed,,sdn
,fffa8897e7cc782e,success_story,,very_positive,completed,,sdn
,d4b7cfaadbe48f5b,success_story,,very_positive,completed,,sdn
,14c1c0171ad2a640,success_story,,very_positive,completed,,sdn
,b3942de14c9f092e,success_story,,very_positive,completed,,sdn
,7edba0ef0afe403a,success_story,,very_positive,completed,,sdn
,3df726a844651405,success_story,,very_positive,completed,,sdn
,0fbc5ed591331e91,success_story,,positive,considering,,sdn
,811d5c1ef9eee682,success_story,,very_positive,completed,,sdn
,f018f33e359e7c19,success_story,,very_positive,completed,,sdn
,4033a1a1cf555791,success_story,,very_positive,completed,,sdn
,f5ddc2682b1ed963,success_story,,very_positive,completed,,sdn
,1fa97d65aa943bb4,success_story,,positive,considering,,sdn
,858f987979c4e30b,success_story,,very_positive,completed,,sdn
,bdc30e00ef51bbb7,success_story,,very_positive,completed,,sdn
,cae4c4b6efde33f4,success_story,,very_positive,completed,,sdn
,fb8f7a1dd4f61a11,success_story,,very_positive,completed,,sdn
,d5da3d0f1f086a0a,success_story,,very_positive,completed,,sdn
,736c0f9a74c35342,success_story,,very_positive,completed,,sdn
,38d59d2f85aa84f7,success_story,,very_positive,completed,,sdn
,2db1122498cb2099,success_story,,positive,considering,,sdn
,3c85df3c12ece685,success_story,,very_positive,completed,,sdn
,7372de62ac4f4858,success_story,,very_positive,completed,,sdn
,6cdf83e61b0c5054,success_story,,very_positive,completed,,sdn
,b0222aa72cd08db3,success_story,,very_positive,completed,,sdn
,7e9b6132dfb6a4d5,success_story,,positive,considering,,sdn
,fbd75008c62f0514,success_story,,very_positive,completed,,sdn
,665ade421ab6e200,success_story,,very_positive,completed,,sdn
,5018a2e2f676bc55,success_story,,very_positive,completed,,sdn
,c60e282f0e7055bb,success_story,,very_positive,completed,,sdn
,c3aa828dd5acb946,success_story,,very_positive,completed,,sdn
,5a71528c8c51c36b,success_story,,very_positive,completed,,sdn
,e74dc6e4d67f46c1,success_story,,very_positive,completed,,sdn
,f394393d60145e87,success_story,,very_positive,completed,,sdn
,b6d582a153e0b7d9,success_story,,positive,considering,,sdn
,262caedb0b53c323,success_story,,very_positive,completed,,sdn
,21fd99e3c3f7bdd5,success_story,,very_positive,completed,,sdn
,190ad0c54bce119f,success_story,,very_positive,completed,,sdn
,a5a392b806bcd8a6,success_story,,positive,considering,,sdn
,a78bdb94ba07fb18,success_story,,very_positive,completed,,sdn
,f45735f734d74d5c,success_story,,very_positive,completed,,sdn
,5cd49618575ae30c,success_story,,very_positive,completed,,sdn
,8d5129d275efba64,success_story,,very_positive,completed,,sdn
,f77f8bc35223fe09,success_story,,very_positive,completed,,sdn
,809d1c03479f3601,success_story,,very_positive,completed,,sdn
,b5b71ecfe44e2b79,success_story,,very_positive,completed,,sdn
,4ecc39d9fa322954,success_story,,positive,considering,,sdn
,3148eae7fd300366,success_story,,very_positive,completed,,sdn
,86eeb8da2988e1dd,success_story,,very_positive,completed,,sdn
,4716e12f75bdbd38,success_story,,positive,considering,,sdn
,b3cd847d5c33d5da,success_story,,very_positive,completed,,sdn
,35696ed558cb08c5,success_story,,very_positive,completed,,sdn
,86b5baff6793fe1f,success_story,,very_positive,completed,,sdn
,444b9beb7383a46a,success_story,,very_positive,completed,,sdn
,f1435730223ed723,success_story,,very_positive,completed,,sdn
,ad7f0be07879faa5,success_story,,very_positive,completed,,sdn
,55a95aab160f2443,success_story,,very_positive,completed,,sdn
,323972fde687b838,success_story,,very_positive,completed,,sdn
,d7127772e6c35efe,success_story,,very_positive,completed,,sdn
,9e7b0bb091749d79,success_story,,positive,considering,,sdn
,98e6a85607076931,success_story,,very_positive,completed,,sdn
,30397fa154d4821e,success_story,,very_positive,completed,,sdn
,b758913712283fba,success_story,,very_positive,completed,,sdn
,1820a11d33aed5cc,success_story,,very_positive,completed,,sdn
,438d66927789f4a5,success_story,,positive,considering,,sdn
,018fea8204f4a97b,success_story,,very_positive,completed,,sdn
,c4a802e05a4709a1,success_story,,very_positive,completed,,sdn
,c4a34134f6f4a8b1,success_story,,very_positive,completed,,sdn
,983cd41087c1c9e6,success_story,,very_positive,completed,,sdn
,335cd2603a5f3bc2,success_story,,very_positive,completed,,sdn
,928dac81da00eddf,success_story,,very_positive,completed,,sdn
,870e3e7fcd355180,success_story,,very_positive,completed,,sdn
,c44b122884879d26,success_story,,very_positive,completed,,sdn
,eb10b31259f00724,success_story,,positive,considering,,sdn
,c0d92b4fc93191d6,success_story,,very_positive,completed,,sdn
,121046116ce36314,success_story,,very_positive,completed,,sdn
,be9a769310c5ffd2,success_story,,very_positive,completed,,sdn
,8ecc9b7e7bbd3979,success_story,,very_positive,completed,,sdn
,92ef121cdb88336a,success_story,,positive,considering,,sdn
,2603b4b4943dfb6d,success_story,,very_positive,completed,,sdn
,18ba05d6b848a463,success_story,,very_positive,completed,,sdn
,4ce95bbc9ce60a2e,success_story,,very_positive,completed,,sdn
,aedd18b4d81e0e23,success_story,,very_positive,completed,,sdn
,064a748c630b8fc2,success_story,,very_positive,completed,,sdn
,44b4133beca5db12,success_story,,very_positive,completed,,sdn
,b554e0a60046e05b,success_story,,very_positive,completed,,sdn
,a90bbecc23c3f04e,success_story,,very_positive,completed,,sdn
,66b609852d46c245,success_story,,positive,considering,,sdn
,c9f6302460704178,success_story,,very_positive,completed,,sdn
,5d3a0abccc3f6869,success_story,,very_positive,completed,,sdn
,f37dde18f368b92a,success_story,,very_positive,completed,,sdn
,fd1b49442def63f1,success_story,,very_positive,completed,,sdn
,a9f8e7a45bdec13b,success_story,,very_positive,completed,,sdn
,564876436f67463a,success_story,,very_positive,completed,,sdn
,adefc5728bbcd157,success_story,,very_positive,completed,,sdn
,f9768690f7e748c8,success_story,,very_positive,completed,,sdn
,c8f9795c2e269e41,success_story,,very_positive,completed,,sdn
,964e528560a2e681,success_story,,very_positive,completed,,sdn
,b4057d93bd8930c4,success_story,,positive,considering,,sdn
,012253b0a81b530d,success_story,,very_positive,completed,,sdn
,e4142eb29c19e05e,success_story,,very_positive,completed,,sdn
,44184d407f3bfbb0,success_story,,very_positive,completed,,sdn
,2a455eb51609fdc2,general_question,,neutral,considering,,sdn
,806eede9ac7d42a8,success_story,,very_positive,completed,,sdn
,39ab77797ed3f7eb,success_story,,very_positive,completed,,sdn
,a5f008bd28a138e0,success_story,,very_positive,completed,,sdn
,76fb2f7c73f874b4,success_story,,very_positive,completed,,sdn
,b89bb9a0cc445e17,success_story,,very_positive,completed,,sdn
,b7de370a6b5bc3ad,success_story,,very_positive,completed,,sdn
,47b5e447e2716d8e,success_story,,very_positive,completed,,sdn
,bb215e630b592af6,success_story,,very_positive,completed,,sdn
,802895890bc83992,success_story,,very_positive,completed,,sdn
,2cecf88a0a4fdad3,success_story,,very_positive,completed,,sdn
,3103173c5acc12f2,career_impact,,neutral,pursuing,,sdn
,721a9c71b1d3160c,career_impact,,positive,pursuing,,sdn
,4ab3699a90f92360,career_impact,,neutral,pursuing,,sdn
,f24b2911d6ea4813,career_impact,,neutral,pursuing,,sdn
,010d6a9ddee529d0,general_question,,neutral,pursuing,,sdn
,ce056ba12fccfc8a,career_impact,,positive,pursuing,,sdn
,394a93fe899e4f5a,career_impact,,positive,pursuing,,sdn
,724114d86c8551e9,career_impact,,positive,pursuing,,sdn
,24a91edb7325b1fc,career_impact,,positive,pursuing,,sdn
,5a94f4e7416f846c,career_impact,,positive,pursuing,,sdn
,3db21248601ff709,general_question,,neutral,unknown,,sdn
,eaa35a45a78e51a4,financial_planning,,neutral,unknown,,sdn
,d3541306997122f2,financial_planning,,very_negative,unknown,,sdn
,90262212d20e4f14,financial_planning,,neutral,unknown,,sdn
,473953a19e451ca5,policy_uncertainty,,negative,rejecting,,sdn
,e9c42db2b9302eaa,financial_planning,,positive,considering,,sdn
,6ecce3631f06d7ff,financial_planning,,neutral,unknown,,sdn
,f726647b255ea97a,financial_planning,,neutral,rejecting,,sdn
,533cc4ea1ac14eb1,financial_planning,,neutral,unknown,,sdn
,4581cd5185ff7f1d,financial_planning,,neutral,unknown,,sdn
,28fd79c7d13755b4,financial_planning,,neutral,unknown,,sdn
,f8a0b6f382b1eb14,financial_planning,,neutral,unknown,,sdn
,216111c8cc18e439,financial_planning,,neutral,unknown,,sdn
,d4abcf50a849e91e,financial_planning,,neutral,unknown,,sdn
,268ed482d3b0bbe0,financial_planning,,neutral,unknown,,sdn
,6e9899601524ec7f,financial_planning,,neutral,unknown,,sdn
,23c109160793b0a2,financial_planning,,neutral,unknown,,sdn
,398452d7c547ca71,policy_uncertainty,,negative,unknown,,sdn
,59e29100a909dcda,financial_planning,,neutral,unknown,,sdn
,41a0fd2c3be1cfcc,policy_uncertainty,,negative,considering,,sdn
,2551d3c036050755,career_impact,,negative,considering,,sdn
,e53f373768f4e5a0,financial_planning,,neutral,unknown,,sdn
,d7fed7e3e07ffe72,policy_uncertainty,,neutral,unknown,,sdn
,b2de2951fc28a41d,general_question,,neutral,unknown,,sdn
,b3aee493971bec2b,financial_planning,,neutral,unknown,,sdn
,18ff702dab5fdd1c,general_question,,neutral,unknown,,sdn
,9d150d613f2f8626,financial_planning,,neutral,unknown,,sdn
,f1c06a8334bc46b7,financial_planning,,neutral,unknown,,sdn
,2f7bde4a0ac43bbc,general_question,,neutral,unknown,,sdn
,4284de786c94a908,general_question,,neutral,unknown,,sdn
,c75850b8a69546d4,policy_uncertainty,,negative,unknown,,sdn
,dded42c19610d267,financial_planning,,neutral,unknown,,sdn
,31f0e34396369536,policy_uncertainty,,negative,considering,,sdn
,2cb24f9474da2440,career_impact,,negative,considering,,sdn
,95f4003f6b06b45d,financial_planning,,neutral,unknown,,sdn
,b24cc7b9a98c3bcb,policy_uncertainty,,neutral,unknown,,sdn
,0d7b98a0cea18f6e,financial_planning,,neutral,unknown,,sdn
,bc32727192622937,financial_planning,,neutral,unknown,,sdn
,d2dbda83f023f991,financial_planning,,neutral,considering,,sdn
,b6d87b13801d507e,general_question,,neutral,unknown,,sdn
,f67a4a6180ff605e,financial_planning,,neutral,unknown,,sdn
,bf07a5d8c24d319a,general_question,,neutral,unknown,,sdn
,ba4a6b383eb38d3c,general_question,,neutral,unknown,,sdn
,85be45508a9adfad,financial_planning,,neutral,unknown,,sdn
,8273631b0aa355db,general_question,,neutral,unknown,,sdn
,b93f48d627d2e46e,policy_uncertainty,,negative,considering,,sdn
,39f136b436025862,financial_planning,,negative,considering,,sdn
,fcba0e058f0ff6b3,financial_planning,,neutral,unknown,,sdn
,658424c60b8f8437,general_question,,neutral,unknown,,sdn
,1a1b9a5b35a81e3f,financial_planning,,neutral,unknown,,sdn
,31017b9a7bd20de2,financial_planning,,neutral,unknown,,sdn
,a0bccb21183835a3,general_question,,neutral,unknown,,sdn
,f7748536000a4349,financial_planning,,neutral,unknown,,sdn
,31f3113c05d77caf,general_question,,neutral,unknown,,sdn
,95d6031500d3beca,policy_uncertainty,,negative,unknown,,sdn
,f1b271528a6f6bc6,general_question,,neutral,unknown,,sdn
,6b4ea4f02c20ee05,policy_uncertainty,,negative,considering,,sdn
,132a8e826d913ce7,career_impact,,negative,considering,,sdn
,5c1e37e8322a4a64,financial_planning,,neutral,unknown,,sdn
,165b6da3509c09a1,policy_uncertainty,,neutral,unknown,,sdn
,8075d436e7cbb796,general_question,,neutral,unknown,,sdn
,f0d9387fe2dbda73,financial_planning,,neutral,unknown,,sdn
,31ff26121b33c0ef,financial_planning,,neutral,considering,,sdn
,29c41e11c8e0045a,general_question,,neutral,unknown,,sdn
,1967d85ba2b407d2,financial_planning,,neutral,unknown,,sdn
,be6dfc67e207c39f,general_question,,neutral,unknown,,sdn
,5429a119d90ddfe3,general_question,,neutral,unknown,,sdn
,ab353baae34ae76c,policy_uncertainty,,negative,unknown,,sdn
,08b712874a41130d,financial_planning,,neutral,unknown,,sdn
,9278462968024315,policy_uncertainty,,negative,considering,,sdn
,4aa1e295ddf26c3a,career_impact,,negative,considering,,sdn
,b41fbf5a717f98b9,financial_planning,,neutral,unknown,,sdn
,c767c3d06daad899,policy_uncertainty,,neutral,unknown,,sdn
,b6e759ae0e4a9f8c,general_question,,neutral,unknown,,sdn
,0a34e4fc2ab8bf8a,financial_planning,,neutral,unknown,,sdn
,0decb9bd8658851c,financial_planning,,neutral,unknown,,sdn
,79b42aed5a89b26a,general_question,,neutral,unknown,,sdn
,019abce054df587a,general_question,,neutral,unknown,,sdn
,d5b9f656c6896424,financial_planning,,neutral,unknown,,sdn
,a26fc23b6d6b42bd,policy_uncertainty,,negative,unknown,,sdn
,20a68363fdc99425,general_question,,neutral,unknown,,sdn
,c107c2a86fb17852,policy_uncertainty,,negative,considering,,sdn
,714ba7ecba981a5c,career_impact,,negative,considering,,sdn
,c317549b92af961c,financial_planning,,neutral,unknown,,sdn
,1c25183faad41cdb,financial_planning,,neutral,unknown,,sdn
,c589059c1265801a,general_question,,neutral,unknown,,sdn
,f1c2bc55b7dc8e3d,financial_planning,,neutral,unknown,,sdn
,fd16a7c102a2b177,financial_planning,,neutral,considering,,sdn
,eef1acb7f9d9caed,parse_error,,parse_error,unknown,"```json
{""pslf_sentiment"": ""neutral"", ""primary_topic"": ""general_question"", ""pslf_stance"": ""unknown""}
```",
,57c4f05fe1dd49a3,financial_planning,,neutral,unknown,,sdn
,4b5a60190f6d70e0,general_question,,neutral,unknown,,sdn
,3de590b161a87219,general_question,,neutral,unknown,,sdn
,cc46543530b97d80,financial_planning,,neutral,unknown,,sdn
,62df282a7bef6ab6,policy_uncertainty,,negative,unknown,,sdn
,0c4019569fb028a1,general_question,,neutral,unknown,,sdn
,02903ebc8cec2ce7,policy_uncertainty,,negative,considering,,sdn
,c63cbef73b6e3049,career_impact,,negative,considering,,sdn
,e840a05f5e0bcda9,financial_planning,,neutral,unknown,,sdn
,b3ecc285681897d2,policy_uncertainty,,neutral,unknown,,sdn
,3dc00f95866140d8,general_question,,neutral,unknown,,sdn
,3b1cd1bb9110f3fe,financial_planning,,neutral,unknown,,sdn
,199e97a6c8cbf547,general_question,,neutral,unknown,,sdn
,cc8b7e7ea596203a,financial_planning,,neutral,unknown,,sdn
,cb0347c5f66fccef,general_question,,neutral,unknown,,sdn
,17cb4a5abef8b5fc,financial_planning,,neutral,unknown,,sdn
,f6d90f4a81f6c675,financial_planning,,neutral,unknown,,sdn
,b3b9baddb9caaabc,parse_error,,parse_error,unknown,"```json
{""pslf_sentiment"": ""negative"", ""primary_topic"": ""policy_uncertainty"", ""pslf_stance"": ""unknown""}
```",
,9d5cb3ebfff1f154,general_question,,neutral,unknown,,sdn
,1b9f08189db0852e,policy_uncertainty,,negative,considering,,sdn
,45193d7ec89115e2,career_impact,,negative,considering,,sdn
,52e1fd0c939e3f9a,financial_planning,,neutral,unknown,,sdn
,020319f9d7683c82,policy_uncertainty,,neutral,unknown,,sdn
,3bbbbf82c2df007f,financial_planning,,neutral,unknown,,sdn
,2bdd5f5a13b3478e,financial_planning,,neutral,unknown,,sdn
,ee2b603d29558970,general_question,,neutral,unknown,,sdn
,427dde12f69095ab,financial_planning,,neutral,unknown,,sdn
,72b263e31c71cad8,financial_planning,,neutral,unknown,,sdn
,03563df8cac2bae0,general_question,,neutral,unknown,,sdn
,8e9190801f4535bd,financial_planning,,neutral,unknown,,sdn
,15cdcfd54c926f61,policy_uncertainty,,negative,unknown,,sdn
,aa96912b36b0f6d2,general_question,,neutral,unknown,,sdn
,5354576157bb5a7c,policy_uncertainty,,negative,considering,,sdn
,67c6d821313dd7ca,career_impact,,negative,considering,,sdn
,19b61dbe8fd0d723,financial_planning,,neutral,unknown,,sdn
,71ea0be087b4f06b,policy_uncertainty,,neutral,unknown,,sdn
,c24bbe749cf18027,general_question,,neutral,unknown,,sdn
,0649cb75d27c00c4,financial_planning,,neutral,unknown,,sdn
,b2951971625b2c57,financial_planning,,neutral,considering,,sdn
,f1a0678aed159818,general_question,,neutral,unknown,,sdn
,7ffbf218e588a741,financial_planning,,neutral,unknown,,sdn
,5bc50afaeb7d85ef,financial_planning,,neutral,unknown,,sdn
,d91bb8eae658cc29,general_question,,neutral,unknown,,sdn
,66d169264b1a2370,financial_planning,,neutral,unknown,,sdn
,60cb8e66939b2873,policy_uncertainty,,negative,unknown,,sdn
,1b16b0b162141731,general_question,,neutral,unknown,,sdn
,b1757d2b5cb4c749,policy_uncertainty,,negative,considering,,sdn
,5bf1c09b4c559aab,career_impact,,negative,considering,,sdn
,41d455a8759b7c11,financial_planning,,neutral,unknown,,sdn
,fe0ead95a3a3813b,policy_uncertainty,,neutral,unknown,,sdn
,1dfddd41cb9fb60d,general_question,,neutral,unknown,,sdn
,b3c5a5c0d6aa44a7,financial_planning,,neutral,unknown,,sdn
,79d9d920b20fb365,general_question,,neutral,unknown,,sdn
,5f8070884a59e75f,financial_planning,,neutral,unknown,,sdn
,1ec7f9d6f01e2a7e,financial_planning,,neutral,unknown,,sdn
,c61295b156c39f71,general_question,,neutral,unknown,,sdn
,43808f4280e14836,career_impact,,positive,considering,,sdn
,d6a58717d0f6b23e,financial_planning,,positive,pursuing,,sdn
,d5225ec2107209db,financial_planning,,neutral,considering,,sdn
,18c127ffebd03b1d,career_impact,,negative,considering,,sdn
,2a620cd2b7defaa7,career_impact,,negative,considering,,sdn
,a06ba7848e755fc6,career_impact,,negative,considering,,sdn
,68abf5fb9db6e76d,career_impact,,negative,considering,,sdn
,7d77e6ee361a955e,career_impact,,negative,considering,,sdn
,889f5c9bafd9bd73,career_impact,,negative,considering,,sdn
,ca87079425d6246b,career_impact,,negative,considering,,sdn
,0a4d5403118f83ce,career_impact,,negative,considering,,sdn
,1ac2abf137d1cf9e,career_impact,,negative,considering,,sdn
,0dedd8794d4b7b59,career_impact,,negative,considering,,sdn
,e57333f412c8093a,career_impact,,negative,considering,,sdn
,da72456df324ee0e,career_impact,,negative,considering,,sdn
,434da9e889c7b60b,career_impact,,negative,considering,,sdn
,bd0d730b9184b9a2,career_impact,,negative,considering,,sdn
,0873caec1b139767,career_impact,,negative,considering,,sdn
,5becd431053781c0,career_impact,,negative,considering,,sdn
,c1fd2d37b0aa416b,career_impact,,negative,considering,,sdn
,603a47bfda66a739,general_question,,neutral,unknown,,sdn
,4442d06601bf15fd,financial_planning,,neutral,unknown,,sdn
,e03e7cffe2f0787e,financial_planning,,positive,pursuing,,sdn
,8529981d91ec4fe5,financial_planning,,positive,considering,,sdn
,f8120c5eef60ea57,financial_planning,,positive,pursuing,,sdn
,fbd8a426bd92d3ff,general_question,,neutral,unknown,,sdn
,2bec31e75041fe2d,financial_planning,,positive,pursuing,,sdn
,614cfd8562879a2a,financial_planning,,positive,pursuing,,sdn
,7fb307f493f87697,general_question,,neutral,unknown,,sdn
,b0396e2629031569,financial_planning,,positive,pursuing,,sdn
,517bf924f91879a8,financial_planning,,positive,pursuing,,sdn
,591116d256e34c79,general_question,,neutral,unknown,,sdn
,edfa67c7868cdbaf,financial_planning,,positive,pursuing,,sdn
,30beead28725cc13,financial_planning,,positive,pursuing,,sdn
,c3f2ed59714bd6b0,general_question,,neutral,unknown,,sdn
,772d69b8202037c4,career_impact,,positive,considering,,sdn
,5f590f1b5f3a32c7,financial_planning,,positive,pursuing,,sdn
,b72127aaccb27452,general_question,,neutral,unknown,,sdn
,b3d1025a93cccb2a,financial_planning,,positive,pursuing,,sdn
,9d607a3e66005717,financial_planning,,positive,pursuing,,sdn
,a7c98ad0c842dd16,general_question,,neutral,unknown,,sdn
,6ecb4fe041784b72,financial_planning,,positive,pursuing,,sdn
,c14c3914fa9b587b,financial_planning,,positive,pursuing,,sdn
,b4d419407ee4f90d,general_question,,neutral,unknown,,sdn
,f606dee51b1ba4cd,financial_planning,,positive,pursuing,,sdn
,1be9c39c82a2f42c,financial_planning,,positive,pursuing,,sdn
,62ddf6c18533f380,general_question,,neutral,unknown,,sdn
,2c764daf7e97aae5,financial_planning,,positive,pursuing,,sdn
,197b5b99229b5068,financial_planning,,positive,pursuing,,sdn
,fa85886b13d510dd,financial_planning,,positive,unknown,,sdn
,71df20a2ccab40bd,financial_planning,,neutral,rejecting,,sdn
,36a00217e4a698ce,financial_planning,,neutral,unknown,,sdn
,7692eaa888191e24,financial_planning,,neutral,rejecting,,sdn
,a8eb25321507ff08,financial_planning,,positive,unknown,,sdn
,a5e03e28844e34a2,financial_planning,,neutral,rejecting,,sdn
,5771258b6cae2fb4,financial_planning,,neutral,unknown,,sdn
,4cf02e0c251b139e,financial_planning,,neutral,rejecting,,sdn
,7150016f6dad2a58,financial_planning,,positive,unknown,,sdn
,6b097714d2390609,financial_planning,,neutral,rejecting,,sdn
,069de98f0773e62d,financial_planning,,neutral,unknown,,sdn
,673386e9c21f9763,financial_planning,,neutral,rejecting,,sdn
,b38e57d3b48c997b,financial_planning,,positive,considering,,sdn
,e5fddef9c90d9950,financial_planning,,neutral,unknown,,sdn
,8cccbb53c09d6a8d,financial_planning,,neutral,unknown,,sdn
,f67e431d13e26639,financial_planning,,neutral,rejecting,,sdn
,61a480c9d4b16032,financial_planning,,positive,unknown,,sdn
,3335ef8362038fbd,financial_planning,,neutral,rejecting,,sdn
,dd7c509c55c405c3,financial_planning,,neutral,unknown,,sdn
,2ef948871eb6152e,financial_planning,,neutral,rejecting,,sdn
,cb930675ceb242f4,financial_planning,,positive,unknown,,sdn
,ab74b029f6af3519,financial_planning,,neutral,unknown,,sdn
,323cb20ce3d648cc,financial_planning,,neutral,unknown,,sdn
,a50b7c32835129e4,financial_planning,,positive,unknown,,sdn
,4dc8ca056499895d,financial_planning,,neutral,rejecting,,sdn
,9a58716834c22b52,financial_planning,,neutral,unknown,,sdn
,81d4fd32124f8692,financial_planning,,neutral,rejecting,,sdn
,b7e30176931ffc25,financial_planning,,positive,unknown,,sdn
,3a748d9039af3591,financial_planning,,neutral,unknown,,sdn
,f174cccf48b6d89e,financial_planning,,neutral,rejecting,,sdn
,4addfa4e58369e77,financial_planning,,positive,unknown,,sdn
,a01467c5c1d4c3be,financial_planning,,neutral,rejecting,,sdn
,b90a9d45b1547aad,financial_planning,,neutral,unknown,,sdn
,e060f5c342faf2d2,financial_planning,,neutral,rejecting,,sdn
,68d348903bba8f73,financial_planning,,positive,unknown,,sdn
,9f0751bddf086595,financial_planning,,neutral,rejecting,,sdn
,768054f1f1d6f2ac,general_question,,neutral,unknown,,sdn
,9c8713df392c8e4c,general_question,,neutral,unknown,,sdn
,c41eee2357403fd4,general_question,,neutral,unknown,,sdn
,fa522f0edd68ccf4,general_question,,neutral,unknown,,sdn
,b5549a8f59ac7bf9,general_question,,neutral,unknown,,sdn
,e097cb0a864380f3,general_question,,neutral,unknown,,sdn
,5ac79e9ee4ff01e0,general_question,,neutral,unknown,,sdn
,09fb2d0711be26d1,general_question,,neutral,unknown,,sdn
,b4b5d0ac9a3c5b40,career_impact,,neutral,pursuing,,sdn
,a91326ea6dd716ba,career_impact,,neutral,pursuing,,sdn
,aa573984dd1da298,career_impact,,neutral,pursuing,,sdn
,90b19286a689ab85,career_impact,,neutral,pursuing,,sdn
,944647cf920549f9,career_impact,,positive,pursuing,,sdn
,000fb55dec2a81d6,career_impact,,neutral,pursuing,,sdn
,bc1c92c9156c408f,career_impact,,neutral,pursuing,,sdn
,f13d410647705c8d,general_question,,neutral,unknown,,sdn
,1589f54cfbfcd1e6,general_question,,neutral,unknown,,sdn
,7cd68709e3c5ccf3,general_question,,neutral,unknown,,sdn
,f2cf6e5907583aec,general_question,,neutral,unknown,,sdn
,cabc62d17f4b8a84,general_question,,unknown,unknown,,sdn
,f76fc104a12ff842,general_question,,neutral,unknown,,sdn
,074c38c18448e1f7,general_question,,neutral,unknown,,sdn
,198bd502e26ecb7e,general_question,,neutral,unknown,,sdn
,6be3c122f15991cf,general_question,,neutral,unknown,,sdn
,d7f6104ae4ac9fc6,general_question,,neutral,unknown,,sdn
,d886777e7c890a3e,policy_uncertainty,,negative,considering,,sdn
,8088571f316c78cc,policy_uncertainty,,negative,unknown,,sdn
,71847d0db3f38d20,policy_uncertainty,,negative,considering,,sdn
,01d9f936e0690933,policy_uncertainty,,negative,pursuing,,sdn
,f086ce531bda24a3,policy_uncertainty,,negative,considering,,sdn
,2c93efc52d9fdc9d,policy_uncertainty,,negative,unknown,,sdn
,031de98daccebdd5,policy_uncertainty,,negative,considering,,sdn
,8d56bc3a6435f0ce,policy_uncertainty,,very_negative,pursuing,,sdn
,8d6576e58c9dff9e,policy_uncertainty,,negative,considering,,sdn
,9ccd7e80f89a1e7f,policy_uncertainty,,negative,unknown,,sdn
,10577dc33312a2e5,policy_uncertainty,,negative,considering,,sdn
,4b54fd1964ab2d6c,policy_uncertainty,,very_negative,pursuing,,sdn
,b49f45d36f57b5b9,policy_uncertainty,,negative,considering,,sdn
,0603b0afbdf8f2e9,policy_uncertainty,,negative,unknown,,sdn
,82d117be68c075c9,policy_uncertainty,,negative,considering,,sdn
,a401ed10b5d620ab,policy_uncertainty,,negative,pursuing,,sdn
,efb3bc1b6e4f77d7,policy_uncertainty,,negative,considering,,sdn
,adc5c5ac1828a4d9,policy_uncertainty,,negative,unknown,,sdn
,3b642a2f8e48c93d,policy_uncertainty,,negative,pursuing,,sdn
,74f990ebf3daa7a0,policy_uncertainty,,negative,pursuing,,sdn
,cec86d62bae1a935,policy_uncertainty,,negative,considering,,sdn
,97b62262d63401ac,policy_uncertainty,,negative,unknown,,sdn
,2abe2591ae262ce3,policy_uncertainty,,negative,considering,,sdn
,7e5ce0df5805ab84,policy_uncertainty,,negative,pursuing,,sdn
,49c82313f3668f20,policy_uncertainty,,negative,considering,,sdn
,d00c4c1e0f99d542,policy_uncertainty,,negative,unknown,,sdn
,065fbc3c1c7d98d2,policy_uncertainty,,negative,considering,,sdn
,645685b3f67817f0,policy_uncertainty,,negative,pursuing,,sdn
,77860b8ef466a623,policy_uncertainty,,negative,considering,,sdn
,085ff5f4e5a042a6,policy_uncertainty,,negative,unknown,,sdn
,be55e008535b73fe,policy_uncertainty,,negative,considering,,sdn
,dbc40a84acdfa954,policy_uncertainty,,negative,considering,,sdn
,32265ef77ef5c44a,policy_uncertainty,,negative,unknown,,sdn
,d3dac2c0d0d1c5b3,policy_uncertainty,,negative,pursuing,,sdn
,74b8112c349c5d2a,policy_uncertainty,,negative,considering,,sdn
,2d8eb409a3cc7853,policy_uncertainty,,negative,unknown,,sdn
,60ed89cd5eec0867,policy_uncertainty,,negative,considering,,sdn
,1f622c5bd95e41ee,policy_uncertainty,,negative,pursuing,,sdn
,8a8f55d732927834,general_question,,neutral,unknown,,sdn
,e87352b7b1d6e394,financial_planning,,neutral,unknown,,sdn
,6a7b2ba4a891e776,financial_planning,,neutral,unknown,,sdn
,d9abf493b7f57f36,financial_planning,,neutral,unknown,,sdn
,79bf3b711e33c767,financial_planning,,neutral,unknown,,sdn
,91d946c4162f7d2e,financial_planning,,neutral,rejecting,,sdn
,51e057facb14de35,career_impact,,neutral,considering,,sdn
,685765d75439a4b8,financial_planning,,neutral,unknown,,sdn
,abe9a20311aab322,financial_planning,,neutral,unknown,,sdn
,2b840f5a05a83b48,financial_planning,,neutral,unknown,,sdn
,55833feb97a6a7d6,financial_planning,,neutral,unknown,,sdn
,75acf1f300ddecfa,financial_planning,,neutral,considering,,sdn
,62165cd3a842c625,financial_planning,,positive,pursuing,,sdn
,02aa4d7ef27ddd5c,career_impact,,positive,pursuing,,sdn
,ef5abdc2fd0e7381,financial_planning,,neutral,unknown,,sdn
,78db8e1b2fd8406f,general_question,,neutral,unknown,,sdn
,d85d93a37fa842c1,financial_planning,,neutral,unknown,,sdn
,abc8928b285b20f7,financial_planning,,neutral,unknown,,sdn
,f6a9dd5519fdf15a,financial_planning,,neutral,unknown,,sdn
,76af521ce56dd6fa,success_story,,positive,pursuing,,sdn
,d81a5e3e6d6fedf1,financial_planning,,very_positive,considering,,sdn
,c25fcceb2ac524d7,financial_planning,,neutral,considering,,sdn
,9318d0b14eb12c88,financial_planning,,neutral,unknown,,sdn
,659fb7bb3aac7902,financial_planning,,neutral,unknown,,sdn
,d5b9b66189e551ff,financial_planning,,neutral,pursuing,,sdn
,55fb89873af91384,policy_uncertainty,,very_negative,rejecting,,sdn
,99f8831af2cd43f0,financial_planning,,positive,pursuing,,sdn
,02b048bb11fd01a4,financial_planning,,neutral,considering,,sdn
,4753e3a81d916df6,financial_planning,,positive,pursuing,,sdn
,a8f03245cfc1b97f,general_question,,positive,pursuing,,sdn
,e56bb389d8140b14,career_impact,,negative,considering,,sdn
,7fa0968a0d369b97,financial_planning,,negative,rejecting,,sdn
,9d9ca2f74ef3b2e7,financial_planning,,neutral,considering,,sdn
,a81fb065f7f0ba4d,financial_planning,,neutral,considering,,sdn
,d324413b2556dc64,financial_planning,,neutral,considering,,sdn
,e037664dac9babb5,policy_uncertainty,,positive,pursuing,,sdn
,64343bd904b83a84,financial_planning,,negative,considering,,sdn
,66b4fb7d26855691,financial_planning,,neutral,unknown,,sdn
,8fe04689a98f28be,policy_uncertainty,,negative,considering,,sdn
,2c1b9fa86b22e635,policy_uncertainty,,negative,considering,,sdn
,44fa4543d592c95a,policy_uncertainty,,negative,considering,,sdn
,f8e7a602d0e868b4,policy_uncertainty,,negative,considering,,sdn
,d987a8cd8e13492b,policy_uncertainty,,negative,considering,,sdn
,fbc7ace8d86ed973,policy_uncertainty,,negative,considering,,sdn
,672f34ff7be6df4a,policy_uncertainty,,negative,considering,,sdn
,d2c5bc5f1edc1eb0,parse_error,,parse_error,unknown,"```json
{""pslf_sentiment"": ""negative"", ""primary_topic"": ""policy_uncertainty"", ""pslf_stance"": ""considering""}
```",
,335254dbbfc5a787,policy_uncertainty,,negative,considering,,sdn
,0d595eb5223db7f9,policy_uncertainty,,very_negative,considering,,sdn
,49f4c60b18dbde3c,policy_uncertainty,,negative,unknown,,sdn
,e4a4f8ad33f74351,policy_uncertainty,,very_negative,considering,,sdn
,e4c696e114f1e59d,policy_uncertainty,,negative,unknown,,sdn
,8a541282b71687ba,policy_uncertainty,,very_negative,considering,,sdn
,a1af92b85046ac12,policy_uncertainty,,negative,unknown,,sdn
,09f021c7042b7f64,policy_uncertainty,,very_negative,considering,,sdn
,238e63090398fcdd,policy_uncertainty,,negative,unknown,,sdn
,0fc8e171062bc6ee,policy_uncertainty,,very_negative,considering,,sdn
,a117ee8a4cc5503e,policy_uncertainty,,negative,unknown,,sdn
,92a6dac333361563,policy_uncertainty,,very_negative,considering,,sdn
,cc79168263a77b72,policy_uncertainty,,negative,unknown,,sdn
,34d367af0ff3b2c0,policy_uncertainty,,very_negative,considering,,sdn
,621a6d49f13057ad,policy_uncertainty,,negative,unknown,,sdn
,351f3e90c5bb56f5,policy_uncertainty,,very_negative,considering,,sdn
,dd8b0efc97f9f51b,policy_uncertainty,,very_negative,considering,,sdn
,6e2799144c3ac760,policy_uncertainty,,negative,unknown,,sdn
,229b0aee34303ea1,policy_uncertainty,,very_negative,considering,,sdn
,9ed9e259e775f61e,policy_uncertainty,,negative,unknown,,sdn
,437a19acf79dc14e,financial_planning,,negative,considering,,sdn
,6fed1d75e3e9715c,policy_uncertainty,,negative,considering,,sdn
,4bc0d7fdbb59a4b4,policy_uncertainty,,negative,pursuing,,sdn
,fa9581efa86c056b,policy_uncertainty,,negative,considering,,sdn
,2550dc107545ddc1,policy_uncertainty,,very_negative,considering,,sdn
,d035e526b4b72082,policy_uncertainty,,negative,pursuing,,sdn
,af5a5c4e24fb29a7,policy_uncertainty,,negative,considering,,sdn
,55bd3d7d75009972,policy_uncertainty,,negative,pursuing,,sdn
,cfe92f17bdf9173e,policy_uncertainty,,negative,pursuing,,sdn
,c7bba72bd3767f4b,policy_uncertainty,,negative,unknown,,sdn
,b1e586bae8c7a3f5,policy_uncertainty,,negative,pursuing,,sdn
,42fa0a959218efbb,policy_uncertainty,,negative,considering,,sdn
,878902ed037e9db3,policy_uncertainty,,negative,unknown,,sdn
,b9db771fb2db7e51,policy_uncertainty,,negative,unknown,,sdn
,f7b6dc612d41e07a,policy_uncertainty,,negative,unknown,,sdn
,3239f266f9882608,policy_uncertainty,,negative,considering,,sdn
,873de26ac90eab31,policy_uncertainty,,negative,pursuing,,sdn
,d1424490dc6b0891,policy_uncertainty,,negative,considering,,sdn
