post_id,primary_topic,profession,pslf_sentiment,pslf_stance,raw_response,source
1s5f34v,policy_uncertainty,general_pslf,neutral,pursuing,,nan
1soy14a,success_story,general_pslf,very_positive,completed,,nan
1t14744,policy_uncertainty,general_pslf,negative,considering,,nan
1t0tnj4,success_story,general_pslf,positive,completed,,nan
1s5ec88,success_story,general_pslf,very_positive,completed,,nan
1sqsgqb,financial_planning,general_pslf,positive,pursuing,,nan
1svb43a,success_story,general_pslf,very_positive,completed,,nan
1q19e87,policy_uncertainty,general_pslf,neutral,unknown,,nan
1mqzt2r,policy_uncertainty,general_pslf,negative,pursuing,,nan
1q7gz2v,policy_uncertainty,general_pslf,very_positive,pursuing,,nan
1s85vj1,financial_planning,general_pslf,neutral,pursuing,,nan
1knqpu4,policy_uncertainty,general_pslf,neutral,pursuing,,nan
1lq31ft,policy_uncertainty,general_pslf,negative,unknown,,nan
1r7tvnv,career_impact,general_pslf,very_positive,unknown,,nan
1sy7aak,success_story,general_pslf,positive,completed,,nan
1s8vt51,financial_planning,general_pslf,neutral,pursuing,,nan
1q1bdjb,policy_uncertainty,general_pslf,negative,pursuing,,nan
1r6jznx,servicer_issues,general_pslf,neutral,pursuing,,nan
1rwkyqn,policy_uncertainty,general_pslf,negative,pursuing,,nan
1sgpphb,general_question,general_pslf,positive,pursuing,,nan
1siskqn,servicer_issues,general_pslf,neutral,pursuing,,nan
1m026k8,policy_uncertainty,general_pslf,negative,pursuing,,nan
1r6rr8i,success_story,general_pslf,positive,pursuing,,nan
1qw74we,policy_uncertainty,general_pslf,negative,pursuing,,nan
1qq99k5,servicer_issues,general_pslf,very_negative,pursuing,,nan
1saw3to,policy_uncertainty,general_pslf,negative,pursuing,,nan
1lz12lj,servicer_issues,general_pslf,negative,pursuing,,nan
1mr4hvf,career_impact,general_pslf,positive,pursuing,,nan
1s1jjyg,servicer_issues,general_pslf,positive,pursuing,,nan
1t5is1a,parse_error,,parse_error,unknown,"```json
{""pslf_sentiment"": ""very_negative"", ""primary_topic"": ""servicer_issues"", ""pslf_stance"": ""pursuing""}
```",
1mzz7e3,servicer_issues,general_pslf,positive,pursuing,,nan
1so3n88,servicer_issues,general_pslf,negative,pursuing,,nan
1ksspeu,policy_uncertainty,general_pslf,negative,pursuing,,nan
1rgmyt6,policy_uncertainty,general_pslf,neutral,pursuing,,nan
1rajk2t,success_story,general_pslf,very_positive,completed,,nan
1swmrm4,career_impact,general_pslf,negative,pursuing,,nan
1kqe1l6,policy_uncertainty,general_pslf,negative,pursuing,,nan
1r5w963,servicer_issues,general_pslf,very_negative,pursuing,,nan
1q7knjv,servicer_issues,general_pslf,negative,pursuing,,nan
1qgq8cu,parse_error,,parse_error,unknown,"```json
{""pslf_sentiment"": ""positive"", ""primary_topic"": ""success_story"", ""pslf_stance"": ""completed""}
```",
1mtqnxs,policy_uncertainty,general_pslf,negative,pursuing,,nan
1qk0brd,servicer_issues,general_pslf,negative,pursuing,,nan
1mpm51z,general_question,general_pslf,neutral,unknown,,nan
1qe4eyl,servicer_issues,general_pslf,negative,pursuing,,nan
1qx00bp,servicer_issues,general_pslf,neutral,pursuing,,nan
1s5nc3p,financial_planning,general_pslf,negative,pursuing,,nan
1rnvlxd,parse_error,,parse_error,unknown,"```json
{""pslf_sentiment"": ""negative"", ""primary_topic"": ""servicer_issues"", ""pslf_stance"": ""pursuing""}
```",
1ks36sf,servicer_issues,general_pslf,neutral,pursuing,,nan
1ssvnde,general_question,general_pslf,negative,considering,,nan
1s4rvbq,success_story,general_pslf,very_positive,completed,,nan
1rfoejz,servicer_issues,general_pslf,negative,pursuing,,nan
1s6262x,policy_uncertainty,general_pslf,negative,pursuing,,nan
1lnj39a,policy_uncertainty,general_pslf,negative,pursuing,,nan
1sn2ro4,servicer_issues,general_pslf,neutral,pursuing,,nan
1rcm9b4,servicer_issues,general_pslf,positive,pursuing,,nan
1r43v0s,servicer_issues,general_pslf,negative,pursuing,,nan
1svk0fu,success_story,general_pslf,very_positive,completed,,nan
1ryy3vr,general_question,general_pslf,neutral,pursuing,,nan
1lg0fkn,policy_uncertainty,general_pslf,neutral,pursuing,,nan
1mmqr6j,financial_planning,general_pslf,positive,pursuing,,nan
1q27pa6,success_story,general_pslf,very_positive,completed,,nan
1n3vs7z,success_story,general_pslf,very_positive,completed,,nan
1rvdjxx,servicer_issues,general_pslf,neutral,unknown,,nan
1t4keub,servicer_issues,general_pslf,neutral,pursuing,,nan
1s76rs5,success_story,general_pslf,very_positive,completed,,nan
1qqq50t,policy_uncertainty,general_pslf,negative,pursuing,,nan
1sykmjy,financial_planning,general_pslf,positive,pursuing,,nan
1rfojtl,general_question,general_pslf,neutral,considering,,nan
1qtufvc,parse_error,,parse_error,unknown,"```json
{""pslf_sentiment"": ""very_negative"", ""primary_topic"": ""servicer_issues"", ""pslf_stance"": ""pursuing""}
```",
1mohq0l,financial_planning,general_pslf,neutral,pursuing,,nan
1qzkj2x,success_story,general_pslf,very_positive,completed,,nan
1s7s82h,financial_planning,general_pslf,neutral,pursuing,,nan
1q7mopb,servicer_issues,general_pslf,very_negative,pursuing,,nan
1m1kh0q,success_story,general_pslf,positive,pursuing,,nan
1s204re,servicer_issues,general_pslf,neutral,pursuing,,nan
1sqexof,servicer_issues,general_pslf,very_negative,pursuing,,nan
1sazcy4,general_question,general_pslf,neutral,pursuing,,nan
1medkrk,policy_uncertainty,general_pslf,negative,pursuing,,nan
1r48kt1,general_question,general_pslf,positive,pursuing,,nan
1sn6liw,servicer_issues,general_pslf,negative,pursuing,,nan
1ly5scq,policy_uncertainty,general_pslf,very_negative,pursuing,,nan
1qgbeto,success_story,general_pslf,positive,completed,,nan
1mtqcyp,servicer_issues,general_pslf,negative,pursuing,,nan
1rvaet6,servicer_issues,general_pslf,neutral,pursuing,,nan
1sty9c2,success_story,general_pslf,very_positive,completed,,nan
1rxpmdr,policy_uncertainty,general_pslf,negative,considering,,nan
1qxll4y,servicer_issues,general_pslf,very_negative,pursuing,,nan
1rx6lwm,servicer_issues,general_pslf,negative,pursuing,,nan
1qvdsw5,servicer_issues,general_pslf,negative,pursuing,,nan
1mzda2c,servicer_issues,general_pslf,very_negative,pursuing,,nan
1l998n2,career_impact,general_pslf,positive,considering,,nan
1sklas7,financial_planning,general_pslf,neutral,pursuing,,nan
1sn56ji,servicer_issues,general_pslf,negative,pursuing,,nan
1sbtaj7,general_question,general_pslf,neutral,pursuing,,nan
1manxxk,general_question,general_pslf,negative,considering,,nan
1stmlzq,parse_error,,parse_error,unknown,"```json
{""pslf_sentiment"": ""neutral"", ""primary_topic"": ""financial_planning"", ""pslf_stance"": ""pursuing""}
```",
1m1h9cr,policy_uncertainty,general_pslf,very_negative,pursuing,,nan
1qg4ndv,servicer_issues,general_pslf,neutral,pursuing,,nan
1sf7vxv,parse_error,,parse_error,unknown,"```json
{""pslf_sentiment"": ""positive"", ""primary_topic"": ""success_story"", ""pslf_stance"": ""completed""}
```",
1s1obne,servicer_issues,general_pslf,neutral,pursuing,,nan
1mke1aw,servicer_issues,general_pslf,very_negative,pursuing,,nan
1rrgl25,financial_planning,general_pslf,neutral,pursuing,,nan
1t3l9lk,financial_planning,general_pslf,neutral,considering,,nan
1syj8mc,general_question,general_pslf,neutral,pursuing,,nan
1rfoeh9,servicer_issues,general_pslf,positive,completed,,nan
1s2gapk,financial_planning,general_pslf,positive,considering,,nan
1qzcpg1,servicer_issues,general_pslf,neutral,pursuing,,nan
1s2gwfu,general_question,general_pslf,neutral,pursuing,,nan
1lwjlv6,financial_planning,general_pslf,neutral,pursuing,,nan
1sklvnl,servicer_issues,general_pslf,negative,pursuing,,nan
1ruun1b,servicer_issues,general_pslf,positive,pursuing,,nan
1r5aw97,financial_planning,general_pslf,positive,pursuing,,nan
1mngl8r,servicer_issues,general_pslf,negative,pursuing,,nan
1sjhdck,servicer_issues,general_pslf,negative,pursuing,,nan
1ry1puw,success_story,general_pslf,positive,completed,,nan
1ri8s5d,general_question,general_pslf,neutral,pursuing,,nan
1rlu2do,policy_uncertainty,general_pslf,positive,pursuing,,nan
1t4ox3e,financial_planning,general_pslf,positive,pursuing,,nan
1sz37y5,general_question,general_pslf,positive,pursuing,,nan
1renfp8,parse_error,,parse_error,unknown,"```json
{""pslf_sentiment"": ""very_positive"", ""primary_topic"": ""success_story"", ""pslf_stance"": ""completed""}
```",
1ryyvm7,policy_uncertainty,general_pslf,negative,pursuing,,nan
1s94nb1,financial_planning,general_pslf,neutral,pursuing,,nan
1rgo4lh,general_question,general_pslf,neutral,pursuing,,nan
1lx9608,general_question,general_pslf,neutral,unknown,,nan
1s7xi29,policy_uncertainty,general_pslf,negative,considering,,nan
1swkglr,general_question,general_pslf,neutral,pursuing,,nan
1sce6y3,financial_planning,general_pslf,negative,considering,,nan
1s5pwtk,financial_planning,general_pslf,neutral,pursuing,,nan
1s7wydx,policy_uncertainty,general_pslf,negative,pursuing,,nan
1reh9kq,success_story,general_pslf,very_positive,completed,,nan
1sn82fc,general_question,general_pslf,neutral,considering,,nan
1s7cmny,career_impact,general_pslf,positive,pursuing,,nan
1sa71i9,general_question,general_pslf,neutral,pursuing,,nan
1t27j7n,financial_planning,general_pslf,neutral,considering,,nan
1sqhg65,financial_planning,general_pslf,positive,pursuing,,nan
1qf29jl,servicer_issues,general_pslf,negative,pursuing,,nan
1rr1e1w,financial_planning,general_pslf,positive,pursuing,,nan
1sn8zyn,financial_planning,general_pslf,positive,pursuing,,nan
1sf7nj4,financial_planning,general_pslf,neutral,considering,,nan
1rarln3,general_question,general_pslf,positive,pursuing,,nan
1rbctbr,parse_error,,parse_error,unknown,"```json
{""pslf_sentiment"": ""negative"", ""primary_topic"": ""financial_planning"", ""pslf_stance"": ""pursuing""}
```",
1t1y4hl,general_question,general_pslf,neutral,pursuing,,nan
1l4tnzw,success_story,general_pslf,very_positive,completed,,nan
1r0dukm,servicer_issues,general_pslf,neutral,pursuing,,nan
1saitp3,financial_planning,general_pslf,negative,pursuing,,nan
1s5m8i1,financial_planning,general_pslf,negative,pursuing,,nan
1rkam0m,general_question,general_pslf,neutral,considering,,nan
1quy3cv,servicer_issues,general_pslf,negative,pursuing,,nan
1sft16c,financial_planning,general_pslf,negative,pursuing,,nan
1snblpj,financial_planning,general_pslf,positive,pursuing,,nan
1smhf6j,general_question,general_pslf,neutral,considering,,nan
1s610mp,success_story,general_pslf,very_positive,completed,,nan
1rwqnny,general_question,general_pslf,neutral,pursuing,,nan
1sy1sem,success_story,general_pslf,positive,completed,,nan
1smg89s,financial_planning,general_pslf,positive,pursuing,,nan
1r6lan2,general_question,general_pslf,positive,pursuing,,nan
1sn3r48,career_impact,general_pslf,positive,considering,,nan
1sqkx51,financial_planning,general_pslf,neutral,pursuing,,nan
1t21xjs,parse_error,,parse_error,unknown,"```json
{""pslf_sentiment"": ""positive"", ""primary_topic"": ""financial_planning"", ""pslf_stance"": ""pursuing""}
```",
1rz7us9,policy_uncertainty,general_pslf,positive,considering,,nan
1rxdd20,financial_planning,general_pslf,positive,pursuing,,nan
1s4gqik,success_story,general_pslf,positive,completed,,nan
1rpfzf7,servicer_issues,general_pslf,positive,pursuing,,nan
1sdk834,general_question,general_pslf,positive,pursuing,,nan
1se35kl,financial_planning,general_pslf,negative,pursuing,,nan
1s89hde,career_impact,general_pslf,neutral,considering,,nan
1mxqef5,policy_uncertainty,general_pslf,positive,pursuing,,nan
1rlijfe,servicer_issues,general_pslf,very_negative,pursuing,,nan
1mck0kn,policy_uncertainty,general_pslf,neutral,unknown,,nan
1scoxmq,parse_error,,parse_error,unknown,"```json
{""pslf_sentiment"": ""neutral"", ""primary_topic"": ""financial_planning"", ""pslf_stance"": ""pursuing""}
```",
1t3yx71,servicer_issues,general_pslf,negative,pursuing,,nan
1t058ni,general_question,general_pslf,positive,pursuing,,nan
1t0n8f2,financial_planning,general_pslf,positive,pursuing,,nan
1sapxgm,financial_planning,general_pslf,positive,pursuing,,nan
1r0ngc1,servicer_issues,general_pslf,very_negative,pursuing,,nan
1mndatp,success_story,general_pslf,positive,completed,,nan
1rra0uw,servicer_issues,general_pslf,very_negative,pursuing,,nan
1sbf0k3,general_question,general_pslf,positive,pursuing,,nan
1q1drh4,success_story,general_pslf,very_positive,completed,,nan
1sgltvv,financial_planning,general_pslf,negative,pursuing,,nan
1s685cu,servicer_issues,general_pslf,neutral,pursuing,,nan
1refhmy,career_impact,general_pslf,neutral,considering,,nan
1lt71bk,financial_planning,general_pslf,negative,rejecting,,nan
1sag707,financial_planning,general_pslf,positive,pursuing,,nan
1s47mch,policy_uncertainty,general_pslf,neutral,pursuing,,nan
1s4syov,servicer_issues,general_pslf,negative,pursuing,,nan
1se147u,general_question,general_pslf,negative,pursuing,,nan
1rhodwk,policy_uncertainty,general_pslf,neutral,pursuing,,nan
1qcqtku,success_story,general_pslf,positive,completed,,nan
1sd8daw,general_question,general_pslf,neutral,pursuing,,nan
1t21dth,servicer_issues,general_pslf,very_negative,pursuing,,nan
1sejwi3,financial_planning,general_pslf,neutral,pursuing,,nan
1l6ihgt,policy_uncertainty,general_pslf,very_negative,rejecting,,nan
1quyo0b,servicer_issues,general_pslf,negative,pursuing,,nan
1rpjacs,general_question,general_pslf,neutral,pursuing,,nan
1t1bf0z,financial_planning,general_pslf,neutral,pursuing,,nan
1rw4zjl,general_question,general_pslf,neutral,pursuing,,nan
1syzjeb,financial_planning,general_pslf,negative,pursuing,,nan
1sbipp7,general_question,general_pslf,negative,pursuing,,nan
1q0477j,servicer_issues,general_pslf,negative,pursuing,,nan
1ko4vii,success_story,general_pslf,very_positive,completed,,nan
1mhkxoh,financial_planning,general_pslf,neutral,pursuing,,nan
1t5saht,servicer_issues,general_pslf,negative,pursuing,,nan
1t5qzar,general_question,general_pslf,neutral,unknown,,nan
1t5p35l,success_story,general_pslf,very_positive,completed,,nan
1t5ol9c,general_question,general_pslf,positive,completed,,nan
1t5ok9t,servicer_issues,general_pslf,negative,pursuing,,nan
1t5m4pu,servicer_issues,general_pslf,negative,pursuing,,nan
1t5ljos,servicer_issues,general_pslf,negative,pursuing,,nan
1t5lhsj,financial_planning,general_pslf,positive,pursuing,,nan
1t5kjv9,servicer_issues,general_pslf,very_negative,pursuing,,nan
1t5ijam,servicer_issues,general_pslf,very_negative,pursuing,,nan
1t5htfk,general_question,general_pslf,neutral,pursuing,,nan
1t5hhue,servicer_issues,general_pslf,neutral,pursuing,,nan
1t5g4zk,servicer_issues,general_pslf,negative,pursuing,,nan
1t5ei6x,general_question,general_pslf,neutral,pursuing,,nan
1t5dyhn,financial_planning,general_pslf,neutral,pursuing,,nan
1t5acyt,servicer_issues,general_pslf,neutral,unknown,,nan
1t58adg,general_question,general_pslf,neutral,considering,,nan
1t5175e,financial_planning,general_pslf,positive,pursuing,,nan
1t4xrk9,general_question,general_pslf,negative,pursuing,,nan
1t4xpmx,servicer_issues,general_pslf,negative,pursuing,,nan
1t4wh3v,servicer_issues,general_pslf,negative,pursuing,,nan
1t4vl87,career_impact,general_pslf,positive,pursuing,,nan
1t4vjzo,servicer_issues,general_pslf,negative,pursuing,,nan
1t4rr0v,general_question,general_pslf,neutral,pursuing,,nan
1t4qtoa,financial_planning,general_pslf,positive,pursuing,,nan
1t4qczd,financial_planning,general_pslf,neutral,pursuing,,nan
1t4py0r,policy_uncertainty,general_pslf,very_negative,pursuing,,nan
1t4pvko,financial_planning,general_pslf,neutral,pursuing,,nan
1t4phc4,general_question,general_pslf,positive,considering,,nan
1t4o9pp,financial_planning,general_pslf,neutral,pursuing,,nan
1t4mou9,servicer_issues,general_pslf,positive,pursuing,,nan
1t4mdg2,servicer_issues,general_pslf,negative,pursuing,,nan
1t4lvmo,servicer_issues,general_pslf,negative,completed,,nan
1t4le12,success_story,general_pslf,very_positive,completed,,nan
1t4l34t,success_story,general_pslf,positive,pursuing,,nan
1t4kn0g,general_question,general_pslf,positive,pursuing,,nan
1t4jy45,servicer_issues,general_pslf,negative,pursuing,,nan
1t4gqsh,servicer_issues,general_pslf,neutral,pursuing,,nan
1t4fhbl,financial_planning,general_pslf,neutral,pursuing,,nan
1t4d15y,servicer_issues,general_pslf,positive,pursuing,,nan
1t46k9n,general_question,general_pslf,neutral,pursuing,,nan
1t45hp5,financial_planning,general_pslf,positive,pursuing,,nan
1t44s32,financial_planning,general_pslf,negative,pursuing,,nan
1t436jq,financial_planning,general_pslf,neutral,pursuing,,nan
1t42cz8,financial_planning,general_pslf,neutral,pursuing,,nan
1t421q5,general_question,general_pslf,neutral,pursuing,,nan
1t3yd4r,financial_planning,general_pslf,neutral,pursuing,,nan
1t3xz6b,financial_planning,general_pslf,positive,pursuing,,nan
1t3xpkn,general_question,general_pslf,neutral,pursuing,,nan
1t3xapc,servicer_issues,general_pslf,negative,unknown,,nan
1t3t7iv,policy_uncertainty,general_pslf,neutral,unknown,,nan
1t3s9bg,general_question,general_pslf,positive,pursuing,,nan
1t3rf82,financial_planning,general_pslf,positive,pursuing,,nan
1t3p66l,financial_planning,general_pslf,neutral,considering,,nan
1t3oe6q,success_story,general_pslf,positive,pursuing,,nan
1t3mssw,general_question,general_pslf,neutral,pursuing,,nan
1t3lrxr,servicer_issues,general_pslf,neutral,pursuing,,nan
1t3jf5r,general_question,general_pslf,positive,pursuing,,nan
1t3jcaj,success_story,general_pslf,very_positive,completed,,nan
1t3jc2g,servicer_issues,general_pslf,negative,pursuing,,nan
1t3i13v,servicer_issues,general_pslf,neutral,pursuing,,nan
1t35tpw,financial_planning,general_pslf,positive,pursuing,,nan
1t35c9n,success_story,general_pslf,very_positive,completed,,nan
1t32aca,financial_planning,general_pslf,neutral,pursuing,,nan
1t31bi1,financial_planning,general_pslf,positive,pursuing,,nan
1t2ya7j,policy_uncertainty,general_pslf,negative,considering,,nan
1t2uxwl,servicer_issues,general_pslf,negative,pursuing,,nan
1t2uuew,financial_planning,general_pslf,negative,pursuing,,nan
1t2qu12,general_question,general_pslf,neutral,pursuing,,nan
1t2oecp,policy_uncertainty,general_pslf,negative,pursuing,,nan
1t2nxgd,financial_planning,general_pslf,positive,pursuing,,nan
1t2n2h6,financial_planning,general_pslf,neutral,pursuing,,nan
1t2mwod,servicer_issues,general_pslf,neutral,pursuing,,nan
1t2b9ww,financial_planning,general_pslf,neutral,unknown,,nan
1t28f0c,financial_planning,general_pslf,neutral,pursuing,,nan
1t26kno,general_question,general_pslf,neutral,pursuing,,nan
1t239uo,policy_uncertainty,general_pslf,negative,unknown,,nan
1t1yule,parse_error,,parse_error,unknown,"```json
{""pslf_sentiment"": ""neutral"", ""primary_topic"": ""financial_planning"", ""pslf_stance"": ""unknown""}
```",
1t1rs3v,servicer_issues,general_pslf,negative,pursuing,,nan
1t1q771,financial_planning,general_pslf,positive,pursuing,,nan
1t1pt9k,general_question,general_pslf,neutral,pursuing,,nan
1t1p05q,servicer_issues,general_pslf,negative,pursuing,,nan
1t1orn8,servicer_issues,general_pslf,neutral,pursuing,,nan
1t1n46m,servicer_issues,general_pslf,neutral,pursuing,,nan
1t1fv4k,success_story,general_pslf,very_positive,completed,,nan
1t1c0yt,servicer_issues,general_pslf,neutral,pursuing,,nan
1t18jbh,servicer_issues,general_pslf,neutral,pursuing,,nan
1t187lx,servicer_issues,general_pslf,negative,pursuing,,nan
1t181y7,servicer_issues,general_pslf,neutral,pursuing,,nan
1t17ddu,success_story,general_pslf,very_positive,completed,,nan
1t15f14,servicer_issues,general_pslf,negative,completed,,nan
1t134cd,financial_planning,general_pslf,neutral,rejecting,,nan
1t11iol,policy_uncertainty,general_pslf,negative,pursuing,,nan
1t112an,servicer_issues,general_pslf,positive,completed,,nan
1t0zwiw,servicer_issues,general_pslf,neutral,pursuing,,nan
1t0zujt,financial_planning,general_pslf,neutral,pursuing,,nan
1t0yx36,success_story,general_pslf,positive,completed,,nan
1t0ytme,servicer_issues,general_pslf,neutral,pursuing,,nan
1t0xdka,general_question,general_pslf,positive,pursuing,,nan
1t0xaan,servicer_issues,general_pslf,negative,pursuing,,nan
1t0x3y2,general_question,general_pslf,positive,pursuing,,nan
1t0vdcf,servicer_issues,general_pslf,neutral,pursuing,,nan
1t0u8rw,financial_planning,general_pslf,positive,pursuing,,nan
1t0rczu,financial_planning,general_pslf,negative,considering,,nan
1t0r9is,servicer_issues,general_pslf,negative,pursuing,,nan
1t0hbzg,servicer_issues,general_pslf,negative,pursuing,,nan
1t0em00,success_story,general_pslf,very_positive,completed,,nan
1t0cvh0,financial_planning,general_pslf,neutral,pursuing,,nan
1t0bab9,servicer_issues,general_pslf,neutral,pursuing,,nan
1t0aqbi,financial_planning,general_pslf,neutral,pursuing,,nan
1t06e6h,servicer_issues,general_pslf,negative,pursuing,,nan
1t05jgj,general_question,general_pslf,neutral,pursuing,,nan
1t00wbo,success_story,general_pslf,positive,completed,,nan
1szyoon,servicer_issues,general_pslf,neutral,unknown,,nan
1szv7ny,success_story,general_pslf,positive,completed,,nan
1szuhf0,success_story,general_pslf,positive,completed,,nan
1szstrb,success_story,general_pslf,very_positive,completed,,nan
1szsanm,servicer_issues,general_pslf,negative,pursuing,,nan
1szlmk0,success_story,general_pslf,very_positive,completed,,nan
1szi8ix,servicer_issues,general_pslf,neutral,pursuing,,nan
1szh85f,general_question,general_pslf,neutral,pursuing,,nan
1szc1i8,success_story,general_pslf,positive,completed,,nan
1szaej6,servicer_issues,general_pslf,neutral,pursuing,,nan
1sz8eaw,servicer_issues,general_pslf,neutral,pursuing,,nan
1sz7ehz,servicer_issues,general_pslf,very_negative,pursuing,,nan
1sz4l3c,financial_planning,general_pslf,positive,pursuing,,nan
1sz1gln,success_story,general_pslf,very_positive,completed,,nan
1sz0nj7,servicer_issues,general_pslf,neutral,pursuing,,nan
1sykcse,servicer_issues,general_pslf,positive,pursuing,,nan
1syk37o,financial_planning,general_pslf,very_negative,pursuing,,nan
1syjgo5,servicer_issues,general_pslf,negative,pursuing,,nan
1syha7s,financial_planning,general_pslf,neutral,pursuing,,nan
1syf77w,financial_planning,general_pslf,positive,pursuing,,nan
1syetgv,servicer_issues,general_pslf,neutral,pursuing,,nan
1sya7rz,financial_planning,general_pslf,neutral,pursuing,,nan
1sy91xw,servicer_issues,general_pslf,negative,pursuing,,nan
1sy5uiw,general_question,general_pslf,neutral,pursuing,,nan
1sy5ic0,success_story,general_pslf,very_positive,completed,,nan
1sy5g1b,success_story,general_pslf,very_positive,completed,,nan
1sy4ppe,servicer_issues,general_pslf,neutral,unknown,,nan
1sy4did,general_question,general_pslf,neutral,pursuing,,nan
1sy3y9j,general_question,general_pslf,neutral,pursuing,,nan
1sy2j4c,general_question,general_pslf,neutral,pursuing,,nan
1sy0z0n,financial_planning,general_pslf,neutral,considering,,nan
1sy0q7n,general_question,general_pslf,neutral,pursuing,,nan
1sy0ks7,servicer_issues,general_pslf,positive,pursuing,,nan
1sxy18b,general_question,general_pslf,neutral,pursuing,,nan
1sxq1yw,financial_planning,general_pslf,neutral,pursuing,,nan
1sxpwqm,success_story,general_pslf,very_positive,completed,,nan
1sxlrg9,servicer_issues,general_pslf,negative,pursuing,,nan
1sxjv8c,success_story,general_pslf,positive,completed,,nan
1sxjs1a,servicer_issues,general_pslf,neutral,completed,,nan
1sxjex0,success_story,general_pslf,positive,completed,,nan
1sxir1d,servicer_issues,general_pslf,negative,pursuing,,nan
1sxi2x6,financial_planning,general_pslf,neutral,pursuing,,nan
1sxcccp,servicer_issues,general_pslf,negative,pursuing,,nan
1sxblih,success_story,general_pslf,positive,completed,,nan
1sxah4v,servicer_issues,general_pslf,positive,pursuing,,nan
1sx9k9x,general_question,general_pslf,positive,pursuing,,nan
1sx9ibw,financial_planning,general_pslf,negative,pursuing,,nan
1sx9gq9,parse_error,,parse_error,unknown,"```json
{""pslf_sentiment"": ""negative"", ""primary_topic"": ""financial_planning"", ""pslf_stance"": ""pursuing""}
```",
1sx8cx9,general_question,general_pslf,neutral,considering,,nan
1sx5cbj,servicer_issues,general_pslf,negative,pursuing,,nan
1sx24kd,servicer_issues,general_pslf,neutral,pursuing,,nan
1swskzv,servicer_issues,general_pslf,negative,pursuing,,nan
1swrjvt,servicer_issues,general_pslf,neutral,pursuing,,nan
1swnj42,servicer_issues,general_pslf,neutral,pursuing,,nan
1swn8cd,servicer_issues,general_pslf,negative,pursuing,,nan
1swk3xn,servicer_issues,general_pslf,neutral,completed,,nan
1swjxub,parse_error,,parse_error,unknown,"```json
{""pslf_sentiment"": ""negative"", ""primary_topic"": ""servicer_issues"", ""pslf_stance"": ""pursuing""}
```",
1swftlc,servicer_issues,general_pslf,negative,pursuing,,nan
1sweugz,servicer_issues,general_pslf,negative,pursuing,,nan
1swe9qi,financial_planning,general_pslf,positive,pursuing,,nan
1swaizw,servicer_issues,general_pslf,negative,pursuing,,nan
1sw8qag,general_question,general_pslf,neutral,pursuing,,nan
1svzdi7,success_story,general_pslf,positive,completed,,nan
1bu1ire,servicer_issues,general_pslf,negative,pursuing,,nan
1bpg5jf,policy_uncertainty,general_pslf,negative,pursuing,,nan
1cn525j,success_story,general_pslf,very_positive,completed,,nan
1saif21,policy_uncertainty,general_student_loans,negative,pursuing,,nan
1sqand8,general_question,general_student_loans,negative,considering,,nan
1q4qua2,servicer_issues,general_student_loans,very_negative,pursuing,,nan
1sn3vsj,career_impact,general_student_loans,positive,considering,,nan
1lrkqud,parse_error,,parse_error,unknown,"```json
{""pslf_sentiment"": ""neutral"", ""primary_topic"": ""policy_uncertainty"", ""pslf_stance"": ""unknown""}
```",
1s5fvzd,policy_uncertainty,general_student_loans,neutral,pursuing,,nan
1s8u3a2,policy_uncertainty,general_student_loans,positive,pursuing,,nan
1lyxpot,policy_uncertainty,general_student_loans,positive,unknown,,nan
1lr3h6x,policy_uncertainty,general_student_loans,neutral,unknown,,nan
1s8u2iw,parse_error,,parse_error,unknown,"```json
{""pslf_sentiment"": ""negative"", ""primary_topic"": ""general_question"", ""pslf_stance"": ""pursuing""}
```",
1t21azq,policy_uncertainty,general_student_loans,negative,unknown,,nan
1qjvtqo,financial_planning,general_student_loans,neutral,pursuing,,nan
1s9kzf6,financial_planning,general_student_loans,neutral,pursuing,,nan
1t3m0r5,financial_planning,general_student_loans,positive,pursuing,,nan
1sm85dr,financial_planning,general_student_loans,positive,pursuing,,nan
1lwgwfq,policy_uncertainty,general_student_loans,neutral,pursuing,,nan
1sue66h,financial_planning,general_student_loans,positive,pursuing,,nan
1rwkqno,policy_uncertainty,general_student_loans,negative,pursuing,,nan
1sw71qr,general_question,general_student_loans,neutral,considering,,nan
1r14jbn,career_impact,general_student_loans,neutral,considering,,nan
1s2g9b9,financial_planning,general_student_loans,neutral,considering,,nan
1s8vgh1,general_question,general_student_loans,neutral,rejecting,,nan
1t41u1l,policy_uncertainty,general_student_loans,negative,pursuing,,nan
1sh4az6,parse_error,,parse_error,unknown,"```json
{""pslf_sentiment"": ""neutral"", ""primary_topic"": ""financial_planning"", ""pslf_stance"": ""considering""}
```",
1sdge9n,general_question,general_student_loans,neutral,considering,,nan
1s8vsqy,financial_planning,general_student_loans,neutral,pursuing,,nan
1t0nqmp,financial_planning,general_student_loans,positive,pursuing,,nan
1rwgb1e,success_story,general_student_loans,very_positive,completed,,nan
1szzd8z,policy_uncertainty,general_student_loans,negative,pursuing,,nan
1t27i1p,financial_planning,general_student_loans,neutral,considering,,nan
1mvxtos,general_question,general_student_loans,neutral,rejecting,,nan
1qvmgu3,financial_planning,general_student_loans,positive,pursuing,,nan
1t3rcet,financial_planning,general_student_loans,positive,pursuing,,nan
1kw5wl3,career_impact,general_student_loans,negative,pursuing,,nan
1r52pvw,general_question,general_student_loans,neutral,pursuing,,nan
1q22y9d,financial_planning,general_student_loans,positive,pursuing,,nan
1shuc1s,general_question,general_student_loans,neutral,pursuing,,nan
1ll1uvr,financial_planning,general_student_loans,negative,pursuing,,nan
1shnwv7,financial_planning,general_student_loans,neutral,pursuing,,nan
1smoppd,servicer_issues,general_student_loans,negative,pursuing,,nan
1t3p4xb,financial_planning,general_student_loans,neutral,considering,,nan
1t2vffl,financial_planning,general_student_loans,neutral,considering,,nan
1qibttw,financial_planning,general_student_loans,neutral,pursuing,,nan
1rni9nj,general_question,general_student_loans,negative,considering,,nan
1s84pug,financial_planning,general_student_loans,negative,considering,,nan
1kqmuke,financial_planning,general_student_loans,neutral,considering,,nan
1qw1gl1,success_story,general_student_loans,positive,completed,,nan
1t3r371,general_question,general_student_loans,neutral,pursuing,,nan
1qdpiup,financial_planning,general_student_loans,neutral,considering,,nan
1t10rb7,financial_planning,general_student_loans,neutral,pursuing,,nan
1sxinza,financial_planning,general_student_loans,neutral,pursuing,,nan
1qf3cf2,financial_planning,general_student_loans,neutral,considering,,nan
1sye8s3,general_question,general_student_loans,neutral,pursuing,,nan
1sy4b7p,financial_planning,general_student_loans,neutral,pursuing,,nan
1sqmlce,financial_planning,general_student_loans,neutral,pursuing,,nan
1t2qfr2,parse_error,,parse_error,unknown,"```json
{""pslf_sentiment"": ""positive"", ""primary_topic"": ""financial_planning"", ""pslf_stance"": ""pursuing""}
```",
1sj05mw,financial_planning,general_student_loans,neutral,considering,,nan
1s404g2,general_question,general_student_loans,negative,considering,,nan
1s77273,general_question,general_student_loans,neutral,pursuing,,nan
1svfz2g,servicer_issues,general_student_loans,negative,pursuing,,nan
1r9aztw,parse_error,,parse_error,unknown,"```json
{""pslf_sentiment"": ""negative"", ""primary_topic"": ""financial_planning"", ""pslf_stance"": ""pursuing""}
```",
1ryko1z,general_question,general_student_loans,neutral,considering,,nan
1rltto3,general_question,general_student_loans,neutral,pursuing,,nan
1sneb18,general_question,general_student_loans,positive,considering,,nan
1sb0w0t,financial_planning,general_student_loans,positive,pursuing,,nan
1s5n5ar,financial_planning,general_student_loans,negative,pursuing,,nan
1s7cpyq,career_impact,general_student_loans,positive,pursuing,,nan
1sa1jlu,general_question,general_student_loans,neutral,pursuing,,nan
1s997he,financial_planning,general_student_loans,negative,pursuing,,nan
1sf65pf,general_question,general_student_loans,neutral,pursuing,,nan
1s71f9h,financial_planning,general_student_loans,neutral,considering,,nan
1rtqmif,policy_uncertainty,general_student_loans,negative,pursuing,,nan
1r3cljq,financial_planning,general_student_loans,positive,considering,,nan
1sbe4q0,financial_planning,general_student_loans,neutral,pursuing,,nan
1sh3mv2,general_question,general_student_loans,neutral,pursuing,,nan
1sebqwu,financial_planning,general_student_loans,neutral,rejecting,,nan
1sg4i76,success_story,general_student_loans,positive,pursuing,,nan
1t5epnh,financial_planning,general_student_loans,negative,pursuing,,nan
1rze5q6,general_question,general_student_loans,neutral,pursuing,,nan
1lv0kce,financial_planning,general_student_loans,neutral,unknown,,nan
1se0zax,general_question,general_student_loans,positive,pursuing,,nan
1sa7xzy,general_question,general_student_loans,neutral,pursuing,,nan
1sh766e,financial_planning,general_student_loans,neutral,pursuing,,nan
1s9byht,financial_planning,general_student_loans,neutral,considering,,nan
1ri98cd,general_question,general_student_loans,positive,pursuing,,nan
1s96j4z,financial_planning,general_student_loans,neutral,considering,,nan
1lvuqa4,financial_planning,general_student_loans,neutral,rejecting,,nan
1rcomt2,parse_error,,parse_error,unknown,"```json
{""pslf_sentiment"": ""neutral"", ""primary_topic"": ""financial_planning"", ""pslf_stance"": ""pursuing""}
```",
1pz8wli,policy_uncertainty,general_student_loans,negative,pursuing,,nan
1qziwm5,financial_planning,general_student_loans,neutral,pursuing,,nan
1sa2ql5,financial_planning,general_student_loans,negative,pursuing,,nan
1q5wlk9,financial_planning,general_student_loans,neutral,considering,,nan
1qxtuud,general_question,general_student_loans,neutral,pursuing,,nan
1rusrhx,policy_uncertainty,general_student_loans,neutral,pursuing,,nan
1sgaxfz,servicer_issues,general_student_loans,neutral,pursuing,,nan
1sa31x9,financial_planning,general_student_loans,negative,considering,,nan
1r0d8zx,general_question,general_student_loans,neutral,considering,,nan
1s8cdjw,financial_planning,general_student_loans,neutral,considering,,nan
1s8xrax,financial_planning,general_student_loans,negative,pursuing,,nan
1m94qlb,career_impact,general_student_loans,positive,considering,,nan
1sfdcqh,general_question,general_student_loans,neutral,pursuing,,nan
1s5i4tg,general_question,general_student_loans,neutral,pursuing,,nan
1rcjl6y,success_story,general_student_loans,positive,pursuing,,nan
1rftnkl,financial_planning,general_student_loans,neutral,considering,,nan
1s2gyj5,general_question,general_student_loans,neutral,pursuing,,nan
1ra0v6j,financial_planning,general_student_loans,negative,considering,,nan
1s8u5f7,servicer_issues,general_student_loans,negative,pursuing,,nan
1likktt,policy_uncertainty,general_student_loans,negative,considering,,nan
1ryx0fd,general_question,general_student_loans,neutral,pursuing,,nan
1s6uf7o,financial_planning,general_student_loans,positive,pursuing,,nan
1s5iabt,financial_planning,general_student_loans,neutral,considering,,nan
1qb3zbd,financial_planning,general_student_loans,neutral,pursuing,,nan
1r9lexj,financial_planning,general_student_loans,positive,pursuing,,nan
1roi7io,financial_planning,general_student_loans,neutral,pursuing,,nan
1q0jocb,servicer_issues,general_student_loans,negative,pursuing,,nan
1rf1tgs,financial_planning,general_student_loans,neutral,considering,,nan
1qrrhf9,financial_planning,general_student_loans,neutral,pursuing,,nan
1r4119g,financial_planning,general_student_loans,positive,considering,,nan
1rpes45,financial_planning,general_student_loans,neutral,considering,,nan
1r0epog,general_question,general_student_loans,positive,pursuing,,nan
1rekxkj,financial_planning,general_student_loans,positive,pursuing,,nan
1rvkjl5,servicer_issues,general_student_loans,neutral,unknown,,nan
1rvdgn2,servicer_issues,general_student_loans,neutral,pursuing,,nan
1rk02d8,servicer_issues,general_student_loans,negative,pursuing,,nan
1rr29x5,general_question,general_student_loans,neutral,completed,,nan
1qnwztr,financial_planning,general_student_loans,neutral,pursuing,,nan
1rgioni,servicer_issues,general_student_loans,negative,pursuing,,nan
1kylyyq,financial_planning,general_student_loans,neutral,considering,,nan
1q1ao4c,financial_planning,general_student_loans,neutral,considering,,nan
1qz8ez3,general_question,general_student_loans,neutral,pursuing,,nan
1qy1uqe,general_question,general_student_loans,neutral,pursuing,,nan
1qok6vk,general_question,general_student_loans,neutral,considering,,nan
1r2uaf6,servicer_issues,general_student_loans,negative,pursuing,,nan
1r1etr8,policy_uncertainty,general_student_loans,negative,pursuing,,nan
1qjyidm,general_question,general_student_loans,neutral,pursuing,,nan
1q978ay,servicer_issues,general_student_loans,negative,pursuing,,nan
1qtaqwg,parse_error,,parse_error,unknown,"```json
{""pslf_sentiment"": ""negative"", ""primary_topic"": ""financial_planning"", ""pslf_stance"": ""pursuing""}
```",
1lrqgqc,general_question,general_student_loans,neutral,unknown,,nan
1r3c0x7,general_question,general_student_loans,neutral,pursuing,,nan
1qz6q16,financial_planning,general_student_loans,neutral,considering,,nan
1qdonp7,financial_planning,general_student_loans,positive,pursuing,,nan
1qbd8ug,general_question,general_student_loans,neutral,pursuing,,nan
1qc1i31,financial_planning,general_student_loans,positive,considering,,nan
1qoo346,servicer_issues,general_student_loans,neutral,pursuing,,nan
1qtaplx,success_story,general_student_loans,very_positive,completed,,nan
1qcw2l0,general_question,general_student_loans,neutral,considering,,nan
1q24tbz,financial_planning,general_student_loans,negative,considering,,nan
1q3eq1d,general_question,general_student_loans,neutral,pursuing,,nan
1lvz4ye,general_question,general_student_loans,neutral,unknown,,nan
1qeux64,parse_error,,parse_error,unknown,"```json
{""pslf_sentiment"": ""positive"", ""primary_topic"": ""financial_planning"", ""pslf_stance"": ""pursuing""}
```",
1q4b3pr,frustration_venting,general_student_loans,negative,pursuing,,nan
1m3yuq9,servicer_issues,general_student_loans,negative,pursuing,,nan
1q2hmjs,servicer_issues,general_student_loans,very_negative,completed,,nan
1q3ty9f,general_question,general_student_loans,positive,pursuing,,nan
1q7gpws,financial_planning,general_student_loans,neutral,pursuing,,nan
1pyunxb,general_question,general_student_loans,neutral,pursuing,,nan
1lq369r,policy_uncertainty,general_student_loans,negative,pursuing,,nan
1mmr5rs,financial_planning,general_student_loans,neutral,considering,,nan
1l5rlec,policy_uncertainty,general_student_loans,positive,pursuing,,nan
1l7jspd,financial_planning,general_student_loans,neutral,considering,,nan
1m7fnqi,financial_planning,general_student_loans,neutral,considering,,nan
1lzan85,general_question,general_student_loans,neutral,rejecting,,nan
1mbk3z3,policy_uncertainty,general_student_loans,neutral,pursuing,,nan
1s9fxf7,financial_planning,general_student_loans,neutral,pursuing,,nan
1rx3slr,success_story,general_student_loans,very_positive,completed,,nan
1lrk4vb,general_question,general_student_loans,neutral,pursuing,,nan
1t5n3qy,parse_error,,parse_error,unknown,"```json
{""pslf_sentiment"": ""neutral"", ""primary_topic"": ""general_question"", ""pslf_stance"": ""pursuing""}
```",
1t5fy92,financial_planning,general_student_loans,neutral,unknown,,nan
1t5dw40,financial_planning,general_student_loans,positive,considering,,nan
1t4zzlj,financial_planning,general_student_loans,negative,pursuing,,nan
1t4zq8h,financial_planning,general_student_loans,neutral,rejecting,,nan
1t4ti7k,general_question,general_student_loans,neutral,unknown,,nan
1t4ridu,financial_planning,general_student_loans,positive,pursuing,,nan
1t4mj8p,servicer_issues,general_student_loans,positive,pursuing,,nan
1t4d0ym,policy_uncertainty,general_student_loans,negative,rejecting,,nan
1t46r8v,general_question,general_student_loans,neutral,pursuing,,nan
1t35snr,financial_planning,general_student_loans,positive,pursuing,,nan
1t33p1c,financial_planning,general_student_loans,neutral,considering,,nan
1t2pwk4,servicer_issues,general_student_loans,neutral,pursuing,,nan
1t22juu,financial_planning,general_student_loans,positive,pursuing,,nan
1t20m51,career_impact,general_student_loans,positive,considering,,nan
1t1t2ok,financial_planning,general_student_loans,neutral,considering,,nan
1t17tck,financial_planning,general_student_loans,positive,pursuing,,nan
1t0wpwn,financial_planning,general_student_loans,neutral,rejecting,,nan
1t0w4kv,servicer_issues,general_student_loans,neutral,pursuing,,nan
1t0pmz3,parse_error,,parse_error,unknown,"```json
{""pslf_sentiment"": ""negative"", ""primary_topic"": ""policy_uncertainty"", ""pslf_stance"": ""pursuing""}
```",
1t0kouf,servicer_issues,general_student_loans,negative,pursuing,,nan
1t0j09u,servicer_issues,general_student_loans,neutral,pursuing,,nan
1t011m5,servicer_issues,general_student_loans,neutral,pursuing,,nan
1szgtax,financial_planning,general_student_loans,neutral,considering,,nan
1szd7ys,financial_planning,general_student_loans,negative,pursuing,,nan
1szbfxa,servicer_issues,general_student_loans,negative,pursuing,,nan
1sz9b2z,financial_planning,general_student_loans,neutral,rejecting,,nan
1syz11l,financial_planning,general_student_loans,neutral,considering,,nan
1symb1l,financial_planning,general_student_loans,neutral,pursuing,,nan
1syldkr,general_question,general_student_loans,negative,pursuing,,nan
1syisc1,general_question,general_student_loans,neutral,considering,,nan
1sycbb3,financial_planning,general_student_loans,positive,pursuing,,nan
1sybbkn,servicer_issues,general_student_loans,neutral,considering,,nan
1sy8mn8,financial_planning,general_student_loans,neutral,pursuing,,nan
1sy7bo1,financial_planning,general_student_loans,positive,pursuing,,nan
1sxhfg0,servicer_issues,general_student_loans,negative,pursuing,,nan
1sxfp3q,financial_planning,general_student_loans,neutral,pursuing,,nan
1sxd5bo,financial_planning,general_student_loans,neutral,pursuing,,nan
1sxbtur,financial_planning,general_student_loans,neutral,rejecting,,nan
1sx38wy,servicer_issues,general_student_loans,negative,pursuing,,nan
1swg5an,parse_error,,parse_error,unknown,"```json
{""pslf_sentiment"": ""neutral"", ""primary_topic"": ""financial_planning"", ""pslf_stance"": ""considering""}
```",
1swfwbf,financial_planning,general_student_loans,positive,pursuing,,nan
1svkbe8,financial_planning,general_student_loans,neutral,unknown,,nan
1sv6h6e,financial_planning,general_student_loans,neutral,considering,,nan
1sv4kfc,general_question,general_student_loans,neutral,considering,,nan
1su4fl2,parse_error,,parse_error,unknown,"```json
{""pslf_sentiment"": ""negative"", ""primary_topic"": ""financial_planning"", ""pslf_stance"": ""considering""}
```",
1stqywc,policy_uncertainty,general_student_loans,positive,considering,,nan
1stlngz,servicer_issues,general_student_loans,negative,pursuing,,nan
1ssw8tj,servicer_issues,general_student_loans,negative,pursuing,,nan
1ssucry,servicer_issues,general_student_loans,negative,pursuing,,nan
1ssta9p,financial_planning,general_student_loans,neutral,considering,,nan
1ssryva,financial_planning,general_student_loans,positive,pursuing,,nan
1ss9gic,financial_planning,general_student_loans,positive,pursuing,,nan
1srufjy,financial_planning,general_student_loans,negative,rejecting,,nan
1srqx54,financial_planning,general_student_loans,positive,pursuing,,nan
1srn6ky,financial_planning,general_student_loans,neutral,pursuing,,nan
1srgysi,financial_planning,general_student_loans,negative,rejecting,,nan
1srcom8,general_question,general_student_loans,neutral,pursuing,,nan
1sqyjtz,financial_planning,general_student_loans,neutral,pursuing,,nan
1squ8l9,servicer_issues,general_student_loans,negative,pursuing,,nan
1sqp0l9,financial_planning,general_student_loans,neutral,considering,,nan
1sq6cv8,servicer_issues,general_student_loans,negative,pursuing,,nan
1sp1sfy,general_question,general_student_loans,neutral,pursuing,,nan
1so7eb3,parse_error,,parse_error,unknown,"```json
{""pslf_sentiment"": ""positive"", ""primary_topic"": ""financial_planning"", ""pslf_stance"": ""pursuing""}
```",
1so2jeb,financial_planning,general_student_loans,neutral,pursuing,,nan
1sn591i,financial_planning,general_student_loans,negative,rejecting,,nan
1sn1c4f,servicer_issues,general_student_loans,neutral,pursuing,,nan
1smksp8,servicer_issues,general_student_loans,negative,considering,,nan
1smdc0v,policy_uncertainty,general_student_loans,neutral,unknown,,nan
1slwvny,financial_planning,general_student_loans,neutral,unknown,,nan
1slc1x1,general_question,general_student_loans,neutral,pursuing,,nan
1slbrm0,policy_uncertainty,general_student_loans,negative,considering,,nan
1sla8ri,general_question,general_student_loans,neutral,pursuing,,nan
1skzl7v,financial_planning,general_student_loans,neutral,pursuing,,nan
1sktke3,financial_planning,general_student_loans,neutral,pursuing,,nan
1sks0fl,financial_planning,general_student_loans,neutral,rejecting,,nan
1sjx0j5,financial_planning,general_student_loans,neutral,pursuing,,nan
1sjutme,financial_planning,general_student_loans,positive,pursuing,,nan
1sjo34x,financial_planning,general_student_loans,neutral,rejecting,,nan
1sjl4te,financial_planning,general_student_loans,neutral,pursuing,,nan
1sjgfpl,servicer_issues,general_student_loans,neutral,pursuing,,nan
1sjegvn,general_question,general_student_loans,negative,considering,,nan
1sirlqq,financial_planning,general_student_loans,neutral,pursuing,,nan
1sikkte,financial_planning,general_student_loans,positive,pursuing,,nan
1shusvv,financial_planning,general_student_loans,positive,pursuing,,nan
1shtwnj,servicer_issues,general_student_loans,neutral,pursuing,,nan
1shtqyu,policy_uncertainty,general_student_loans,negative,pursuing,,nan
1shsba2,general_question,general_student_loans,neutral,pursuing,,nan
1shbdxn,financial_planning,general_student_loans,neutral,pursuing,,nan
1sgykeq,financial_planning,general_student_loans,neutral,pursuing,,nan
1sgvv0q,financial_planning,general_student_loans,neutral,pursuing,,nan
1sgufey,general_question,general_student_loans,neutral,pursuing,,nan
1sge8he,financial_planning,general_student_loans,neutral,unknown,,nan
1sgbb73,financial_planning,general_student_loans,neutral,pursuing,,nan
1sgb2m2,financial_planning,general_student_loans,positive,considering,,nan
1sgavjl,policy_uncertainty,general_student_loans,positive,considering,,nan
1sg7vt7,servicer_issues,general_student_loans,negative,pursuing,,nan
1sg1o4n,parse_error,,parse_error,unknown,"```json
{""pslf_sentiment"": ""neutral"", ""primary_topic"": ""financial_planning"", ""pslf_stance"": ""considering""}
```",
1sg0los,general_question,general_student_loans,neutral,pursuing,,nan
1sfxzq0,policy_uncertainty,general_student_loans,negative,pursuing,,nan
1sfufl1,financial_planning,general_student_loans,neutral,pursuing,,nan
1sfs72j,financial_planning,general_student_loans,neutral,rejecting,,nan
1sffg8v,financial_planning,general_student_loans,neutral,rejecting,,nan
1sfc8fl,financial_planning,general_student_loans,neutral,pursuing,,nan
1sf8ryu,financial_planning,general_student_loans,neutral,considering,,nan
1sf3xxz,financial_planning,general_student_loans,positive,pursuing,,nan
1sen7jd,financial_planning,general_student_loans,negative,pursuing,,nan
1semng2,financial_planning,general_student_loans,neutral,rejecting,,nan
1sej2a1,financial_planning,general_student_loans,neutral,rejecting,,nan
1se9a0m,financial_planning,general_student_loans,positive,pursuing,,nan
1se5e9y,financial_planning,general_student_loans,neutral,unknown,,nan
1se26pe,policy_uncertainty,general_student_loans,negative,considering,,nan
1sdzkdp,financial_planning,general_student_loans,positive,pursuing,,nan
1sdypnl,financial_planning,general_student_loans,negative,rejecting,,nan
1sduegb,financial_planning,general_student_loans,positive,pursuing,,nan
1sd5pho,financial_planning,general_student_loans,neutral,pursuing,,nan
1sd3s0i,financial_planning,general_student_loans,neutral,pursuing,,nan
1sd2dzi,financial_planning,general_student_loans,neutral,completed,,nan
1sd00p0,financial_planning,general_student_loans,neutral,considering,,nan
1scmdz9,servicer_issues,general_student_loans,positive,pursuing,,nan
1scif1p,general_question,general_student_loans,neutral,considering,,nan
1scf932,financial_planning,general_student_loans,negative,pursuing,,nan
1scf028,financial_planning,general_student_loans,positive,pursuing,,nan
1scbx40,financial_planning,general_student_loans,neutral,considering,,nan
1sbmkc1,general_question,general_student_loans,neutral,pursuing,,nan
1sbkrms,financial_planning,general_student_loans,neutral,considering,,nan
1sbikpf,financial_planning,general_student_loans,negative,pursuing,,nan
1sbhjb6,servicer_issues,general_student_loans,positive,pursuing,,nan
1sbgrg1,career_impact,general_student_loans,neutral,considering,,nan
1sbeltv,servicer_issues,general_student_loans,negative,pursuing,,nan
1saw20h,general_question,general_student_loans,neutral,pursuing,,nan
1sasdgi,financial_planning,general_student_loans,positive,pursuing,,nan
1samrld,financial_planning,general_student_loans,neutral,rejecting,,nan
1sall65,parse_error,,parse_error,unknown,"```json
{""pslf_sentiment"": ""neutral"", ""primary_topic"": ""financial_planning"", ""pslf_stance"": ""pursuing""}
```",
1salisa,parse_error,,parse_error,unknown,"```json
{""pslf_sentiment"": ""negative"", ""primary_topic"": ""policy_uncertainty"", ""pslf_stance"": ""rejecting""}
```",
1sajqlh,general_question,general_student_loans,neutral,unknown,,nan
1saicvv,financial_planning,general_student_loans,neutral,pursuing,,nan
1sai1rk,financial_planning,general_student_loans,positive,considering,,nan
1sagkj3,financial_planning,general_student_loans,neutral,pursuing,,nan
1sa91nd,financial_planning,general_student_loans,neutral,pursuing,,nan
1s9w9l0,financial_planning,general_student_loans,neutral,rejecting,,nan
1s9w821,parse_error,,parse_error,unknown,"```json
{""pslf_sentiment"": ""positive"", ""primary_topic"": ""financial_planning"", ""pslf_stance"": ""pursuing""}
```",
1s9upj3,financial_planning,general_student_loans,neutral,unknown,,nan
1s9twj9,financial_planning,general_student_loans,neutral,rejecting,,nan
1s9tn8y,financial_planning,general_student_loans,neutral,rejecting,,nan
1s9syj5,financial_planning,general_student_loans,negative,pursuing,,nan
1s9shd5,financial_planning,general_student_loans,positive,pursuing,,nan
1s9shcq,financial_planning,general_student_loans,positive,pursuing,,nan
1s9r3n0,financial_planning,general_student_loans,neutral,rejecting,,nan
1s9qwnn,servicer_issues,general_student_loans,negative,pursuing,,nan
1s9pvtc,policy_uncertainty,general_student_loans,negative,rejecting,,nan
1s9khd7,servicer_issues,general_student_loans,negative,pursuing,,nan
1s9j5p9,financial_planning,general_student_loans,negative,pursuing,,nan
1s9j040,general_question,general_student_loans,neutral,considering,,nan
1s9idzt,financial_planning,general_student_loans,neutral,pursuing,,nan
1s9g93a,financial_planning,general_student_loans,neutral,pursuing,,nan
1s9a3uu,servicer_issues,general_student_loans,negative,pursuing,,nan
1s99e9h,policy_uncertainty,general_student_loans,negative,considering,,nan
1s96vm6,policy_uncertainty,general_student_loans,negative,pursuing,,nan
1s96s0p,parse_error,,parse_error,unknown,"```json
{""pslf_sentiment"": ""very_negative"", ""primary_topic"": ""servicer_issues"", ""pslf_stance"": ""pursuing""}
```",
1s8zejo,financial_planning,general_student_loans,negative,considering,,nan
1s8zbah,financial_planning,general_student_loans,neutral,pursuing,,nan
1s8ufkp,policy_uncertainty,general_student_loans,negative,pursuing,,nan
1s8rb56,general_question,general_student_loans,neutral,considering,,nan
1s89qe1,general_question,general_student_loans,neutral,unknown,,nan
1s8148m,financial_planning,general_student_loans,neutral,unknown,,nan
1s7yoft,policy_uncertainty,general_student_loans,negative,considering,,nan
1s7yhh1,financial_planning,general_student_loans,positive,pursuing,,nan
1s7wapy,financial_planning,general_student_loans,positive,pursuing,,nan
1s7v5u1,financial_planning,general_student_loans,neutral,pursuing,,nan
1s7tshh,financial_planning,general_student_loans,negative,pursuing,,nan
1s7t2ql,servicer_issues,general_student_loans,negative,considering,,nan
1s7sb5o,financial_planning,general_student_loans,neutral,rejecting,,nan
1s7rjiu,financial_planning,general_student_loans,positive,pursuing,,nan
1s7reqc,financial_planning,general_student_loans,positive,pursuing,,nan
1s7p4n1,policy_uncertainty,general_student_loans,negative,considering,,nan
1s7grxa,financial_planning,general_student_loans,neutral,considering,,nan
1s7e6i8,financial_planning,general_student_loans,positive,pursuing,,nan
1s777ak,policy_uncertainty,general_student_loans,neutral,pursuing,,nan
1s7318d,financial_planning,general_student_loans,neutral,pursuing,,nan
1s71tz7,financial_planning,general_student_loans,positive,pursuing,,nan
1s6yeop,servicer_issues,general_student_loans,negative,pursuing,,nan
1s6xe00,servicer_issues,general_student_loans,neutral,pursuing,,nan
1s6wbmn,financial_planning,general_student_loans,positive,pursuing,,nan
1axc5oc,frustration_venting,general_student_loans,very_negative,pursuing,,nan
1hil59y,success_story,general_student_loans,very_positive,completed,,nan
123tk4m,success_story,general_student_loans,positive,completed,,nan
199rcm3,success_story,general_student_loans,very_positive,completed,,nan
1bwq049,financial_planning,general_student_loans,neutral,considering,,nan
1rjynvp,general_question,general_student_loans,positive,considering,,nan
1sat8nn,general_question,general_student_loans,neutral,considering,,nan
1roitjl,general_question,general_student_loans,neutral,pursuing,,nan
1qrbv3f,success_story,general_student_loans,positive,completed,,nan
1qlult2,general_question,general_student_loans,positive,considering,,nan
1munzbc,servicer_issues,general_student_loans,negative,unknown,,nan
1mbqm64,financial_planning,general_student_loans,neutral,considering,,nan
1mo7t46,financial_planning,general_student_loans,neutral,considering,,nan
1moj4o2,general_question,general_student_loans,neutral,unknown,,nan
1lg40pq,financial_planning,general_student_loans,negative,considering,,nan
1mb0u4b,financial_planning,general_student_loans,positive,pursuing,,nan
1m7l90v,financial_planning,general_student_loans,negative,pursuing,,nan
1s9tx5t,financial_planning,general_student_loans,neutral,unknown,,nan
1ry6gwb,general_question,general_student_loans,neutral,unknown,,nan
1kt5r83,policy_uncertainty,general_student_loans,negative,unknown,,nan
1r3pi1x,financial_planning,general_student_loans,neutral,unknown,,nan
1kvm34m,policy_uncertainty,medical,very_negative,pursuing,,nan
1qkswum,general_question,medical,positive,considering,,nan
1m1b0ct,financial_planning,medical,positive,considering,,nan
1s9p3ne,financial_planning,medical,negative,rejecting,,nan
1lmr7r7,policy_uncertainty,medical,negative,pursuing,,nan
1r750lv,career_impact,medical,negative,considering,,nan
1l7jxkj,policy_uncertainty,medical,negative,considering,,nan
1mk76ax,financial_planning,medical,positive,pursuing,,nan
1m1anve,policy_uncertainty,medical,negative,considering,,nan
1m01pq0,financial_planning,medical,neutral,unknown,,nan
1rcqmt3,financial_planning,medical,neutral,pursuing,,nan
1m3hjx0,financial_planning,medical,negative,considering,,nan
1lzxd3m,financial_planning,medical,neutral,rejecting,,nan
1m5j5fv,policy_uncertainty,medical,neutral,rejecting,,nan
1kqa8qk,financial_planning,medical,neutral,considering,,nan
1l4lu36,financial_planning,medical,negative,considering,,nan
1ky95ok,policy_uncertainty,medical,positive,pursuing,,nan
1kkp9cs,financial_planning,medical,positive,pursuing,,nan
1guf3nv,career_impact,medical,positive,considering,,nan
1hn3h95,career_impact,medical,positive,pursuing,,nan
1c0ywpz,general_question,medical,neutral,pursuing,,nan
n52vuz,career_impact,medical,neutral,considering,,nan
10scydg,general_question,medical,neutral,considering,,nan
z5k6vx,servicer_issues,medical,negative,pursuing,,nan
10vkb5k,financial_planning,medical,positive,pursuing,,nan
121ndol,financial_planning,medical,neutral,pursuing,,nan
ndc1yq,career_impact,medical,neutral,considering,,nan
mswb6s,career_impact,medical,neutral,considering,,nan
1gsqang,success_story,medical,positive,considering,,nan
gu18l9,general_question,medical,neutral,considering,,nan
l2orcf,general_question,medical,neutral,pursuing,,nan
ld9eos,servicer_issues,medical,neutral,pursuing,,nan
kqr4jr,general_question,medical,neutral,pursuing,,nan
nn1cxk,servicer_issues,medical,negative,pursuing,,nan
g4yld1,career_impact,medical,positive,pursuing,,nan
11w99dm,career_impact,medical,negative,unknown,,nan
1b4cac1,career_impact,medical,positive,pursuing,,nan
1h5bs2y,policy_uncertainty,medical,negative,considering,,nan
113g319,career_impact,medical,positive,considering,,nan
1hr9gym,financial_planning,medical,neutral,considering,,nan
1gq6m4x,policy_uncertainty,medical,negative,rejecting,,nan
n3notz,career_impact,medical,negative,rejecting,,nan
1ceohwl,career_impact,medical,neutral,considering,,nan
1cew8gd,career_impact,medical,positive,pursuing,,nan
z6xjh7,parse_error,,parse_error,unknown,"```json
{""pslf_sentiment"": ""neutral"", ""primary_topic"": ""career_impact"", ""pslf_stance"": ""rejecting""}
```",
k3en1b,career_impact,medical,positive,pursuing,,nan
1aoyl16,financial_planning,medical,neutral,considering,,nan
ajwmi9,financial_planning,medical,positive,pursuing,,nan
mk31nr,financial_planning,medical,positive,pursuing,,nan
mxycs7,financial_planning,medical,neutral,considering,,nan
1268ctk,parse_error,,parse_error,unknown,"```json
{""pslf_sentiment"": ""neutral"", ""primary_topic"": ""financial_planning"", ""pslf_stance"": ""pursuing""}
```",
mbgdk0,financial_planning,medical,negative,considering,,nan
o7vjmy,career_impact,medical,negative,considering,,nan
le2qle,career_impact,medical,neutral,pursuing,,nan
zdr8mu,servicer_issues,medical,negative,pursuing,,nan
nhczkl,general_question,medical,neutral,unknown,,nan
grrmiw,financial_planning,medical,neutral,pursuing,,nan
1rns6jo,servicer_issues,medical,negative,pursuing,,nan
1rn9aru,financial_planning,medical,neutral,pursuing,,nan
kya9uq,financial_planning,medical,neutral,unknown,,nan
1grfork,financial_planning,medical,neutral,considering,,nan
1modm95,servicer_issues,medical,neutral,pursuing,,nan
1pzp3v5,financial_planning,medical,neutral,unknown,,nan
1kq2h4h,general_question,medical,positive,considering,,nan
1lqzl3r,policy_uncertainty,medical,neutral,pursuing,,nan
1ltw9pc,financial_planning,medical,positive,pursuing,,nan
1lb9czw,policy_uncertainty,medical,very_negative,pursuing,,nan
1bv3923,general_question,medical,positive,considering,,nan
1lj22na,financial_planning,medical,neutral,considering,,nan
1c8epn8,financial_planning,medical,neutral,considering,,nan
11szjf9,financial_planning,medical,neutral,unknown,,nan
z3oxup,general_question,medical,neutral,considering,,nan
nga9wq,general_question,medical,neutral,unknown,,nan
7lkr5g,financial_planning,medical,positive,pursuing,,nan
6oo4l6,financial_planning,medical,neutral,unknown,,nan
6l92w6,financial_planning,medical,negative,considering,,nan
6cjken,policy_uncertainty,medical,negative,considering,,nan
3ayj5c,financial_planning,medical,neutral,considering,,nan
36uwi3,general_question,medical,neutral,considering,,nan
1lr3fg6,parse_error,,parse_error,unknown,"```json
{""pslf_sentiment"": ""neutral"", ""primary_topic"": ""policy_uncertainty"", ""pslf_stance"": ""unknown""}
```",
3x45th,career_impact,medical,neutral,unknown,,nan
1mgk0gl,financial_planning,medical,neutral,unknown,,nan
1kszqxx,policy_uncertainty,medical,negative,considering,,nan
8c0umd,financial_planning,medical,neutral,considering,,nan
l0eblq,financial_planning,medical,neutral,unknown,,nan
8ljm4a,financial_planning,medical,neutral,unknown,,nan
7ppic8,career_impact,medical,positive,considering,,nan
1r3xu4z,career_impact,nursing,neutral,considering,,nan
rxnm1e,career_impact,nursing,positive,pursuing,,nan
1hhz34l,career_impact,nursing,neutral,considering,,nan
1c6921q,career_impact,nursing,negative,pursuing,,nan
1rzr63s,success_story,nursing,very_positive,completed,,nan
1mlq12n,general_question,nursing,neutral,unknown,,nan
s40t0l,policy_uncertainty,nursing,positive,considering,,nan
1r3tlgw,financial_planning,nursing,neutral,considering,,nan
1mvu5go,policy_uncertainty,teaching,very_negative,pursuing,,nan
1mtt76m,career_impact,teaching,negative,rejecting,,nan
1glr1gs,policy_uncertainty,teaching,negative,pursuing,,nan
11ptr4f,financial_planning,teaching,negative,pursuing,,nan
zesf60,financial_planning,teaching,positive,considering,,nan
frbjwb,general_question,teaching,neutral,pursuing,,nan
ft3cj2,servicer_issues,teaching,negative,pursuing,,nan
frf8lt,general_question,teaching,neutral,pursuing,,nan
fqcnri,policy_uncertainty,teaching,positive,pursuing,,nan
avkrjn,general_question,teaching,neutral,considering,,nan
1aof3k4,career_impact,teaching,negative,pursuing,,nan
zv2t3g,career_impact,teaching,neutral,completed,,nan
18ue2sa,general_question,teaching,positive,pursuing,,nan
1bajmpv,career_impact,teaching,positive,pursuing,,nan
1gtmi28,career_impact,teaching,negative,rejecting,,nan
1h76i1l,general_question,teaching,neutral,considering,,nan
1aiyv2b,career_impact,teaching,positive,completed,,nan
ehbwer,general_question,teaching,neutral,unknown,,nan
10a1jh0,general_question,teaching,neutral,unknown,,nan
hsfl54,policy_uncertainty,teaching,negative,pursuing,,nan
hn4bwe,servicer_issues,teaching,negative,pursuing,,nan
fmz5ml,general_question,teaching,neutral,unknown,,nan
grsak2,general_question,teaching,neutral,unknown,,nan
enxm2x,general_question,teaching,negative,considering,,nan
diivwd,career_impact,teaching,neutral,pursuing,,nan
cmtgty,general_question,teaching,neutral,pursuing,,nan
dbir51,servicer_issues,teaching,negative,pursuing,,nan
zxihjz,general_question,teaching,neutral,unknown,,nan
8x6b7e,general_question,teaching,neutral,pursuing,,nan
lc2id9,general_question,teaching,negative,considering,,nan
etc6zr,general_question,teaching,neutral,considering,,nan
b4cuuf,general_question,teaching,neutral,unknown,,nan
jefa1z,general_question,teaching,neutral,considering,,nan
dbkxph,general_question,teaching,neutral,considering,,nan
gpsrj1,career_impact,teaching,positive,pursuing,,nan
1h6oxs6,policy_uncertainty,teaching,negative,unknown,,nan
lcpynj,policy_uncertainty,teaching,negative,pursuing,,nan
4avczv,general_question,teaching,neutral,unknown,,nan
hwudzn,servicer_issues,teaching,positive,pursuing,,nan
eyga3u,general_question,teaching,neutral,pursuing,,nan
bprvmh,general_question,teaching,neutral,unknown,,nan
bq9b2g,general_question,teaching,neutral,unknown,,nan
z9a985,success_story,teaching,very_positive,completed,,nan
1h62529,general_question,teaching,neutral,unknown,,nan
1gmoreu,general_question,teaching,neutral,unknown,,nan
1h8i0ry,financial_planning,teaching,positive,considering,,nan
1c82jyb,general_question,teaching,neutral,considering,,nan
1c44pog,general_question,teaching,neutral,unknown,,nan
1c0kn8x,general_question,teaching,neutral,unknown,,nan
1be89fu,general_question,teaching,neutral,unknown,,nan
196rw5h,general_question,teaching,neutral,unknown,,nan
194kiaj,general_question,teaching,neutral,unknown,,nan
193qq7w,servicer_issues,teaching,negative,unknown,,nan
18yuv71,general_question,teaching,neutral,unknown,,nan
11ndtil,servicer_issues,teaching,neutral,unknown,,nan
zkdve7,servicer_issues,teaching,very_negative,unknown,,nan
za9hj2,general_question,teaching,neutral,unknown,,nan
nbmg9x,general_question,teaching,neutral,considering,,nan
l8z02p,success_story,teaching,neutral,unknown,,nan
kxk8fx,success_story,teaching,positive,pursuing,,nan
knvq88,general_question,teaching,neutral,considering,,nan
kmm047,general_question,teaching,neutral,unknown,,nan
ht06nx,general_question,teaching,neutral,considering,,nan
hj3foq,servicer_issues,teaching,neutral,unknown,,nan
heeutr,success_story,teaching,very_positive,completed,,nan
1c3f0sd,general_question,law,neutral,unknown,,nan
1l7mqhg,policy_uncertainty,social_work,negative,pursuing,,nan
1l8e1r6,career_impact,social_work,negative,pursuing,,nan
1ma4elt,financial_planning,social_work,positive,pursuing,,nan
ry6iwu,career_impact,social_work,positive,considering,,nan
hrfedj,policy_uncertainty,social_work,negative,rejecting,,nan
i1ailk,general_question,social_work,neutral,considering,,nan
ffa1ky,general_question,social_work,neutral,considering,,nan
jotc5o,career_impact,social_work,positive,pursuing,,nan
hnpsgj,career_impact,social_work,neutral,unknown,,nan
jr2zlk,career_impact,social_work,neutral,pursuing,,nan
znel9p,general_question,social_work,neutral,unknown,,nan
11ebd9w,general_question,social_work,neutral,unknown,,nan
1mk4aqf,career_impact,federal_employee,positive,pursuing,,nan
1kr2f2q,general_question,federal_employee,neutral,unknown,,nan
1am79mg,servicer_issues,federal_employee,neutral,pursuing,,nan
1abv40m,career_impact,federal_employee,positive,pursuing,,nan
1bfciqt,financial_planning,federal_employee,positive,considering,,nan
zuoy29,financial_planning,federal_employee,positive,pursuing,,nan
1mjjbuy,general_question,federal_employee,neutral,pursuing,,nan
1hgea68,servicer_issues,federal_employee,neutral,unknown,,nan
aewq3g,financial_planning,pharmacy,neutral,unknown,,nan
1qi2jsv,general_question,physician_assistant,neutral,considering,,nan
1mbu6j1,general_question,physician_assistant,neutral,considering,,nan
1mw084h,financial_planning,physician_assistant,negative,considering,,nan
1lyxnk8,career_impact,physician_assistant,positive,pursuing,,nan
1rrjphg,financial_planning,physician_assistant,positive,pursuing,,nan
1qqz1sk,career_impact,physician_assistant,neutral,pursuing,,nan
1rrsv2k,career_impact,physician_assistant,negative,considering,,nan
1roj0vp,general_question,physician_assistant,neutral,unknown,,nan
1s7yk5a,financial_planning,physician_assistant,negative,rejecting,,nan
1kyke9e,policy_uncertainty,physician_assistant,negative,considering,,nan
1qpv6gf,career_impact,physician_assistant,negative,considering,,nan
1sn5na8,career_impact,physician_assistant,positive,considering,,nan
1me8w58,general_question,physician_assistant,neutral,rejecting,,nan
1rwsdnm,career_impact,physician_assistant,positive,pursuing,,nan
1suysvw,parse_error,,parse_error,unknown,"```json
{""pslf_sentiment"": ""positive"", ""primary_topic"": ""career_impact"", ""pslf_stance"": ""considering""}
```",
1stmc97,parse_error,,parse_error,unknown,"```json
{""pslf_sentiment"": ""positive"", ""primary_topic"": ""career_impact"", ""pslf_stance"": ""considering""}
```",
1s9wmx8,career_impact,physician_assistant,neutral,considering,,nan
1ry78lo,career_impact,physician_assistant,neutral,rejecting,,nan
1q4bwu6,career_impact,physician_assistant,positive,pursuing,,nan
1qjjj5i,career_impact,physician_assistant,positive,pursuing,,nan
1r17p3p,financial_planning,physician_assistant,neutral,rejecting,,nan
1rl2yln,parse_error,,parse_error,unknown,"```json
{""pslf_sentiment"": ""neutral"", ""primary_topic"": ""career_impact"", ""pslf_stance"": ""pursuing""}
```",
1mcvs95,policy_uncertainty,physician_assistant,negative,considering,,nan
1pyxl9c,career_impact,physician_assistant,neutral,pursuing,,nan
1mwnhmo,financial_planning,physician_assistant,negative,considering,,nan
1laomqg,parse_error,,parse_error,unknown,"```json
{""pslf_sentiment"": ""negative"", ""primary_topic"": ""financial_planning"", ""pslf_stance"": ""pursuing""}
```",
1kj2kd6,career_impact,physician_assistant,positive,considering,,nan
1hhcmez,career_impact,physician_assistant,positive,pursuing,,nan
18usimu,career_impact,physician_assistant,positive,considering,,nan
1hqhkcj,career_impact,physician_assistant,positive,considering,,nan
1h4kogf,policy_uncertainty,physician_assistant,negative,considering,,nan
1gt2rw9,career_impact,physician_assistant,neutral,unknown,,nan
18yrh88,financial_planning,physician_assistant,neutral,considering,,nan
1hk73rd,general_question,physician_assistant,positive,pursuing,,nan
1gwlqfy,career_impact,physician_assistant,negative,pursuing,,nan
1gwzm48,parse_error,,parse_error,unknown,"```json
{""pslf_sentiment"": ""positive"", ""primary_topic"": ""career_impact"", ""pslf_stance"": ""pursuing""}
```",
1gm5vtf,career_impact,physician_assistant,positive,considering,,nan
1abk2ac,career_impact,physician_assistant,neutral,considering,,nan
1ago85u,parse_error,,parse_error,unknown,"```json
{""pslf_sentiment"": ""neutral"", ""primary_topic"": ""career_impact"", ""pslf_stance"": ""unknown""}
```",
1avq359,career_impact,physician_assistant,positive,considering,,nan
zs2gsr,general_question,physician_assistant,neutral,considering,,nan
mt53ce,financial_planning,physician_assistant,neutral,considering,,nan
10vnm1q,parse_error,,parse_error,unknown,"Looking at this post about a PA considering a job change from orthopedic trauma to rheumatology, I can analyze the PSLF-related sentiment and context:

The poster mentions their current nonprofit job ",
11site3,general_question,physician_assistant,neutral,unknown,,nan
1mhusq5,general_question,physician_assistant,neutral,considering,,nan
1suxpup,financial_planning,physician_assistant,neutral,unknown,,nan
1mdaafx,general_question,physician_assistant,neutral,unknown,,nan
111taam,general_question,physician_assistant,neutral,considering,,nan
jxbtbg,financial_planning,physician_assistant,neutral,unknown,,nan
1cbpeg4,financial_planning,physician_assistant,neutral,unknown,,nan
10fm957,career_impact,physician_assistant,neutral,considering,,nan
lght73,general_question,physician_assistant,neutral,considering,,nan
1lr57mp,financial_planning,physician_assistant,neutral,unknown,,nan
1l4vmi2,general_question,physician_assistant,neutral,unknown,,nan
1q4pa7e,financial_planning,physician_assistant,neutral,unknown,,nan
1l775yb,financial_planning,physician_assistant,neutral,unknown,,nan
1lokjub,career_impact,physician_assistant,neutral,unknown,,nan
1l8vfzu,parse_error,,parse_error,unknown,"```json
{""pslf_sentiment"": ""neutral"", ""primary_topic"": ""career_impact"", ""pslf_stance"": ""pursuing""}
```",
1h871nl,career_impact,physician_assistant,neutral,unknown,,nan
1mv5bs2,financial_planning,occupational_therapy,positive,pursuing,,nan
1l1qfdh,financial_planning,occupational_therapy,negative,rejecting,,nan
1gwu95j,career_impact,occupational_therapy,positive,considering,,nan
1hsgudq,financial_planning,occupational_therapy,neutral,unknown,,nan
1ce8axi,career_impact,occupational_therapy,positive,considering,,nan
190irms,financial_planning,occupational_therapy,neutral,considering,,nan
1qv6byn,career_impact,speech_language_pathology,positive,pursuing,,nan
1q6qrs7,general_question,speech_language_pathology,positive,considering,,nan
1mqn5fi,general_question,speech_language_pathology,negative,rejecting,,nan
1sgalyb,career_impact,speech_language_pathology,positive,pursuing,,nan
1qflxad,career_impact,speech_language_pathology,positive,pursuing,,nan
1ksaesz,career_impact,speech_language_pathology,positive,pursuing,,nan
1buw30w,general_question,speech_language_pathology,neutral,considering,,nan
1bhghhk,general_question,speech_language_pathology,neutral,pursuing,,nan
19471o5,general_question,speech_language_pathology,neutral,pursuing,,nan
18zbvh0,general_question,speech_language_pathology,neutral,pursuing,,nan
1bu0kbp,parse_error,,parse_error,unknown,"```json
{""pslf_sentiment"": ""neutral"", ""primary_topic"": ""financial_planning"", ""pslf_stance"": ""considering""}
```",
10pa93w,parse_error,,parse_error,unknown,"```json
{""pslf_sentiment"": ""positive"", ""primary_topic"": ""career_impact"", ""pslf_stance"": ""pursuing""}
```",
1h1ar3p,general_question,speech_language_pathology,neutral,unknown,,nan
1atc8xu,career_impact,speech_language_pathology,negative,pursuing,,nan
1h17e0m,career_impact,speech_language_pathology,negative,pursuing,,nan
11980c0,career_impact,speech_language_pathology,negative,pursuing,,nan
1bhjhkt,career_impact,speech_language_pathology,positive,pursuing,,nan
1bf1j99,career_impact,speech_language_pathology,positive,pursuing,,nan
1mpheve,policy_uncertainty,speech_language_pathology,negative,pursuing,,nan
1rjhv59,general_question,speech_language_pathology,neutral,unknown,,nan
1n2fhpt,general_question,speech_language_pathology,neutral,unknown,,nan
1abxgys,general_question,speech_language_pathology,neutral,considering,,nan
1c0rqcp,servicer_issues,speech_language_pathology,neutral,unknown,,nan
ff1v4m,general_question,speech_language_pathology,neutral,unknown,,nan
1rtw6zi,financial_planning,general_finance,positive,pursuing,,nan
1q0i2t1,financial_planning,general_finance,neutral,considering,,nan
1mbz7je,financial_planning,general_finance,positive,pursuing,,nan
1sjs7cl,financial_planning,general_finance,positive,pursuing,,nan
1qzqhi1,career_impact,general_finance,positive,pursuing,,nan
1qeo015,financial_planning,general_finance,neutral,unknown,,nan
1q0ml65,financial_planning,general_finance,positive,pursuing,,nan
1maa16s,financial_planning,general_finance,positive,pursuing,,nan
1rw9ful,financial_planning,general_finance,neutral,pursuing,,nan
1py85ed,financial_planning,general_finance,negative,pursuing,,nan
1t1uib3,general_question,general_finance,neutral,considering,,nan
1rpas34,financial_planning,general_finance,neutral,pursuing,,nan
1qg7ju2,financial_planning,general_finance,positive,pursuing,,nan
1ryha0s,financial_planning,general_finance,neutral,pursuing,,nan
1l1qcot,financial_planning,general_finance,positive,pursuing,,nan
1sza632,career_impact,general_finance,negative,rejecting,,nan
1sylx8s,financial_planning,general_finance,positive,pursuing,,nan
1sc8h4o,financial_planning,general_finance,neutral,rejecting,,nan
1pyi4fp,financial_planning,general_finance,neutral,pursuing,,nan
1styjf8,financial_planning,general_finance,neutral,pursuing,,nan
1ragpca,financial_planning,general_finance,neutral,pursuing,,nan
1rvkhvd,financial_planning,general_finance,neutral,pursuing,,nan
1t5gg9x,financial_planning,general_finance,neutral,pursuing,,nan
1qfrarx,financial_planning,general_finance,neutral,considering,,nan
1se0abv,financial_planning,general_finance,positive,pursuing,,nan
1q3g0l4,financial_planning,general_finance,positive,pursuing,,nan
1skjv1v,financial_planning,general_finance,neutral,pursuing,,nan
1rrk8v3,financial_planning,general_finance,neutral,considering,,nan
1t12ut1,financial_planning,general_finance,neutral,unknown,,nan
1mz9dhm,general_question,general_finance,neutral,pursuing,,nan
1t2uv70,financial_planning,general_finance,neutral,considering,,nan
1svyxbs,financial_planning,general_finance,positive,pursuing,,nan
1qle6s6,financial_planning,general_finance,positive,pursuing,,nan
1s4rsbr,career_impact,general_finance,positive,considering,,nan
1sa4cc2,financial_planning,general_finance,neutral,pursuing,,nan
1s7rw7p,financial_planning,general_finance,positive,pursuing,,nan
1q6kzom,financial_planning,general_finance,neutral,pursuing,,nan
1ssji0g,financial_planning,general_finance,neutral,pursuing,,nan
1rpyl5g,general_question,general_finance,unknown,unknown,,nan
1rk04wy,parse_error,,parse_error,unknown,"```json
{""pslf_sentiment"": ""neutral"", ""primary_topic"": ""financial_planning"", ""pslf_stance"": ""pursuing""}
```",
1s91150,policy_uncertainty,general_finance,neutral,unknown,,nan
1rrfgnn,financial_planning,general_finance,neutral,considering,,nan
1rk8ydq,parse_error,,parse_error,unknown,"```json
{""pslf_sentiment"": ""neutral"", ""primary_topic"": ""financial_planning"", ""pslf_stance"": ""pursuing""}
```",
1qo6c5s,financial_planning,general_finance,positive,pursuing,,nan
1qimiwo,financial_planning,general_finance,positive,pursuing,,nan
1q0pr2m,financial_planning,general_finance,neutral,pursuing,,nan
1qj4peb,financial_planning,general_finance,negative,pursuing,,nan
1qvsm3t,financial_planning,general_finance,neutral,pursuing,,nan
1m6qepw,financial_planning,general_finance,neutral,considering,,nan
1mmfs6w,financial_planning,general_finance,neutral,considering,,nan
1qfv78n,financial_planning,general_finance,neutral,pursuing,,nan
1qdlbc5,financial_planning,general_finance,positive,pursuing,,nan
1q763my,financial_planning,general_finance,neutral,considering,,nan
1klst2f,financial_planning,general_finance,neutral,pursuing,,nan
1kpsg6t,financial_planning,general_finance,positive,pursuing,,nan
1mn5uyf,financial_planning,general_finance,positive,pursuing,,nan
1lyfyag,general_question,general_finance,unknown,unknown,,nan
1litlxb,financial_planning,general_finance,positive,pursuing,,nan
1mrvapc,parse_error,,parse_error,unknown,"```json
{""pslf_sentiment"": ""positive"", ""primary_topic"": ""financial_planning"", ""pslf_stance"": ""considering""}
```",
1ktv5tm,financial_planning,general_finance,neutral,pursuing,,nan
1mdb6ws,financial_planning,general_finance,neutral,considering,,nan
1m0wmej,financial_planning,general_finance,negative,rejecting,,nan
1ly11ru,financial_planning,general_finance,negative,rejecting,,nan
1lux3k0,policy_uncertainty,general_finance,negative,pursuing,,nan
1m80oq6,financial_planning,general_finance,neutral,unknown,,nan
1lga514,financial_planning,general_finance,positive,pursuing,,nan
1m5z2f7,financial_planning,general_finance,neutral,considering,,nan
1kzyfsv,financial_planning,general_finance,positive,pursuing,,nan
1lnsw9o,parse_error,,parse_error,unknown,"```json
{""pslf_sentiment"": ""neutral"", ""primary_topic"": ""financial_planning"", ""pslf_stance"": ""pursuing""}
```",
1kzq7xz,general_question,general_finance,neutral,pursuing,,nan
1kra4lh,financial_planning,general_finance,positive,pursuing,,nan
1ljfzjc,general_question,general_finance,neutral,considering,,nan
1m1qj58,general_question,general_finance,neutral,rejecting,,nan
1lxa6bt,financial_planning,general_finance,positive,pursuing,,nan
1mizchy,financial_planning,general_finance,positive,pursuing,,nan
1lbnrmp,policy_uncertainty,general_finance,positive,considering,,nan
1livqrm,parse_error,,parse_error,unknown,"```json
{""pslf_sentiment"": ""negative"", ""primary_topic"": ""servicer_issues"", ""pslf_stance"": ""considering""}
```",
1l5wl1a,financial_planning,general_finance,negative,rejecting,,nan
1l7mlqa,financial_planning,general_finance,positive,pursuing,,nan
6liq7j,general_question,general_finance,neutral,unknown,,nan
9hz8pt,servicer_issues,general_finance,very_negative,pursuing,,nan
4tlqsd,general_question,general_finance,neutral,unknown,,nan
45fzfm,career_impact,general_finance,negative,considering,,nan
9hf43x,general_question,general_finance,neutral,unknown,,nan
4cg64s,general_question,general_finance,neutral,considering,,nan
jshf43,career_impact,general_finance,positive,considering,,nan
977kvx,policy_uncertainty,general_finance,negative,rejecting,,nan
1av4ebc,general_question,general_finance,neutral,pursuing,,nan
6m2438,financial_planning,general_finance,neutral,considering,,nan
dnhu2u,policy_uncertainty,general_finance,negative,considering,,nan
113ac9f,parse_error,,parse_error,unknown,"```json
{""pslf_sentiment"": ""neutral"", ""primary_topic"": ""financial_planning"", ""pslf_stance"": ""considering""}
```",
8wlj6h,financial_planning,general_finance,positive,considering,,nan
f6v41e,financial_planning,general_finance,negative,considering,,nan
zdjlsp,financial_planning,general_finance,positive,pursuing,,nan
hnlora,financial_planning,general_finance,negative,considering,,nan
2lz8mu,financial_planning,general_finance,neutral,considering,,nan
bbsvs6,general_question,general_finance,positive,pursuing,,nan
b2pvdx,policy_uncertainty,general_finance,negative,considering,,nan
ky6d4v,general_question,general_finance,positive,considering,,nan
f0vq2v,financial_planning,general_finance,neutral,considering,,nan
d5ovux,financial_planning,general_finance,positive,pursuing,,nan
89oahw,financial_planning,general_finance,neutral,considering,,nan
hlwdaj,financial_planning,general_finance,positive,considering,,nan
7wexf3,financial_planning,general_finance,neutral,pursuing,,nan
9n3n6t,career_impact,general_finance,positive,pursuing,,nan
5e8ol4,financial_planning,general_finance,neutral,pursuing,,nan
49essz,financial_planning,general_finance,positive,pursuing,,nan
7rcdvf,parse_error,,parse_error,unknown,"```json
{""pslf_sentiment"": ""negative"", ""primary_topic"": ""financial_planning"", ""pslf_stance"": ""considering""}
```",
a75bq1,policy_uncertainty,general_finance,very_negative,rejecting,,nan
ko2zla,general_question,general_finance,neutral,considering,,nan
f7hkmu,financial_planning,general_finance,positive,pursuing,,nan
9h68yk,financial_planning,general_finance,neutral,pursuing,,nan
bnl4l8,financial_planning,general_finance,positive,pursuing,,nan
5973et,general_question,general_finance,positive,unknown,,nan
4hxo54,general_question,general_finance,neutral,considering,,nan
94ado9,financial_planning,general_finance,neutral,considering,,nan
36ms5l,financial_planning,general_finance,positive,considering,,nan
3mjmke,financial_planning,general_finance,neutral,considering,,nan
8mj36o,general_question,general_finance,neutral,considering,,nan
2aif80,financial_planning,general_finance,neutral,considering,,nan
8f1f5v,general_question,general_finance,negative,pursuing,,nan
585g1d,servicer_issues,general_finance,very_negative,pursuing,,nan
gll4vs,financial_planning,general_finance,positive,considering,,nan
3c5d17,financial_planning,general_finance,negative,considering,,nan
6tr5va,parse_error,,parse_error,unknown,"```json
{""pslf_sentiment"": ""neutral"", ""primary_topic"": ""general_question"", ""pslf_stance"": ""pursuing""}
```",
4j9x2q,general_question,general_finance,positive,considering,,nan
8olxqc,financial_planning,general_finance,positive,pursuing,,nan
7ecmho,financial_planning,general_finance,positive,considering,,nan
92re3d,financial_planning,general_finance,neutral,considering,,nan
gqf8xn,general_question,general_finance,neutral,considering,,nan
24kcbn,policy_uncertainty,general_finance,positive,pursuing,,nan
966tws,financial_planning,general_finance,positive,pursuing,,nan
92vo7r,financial_planning,general_finance,neutral,pursuing,,nan
96lj3n,financial_planning,general_finance,positive,pursuing,,nan
7r15rl,servicer_issues,general_finance,negative,pursuing,,nan
9qw4sr,policy_uncertainty,general_finance,negative,pursuing,,nan
6lfm9o,general_question,general_finance,positive,considering,,nan
4kdv8m,servicer_issues,general_finance,negative,pursuing,,nan
5v2q5i,career_impact,general_finance,neutral,considering,,nan
3q7smy,financial_planning,general_finance,neutral,considering,,nan
58paec,policy_uncertainty,general_finance,negative,considering,,nan
2ueymo,financial_planning,general_finance,negative,considering,,nan
3uh3ba,success_story,general_finance,very_positive,pursuing,,nan
di160h,financial_planning,general_finance,neutral,unknown,,nan
bpd9fu,financial_planning,general_finance,positive,pursuing,,nan
cfhkt3,financial_planning,general_finance,positive,pursuing,,nan
9glwts,general_question,general_finance,neutral,considering,,nan
68ebt4,financial_planning,general_finance,neutral,pursuing,,nan
76zlky,general_question,general_finance,positive,pursuing,,nan
90iy55,general_question,general_finance,neutral,considering,,nan
545lpc,financial_planning,general_finance,positive,pursuing,,nan
2y6kxv,financial_planning,general_finance,positive,pursuing,,nan
9c7ud7,financial_planning,general_finance,neutral,pursuing,,nan
5714hk,general_question,general_finance,negative,considering,,nan
61wqv5,general_question,general_finance,neutral,considering,,nan
a0mayi,financial_planning,general_finance,negative,pursuing,,nan
2uvpda,financial_planning,general_finance,negative,pursuing,,nan
9gqhxw,career_impact,general_finance,positive,pursuing,,nan
4x9eb2,general_question,general_finance,neutral,considering,,nan
93hn72,general_question,general_finance,neutral,considering,,nan
6gfutd,financial_planning,general_finance,neutral,pursuing,,nan
4fn5mu,financial_planning,general_finance,neutral,pursuing,,nan
7c5ca3,servicer_issues,general_finance,neutral,unknown,,nan
6l265u,policy_uncertainty,general_finance,neutral,considering,,nan
66jt1m,financial_planning,general_finance,positive,pursuing,,nan
86wbu6,financial_planning,general_finance,positive,considering,,nan
4ugk3m,financial_planning,general_finance,neutral,considering,,nan
3ypvuy,financial_planning,general_finance,positive,pursuing,,nan
86um2t,parse_error,,parse_error,unknown,"```json
{""pslf_sentiment"": ""negative"", ""primary_topic"": ""servicer_issues"", ""pslf_stance"": ""pursuing""}
```",
31qq5a,financial_planning,general_finance,neutral,considering,,nan
644j98,financial_planning,general_finance,negative,pursuing,,nan
7goojl,parse_error,,parse_error,unknown,"```json
{""pslf_sentiment"": ""neutral"", ""primary_topic"": ""general_question"", ""pslf_stance"": ""pursuing""}
```",
79cqaa,general_question,general_finance,negative,pursuing,,nan
41qsp4,financial_planning,general_finance,neutral,considering,,nan
2azmt0,general_question,general_finance,neutral,considering,,nan
32louz,financial_planning,general_finance,neutral,considering,,nan
8aaukq,financial_planning,general_finance,neutral,considering,,nan
73vzv9,general_question,general_finance,neutral,considering,,nan
5majx4,general_question,general_finance,neutral,considering,,nan
4gbip1,financial_planning,general_finance,positive,considering,,nan
3am2fr,general_question,general_finance,neutral,considering,,nan
4h6by5,general_question,general_finance,positive,considering,,nan
57hq99,general_question,general_finance,neutral,considering,,nan
2e53gy,general_question,general_finance,neutral,considering,,nan
9mk7bc,financial_planning,general_finance,positive,pursuing,,nan
5coenw,financial_planning,general_finance,positive,pursuing,,nan
4ozs0q,parse_error,,parse_error,unknown,"```json
{""pslf_sentiment"": ""positive"", ""primary_topic"": ""financial_planning"", ""pslf_stance"": ""pursuing""}
```",
6tuthy,general_question,general_finance,neutral,pursuing,,nan
32qjvl,policy_uncertainty,general_finance,positive,pursuing,,nan
5hc6r6,financial_planning,general_finance,positive,pursuing,,nan
63qgkg,parse_error,,parse_error,unknown,"```json
{""pslf_sentiment"": ""negative"", ""primary_topic"": ""policy_uncertainty"", ""pslf_stance"": ""pursuing""}
```",
4etjof,financial_planning,general_finance,neutral,pursuing,,nan
3q30cp,financial_planning,general_finance,neutral,pursuing,,nan
3mw90m,general_question,general_finance,neutral,considering,,nan
3fw7br,financial_planning,general_finance,positive,pursuing,,nan
3k4g8d,financial_planning,general_finance,positive,pursuing,,nan
5l3dsv,servicer_issues,general_finance,negative,pursuing,,nan
2ahd7w,financial_planning,general_finance,negative,considering,,nan
1z0pht,financial_planning,general_finance,neutral,pursuing,,nan
42jlb0,general_question,general_finance,neutral,considering,,nan
3506yx,general_question,general_finance,neutral,considering,,nan
54cxo5,general_question,general_finance,neutral,pursuing,,nan
1v6h6c,financial_planning,general_finance,positive,pursuing,,nan
5ofnf8,general_question,general_finance,neutral,pursuing,,nan
38ehiy,general_question,general_finance,positive,considering,,nan
24hw4i,financial_planning,general_finance,neutral,rejecting,,nan
3zru8j,general_question,general_finance,positive,pursuing,,nan
2bq6rn,financial_planning,general_finance,positive,pursuing,,nan
28lhg6,financial_planning,general_finance,positive,pursuing,,nan
6m5j6b,financial_planning,general_finance,neutral,considering,,nan
1n2clkh,success_story,general_finance,positive,completed,,nan
6tfii3,policy_uncertainty,general_finance,negative,pursuing,,nan
301lwy,general_question,general_finance,unknown,unknown,,nan
6gvh5k,general_question,general_finance,neutral,considering,,nan
1kpoc9x,financial_planning,general_finance,neutral,rejecting,,nan
1t1tz0b,servicer_issues,general_finance,negative,unknown,,nan
1t1btxv,financial_planning,general_finance,neutral,unknown,,nan
1sx9s2p,financial_planning,general_finance,neutral,pursuing,,nan
1s8z2ia,financial_planning,general_finance,neutral,pursuing,,nan
1s8qe4z,financial_planning,general_finance,neutral,pursuing,,nan
1mcmc97,financial_planning,general_finance,neutral,unknown,,nan
106wuv1,financial_planning,general_finance,positive,pursuing,,nan
7byojz,financial_planning,general_finance,positive,considering,,nan
1smm096,servicer_issues,general_pslf,very_negative,pursuing,,nan
1buzs50,servicer_issues,general_pslf,neutral,unknown,,nan
1b8ey3a,general_question,general_pslf,neutral,considering,,nan
1cf8vd8,frustration_venting,general_pslf,positive,pursuing,,nan
1chn49f,servicer_issues,general_pslf,neutral,pursuing,,nan
1hihe9x,success_story,general_pslf,positive,pursuing,,nan
1glr0p2,policy_uncertainty,general_pslf,neutral,pursuing,,nan
1bay42l,policy_uncertainty,general_pslf,negative,pursuing,,nan
1c3ea7o,frustration_venting,general_pslf,very_positive,pursuing,,nan
199egve,success_story,general_pslf,very_positive,completed,,nan
1gnde7o,policy_uncertainty,general_pslf,negative,pursuing,,nan
1gxb43n,policy_uncertainty,general_pslf,neutral,unknown,,nan
1b6mdyz,policy_uncertainty,general_pslf,neutral,pursuing,,nan
19bed2c,policy_uncertainty,general_pslf,negative,pursuing,,nan
1hdgd7c,servicer_issues,general_pslf,negative,pursuing,,nan
1hdge6r,general_question,general_pslf,positive,completed,,nan
1go7ge2,policy_uncertainty,general_pslf,neutral,pursuing,,nan
1b950cc,career_impact,general_pslf,positive,pursuing,,nan
1sdywkm,general_question,general_pslf,neutral,pursuing,,nan
1hbwj3h,success_story,general_pslf,positive,completed,,nan
1sutrxz,servicer_issues,general_pslf,neutral,pursuing,,nan
1susm6h,general_question,general_pslf,neutral,pursuing,,nan
1surw10,servicer_issues,general_pslf,negative,pursuing,,nan
1suqks9,servicer_issues,general_pslf,negative,pursuing,,nan
1suqk6s,general_question,general_pslf,positive,considering,,nan
1sumlua,servicer_issues,general_pslf,negative,pursuing,,nan
1sumj14,financial_planning,general_pslf,neutral,pursuing,,nan
1sul46l,success_story,general_pslf,very_positive,completed,,nan
1sui2on,policy_uncertainty,general_pslf,negative,pursuing,,nan
1sui2ny,servicer_issues,general_pslf,neutral,pursuing,,nan
1suhfpr,success_story,general_pslf,very_positive,completed,,nan
1suhev1,success_story,general_pslf,very_positive,completed,,nan
1sugjae,success_story,general_pslf,very_positive,completed,,nan
1suftxx,success_story,general_pslf,very_positive,completed,,nan
1sudna7,servicer_issues,general_pslf,neutral,pursuing,,nan
1suai2l,success_story,general_pslf,positive,completed,,nan
1su6rpi,servicer_issues,general_pslf,negative,pursuing,,nan
1su6m3q,success_story,general_pslf,very_positive,completed,,nan
1su188t,servicer_issues,general_pslf,negative,pursuing,,nan
1su165s,servicer_issues,general_pslf,negative,pursuing,,nan
1stzcvn,general_question,general_pslf,neutral,pursuing,,nan
1stwahs,success_story,general_pslf,very_positive,completed,,nan
1stw05i,servicer_issues,general_pslf,negative,pursuing,,nan
1stvizh,servicer_issues,general_pslf,negative,pursuing,,nan
1stv6fv,general_question,general_pslf,neutral,pursuing,,nan
1stugjv,policy_uncertainty,general_pslf,neutral,pursuing,,nan
1sttqwo,general_question,general_pslf,neutral,pursuing,,nan
1stsanx,parse_error,,parse_error,unknown,"```json
{""pslf_sentiment"": ""neutral"", ""primary_topic"": ""general_question"", ""pslf_stance"": ""pursuing""}
```",
1str91q,general_question,general_pslf,positive,pursuing,,nan
1str7na,policy_uncertainty,general_pslf,negative,pursuing,,nan
1stqpie,success_story,general_pslf,very_positive,completed,,nan
1stpi6q,servicer_issues,general_pslf,negative,pursuing,,nan
1stnc65,servicer_issues,general_pslf,negative,pursuing,,nan
1stmqmk,career_impact,general_pslf,positive,pursuing,,nan
1stm4ph,servicer_issues,general_pslf,negative,pursuing,,nan
1stlzbz,servicer_issues,general_pslf,neutral,considering,,nan
1stlarq,servicer_issues,general_pslf,neutral,pursuing,,nan
1stkw9t,success_story,general_pslf,positive,completed,,nan
1stkc2r,financial_planning,general_pslf,positive,pursuing,,nan
1stj5si,general_question,general_pslf,neutral,unknown,,nan
1stiw1j,general_question,general_pslf,neutral,pursuing,,nan
1sthnga,success_story,general_pslf,very_positive,completed,,nan
1sthicn,success_story,general_pslf,very_positive,completed,,nan
1ste8io,financial_planning,general_pslf,positive,pursuing,,nan
1st8jec,servicer_issues,general_pslf,negative,pursuing,,nan
1st76jg,financial_planning,general_pslf,positive,pursuing,,nan
1st5fd8,policy_uncertainty,general_pslf,negative,pursuing,,nan
1st1on3,financial_planning,general_pslf,positive,pursuing,,nan
1st157p,financial_planning,general_pslf,negative,pursuing,,nan
1st1523,financial_planning,general_pslf,neutral,pursuing,,nan
1st0dxu,success_story,general_pslf,positive,pursuing,,nan
1sszoer,success_story,general_pslf,very_positive,completed,,nan
1sszgfc,general_question,general_pslf,neutral,considering,,nan
1ssxq4k,success_story,general_pslf,very_positive,completed,,nan
1ssvj8q,financial_planning,general_pslf,negative,pursuing,,nan
1ssvhc5,servicer_issues,general_pslf,negative,pursuing,,nan
1ssvfri,success_story,general_pslf,positive,completed,,nan
1sssmwo,servicer_issues,general_pslf,positive,completed,,nan
1sss9v1,servicer_issues,general_pslf,negative,pursuing,,nan
1sss8jd,servicer_issues,general_pslf,negative,pursuing,,nan
1ssr5d6,servicer_issues,general_pslf,negative,pursuing,,nan
1ssr3dh,financial_planning,general_pslf,neutral,pursuing,,nan
1ssosf6,success_story,general_pslf,positive,pursuing,,nan
1ssoh2m,success_story,general_pslf,very_positive,completed,,nan
1sso46c,general_question,general_pslf,negative,pursuing,,nan
1sso2ry,success_story,general_pslf,very_positive,completed,,nan
1sslz6t,servicer_issues,general_pslf,negative,pursuing,,nan
1ssl3kx,general_question,general_pslf,neutral,pursuing,,nan
1sskdxa,servicer_issues,general_pslf,negative,pursuing,,nan
1ssjnr9,general_question,general_pslf,neutral,pursuing,,nan
1ssiqmf,financial_planning,general_pslf,neutral,pursuing,,nan
1ss4yus,general_question,general_pslf,neutral,pursuing,,nan
1ss1s2l,servicer_issues,general_pslf,negative,pursuing,,nan
1ss1dy6,servicer_issues,general_pslf,negative,pursuing,,nan
1srzp50,general_question,general_pslf,neutral,pursuing,,nan
1srse9v,financial_planning,general_pslf,positive,pursuing,,nan
1srrwjx,servicer_issues,general_pslf,very_negative,pursuing,,nan
1srrlcg,general_question,general_pslf,neutral,pursuing,,nan
1srmon1,general_question,general_pslf,neutral,pursuing,,nan
1srma3z,servicer_issues,general_pslf,negative,pursuing,,nan
1srcoq4,policy_uncertainty,general_pslf,negative,pursuing,,nan
1sr8qzi,general_question,general_pslf,neutral,pursuing,,nan
1sr8blu,servicer_issues,general_pslf,negative,pursuing,,nan
1sr0d59,financial_planning,general_pslf,positive,pursuing,,nan
1sqwp4a,servicer_issues,general_pslf,negative,pursuing,,nan
1sqvhkj,general_question,general_pslf,positive,pursuing,,nan
1sqqspr,success_story,general_pslf,positive,completed,,nan
1sqkw6v,general_question,general_pslf,neutral,considering,,nan
1sqhusq,servicer_issues,general_pslf,negative,pursuing,,nan
1sqfs12,financial_planning,general_pslf,neutral,pursuing,,nan
1sqfact,servicer_issues,general_pslf,negative,pursuing,,nan
1sqbqn7,servicer_issues,general_pslf,negative,pursuing,,nan
1sqb3z1,financial_planning,general_pslf,neutral,unknown,,nan
1sq9ufm,general_question,general_pslf,neutral,pursuing,,nan
1sq7v2b,financial_planning,general_pslf,neutral,pursuing,,nan
1sq4sb3,servicer_issues,general_pslf,neutral,pursuing,,nan
1sq2neu,servicer_issues,general_pslf,negative,pursuing,,nan
1spv0w5,financial_planning,general_pslf,neutral,pursuing,,nan
1spkwbj,financial_planning,general_pslf,neutral,pursuing,,nan
1spgeuk,general_question,general_pslf,neutral,pursuing,,nan
1spf70q,financial_planning,general_pslf,neutral,pursuing,,nan
1speyce,general_question,general_pslf,neutral,pursuing,,nan
1spaag1,financial_planning,general_pslf,neutral,pursuing,,nan
1sp64s2,servicer_issues,general_pslf,negative,pursuing,,nan
1sp3z6r,servicer_issues,general_pslf,neutral,pursuing,,nan
1sp21qw,servicer_issues,general_pslf,negative,pursuing,,nan
1sp0yjp,financial_planning,general_pslf,negative,considering,,nan
1sox3h2,servicer_issues,general_pslf,neutral,pursuing,,nan
1soqait,servicer_issues,general_pslf,very_negative,pursuing,,nan
1soh3mq,servicer_issues,general_pslf,negative,pursuing,,nan
1sodlzw,financial_planning,general_pslf,negative,pursuing,,nan
1socwuo,success_story,general_pslf,very_positive,completed,,nan
1socmzy,servicer_issues,general_pslf,negative,pursuing,,nan
1so9srt,servicer_issues,general_pslf,negative,pursuing,,nan
1so8z7s,servicer_issues,general_pslf,negative,pursuing,,nan
1so8yn7,general_question,general_pslf,positive,pursuing,,nan
1so8kd5,parse_error,,parse_error,unknown,"```json
{""pslf_sentiment"": ""positive"", ""primary_topic"": ""general_question"", ""pslf_stance"": ""pursuing""}
```",
1so7fmk,financial_planning,general_pslf,positive,pursuing,,nan
1so5cr5,financial_planning,general_pslf,neutral,pursuing,,nan
1so56zp,servicer_issues,general_pslf,negative,pursuing,,nan
1so4hfp,general_question,general_pslf,neutral,pursuing,,nan
1so2d40,general_question,general_pslf,neutral,pursuing,,nan
1snypzu,financial_planning,general_pslf,neutral,pursuing,,nan
1snvkvc,financial_planning,general_pslf,positive,pursuing,,nan
1snq9n4,general_question,general_pslf,positive,pursuing,,nan
1snlm3u,general_question,general_pslf,neutral,pursuing,,nan
1snkr8z,servicer_issues,general_pslf,negative,pursuing,,nan
1snkh4j,success_story,general_pslf,very_positive,completed,,nan
1snik1p,servicer_issues,general_pslf,negative,pursuing,,nan
1sni1iw,general_question,general_pslf,neutral,pursuing,,nan
1snap1u,financial_planning,general_pslf,positive,pursuing,,nan
1sn9rnf,success_story,general_pslf,very_positive,completed,,nan
1sn9lcj,general_question,general_pslf,positive,pursuing,,nan
1sn9l5c,general_question,general_pslf,neutral,pursuing,,nan
1sn7r55,financial_planning,general_pslf,neutral,pursuing,,nan
1sn7cra,servicer_issues,general_pslf,negative,pursuing,,nan
1sn6hv6,servicer_issues,general_pslf,neutral,pursuing,,nan
1sn5el8,financial_planning,general_pslf,neutral,pursuing,,nan
1sn4tqt,servicer_issues,general_pslf,negative,pursuing,,nan
1sn4qbw,servicer_issues,general_pslf,neutral,pursuing,,nan
1sn3fkw,general_question,general_pslf,neutral,pursuing,,nan
1sn22r5,general_question,general_pslf,neutral,pursuing,,nan
1sn0lza,policy_uncertainty,general_pslf,negative,pursuing,,nan
1smqo6r,financial_planning,general_pslf,negative,pursuing,,nan
1smpkjh,financial_planning,general_pslf,neutral,pursuing,,nan
1smor11,servicer_issues,general_pslf,negative,pursuing,,nan
1smnznf,general_question,general_pslf,positive,pursuing,,nan
1smnz1n,servicer_issues,general_pslf,negative,pursuing,,nan
1smjfdw,financial_planning,general_pslf,neutral,unknown,,nan
1smiiro,financial_planning,general_pslf,neutral,unknown,,nan
1smfpk7,financial_planning,general_pslf,neutral,considering,,nan
1smf2qe,success_story,general_pslf,very_positive,completed,,nan
1smewbr,general_question,general_pslf,neutral,pursuing,,nan
1sme1ay,servicer_issues,general_pslf,neutral,pursuing,,nan
1smc3v5,general_question,general_pslf,negative,pursuing,,nan
1smbhlv,policy_uncertainty,general_pslf,negative,pursuing,,nan
1smbbmp,financial_planning,general_pslf,neutral,pursuing,,nan
1smawim,servicer_issues,general_pslf,neutral,unknown,,nan
1sm9lfb,financial_planning,general_pslf,neutral,pursuing,,nan
1sm8rco,servicer_issues,general_pslf,negative,pursuing,,nan
1sm8erk,general_question,general_pslf,neutral,pursuing,,nan
1sm7wzb,servicer_issues,general_pslf,neutral,pursuing,,nan
1sm6kww,servicer_issues,general_pslf,neutral,unknown,,nan
1sm32e9,servicer_issues,general_pslf,negative,unknown,,nan
1slrlj4,success_story,general_pslf,positive,pursuing,,nan
1slr5oh,financial_planning,general_pslf,neutral,pursuing,,nan
1slr3p6,financial_planning,general_pslf,positive,pursuing,,nan
1slq0og,financial_planning,general_pslf,neutral,pursuing,,nan
1sloi7a,servicer_issues,general_pslf,negative,pursuing,,nan
1slmv1r,general_question,general_pslf,neutral,pursuing,,nan
1slka10,financial_planning,general_pslf,neutral,unknown,,nan
1sldsi8,servicer_issues,general_pslf,negative,pursuing,,nan
1sldjdc,general_question,general_pslf,neutral,pursuing,,nan
1s686km,success_story,general_pslf,very_positive,completed,,nan
1mspd4v,financial_planning,general_pslf,positive,pursuing,,nan
1r98p71,general_question,general_pslf,positive,pursuing,,nan
1lz0svk,financial_planning,general_pslf,positive,pursuing,,nan
1bu3uhm,servicer_issues,general_pslf,negative,pursuing,,nan
1qkxx8i,policy_uncertainty,general_pslf,neutral,unknown,,nan
1se0d7o,financial_planning,general_student_loans,positive,pursuing,,nan
1sqszal,general_question,general_student_loans,neutral,considering,,nan
1sib2d5,financial_planning,general_student_loans,positive,pursuing,,nan
1sd7eui,financial_planning,general_student_loans,positive,pursuing,,nan
1sa1mpk,financial_planning,general_student_loans,positive,pursuing,,nan
1s6fj9t,financial_planning,general_student_loans,positive,pursuing,,nan
1s637t9,financial_planning,general_student_loans,negative,pursuing,,nan
1s62hd2,financial_planning,general_student_loans,positive,pursuing,,nan
1s602lr,financial_planning,general_student_loans,neutral,considering,,nan
1s5jsqh,financial_planning,general_student_loans,neutral,pursuing,,nan
1s59t8h,financial_planning,general_student_loans,positive,pursuing,,nan
1s4qehn,financial_planning,general_student_loans,neutral,pursuing,,nan
1s4ocod,financial_planning,general_student_loans,positive,pursuing,,nan
1s3ywcw,general_question,general_student_loans,neutral,considering,,nan
1s3my1p,parse_error,,parse_error,unknown,"```json
{""pslf_sentiment"": ""neutral"", ""primary_topic"": ""financial_planning"", ""pslf_stance"": ""unknown""}
```",
1s3ggvc,financial_planning,general_student_loans,negative,pursuing,,nan
1s3exqo,general_question,general_student_loans,neutral,considering,,nan
1s3d0kv,general_question,general_student_loans,neutral,pursuing,,nan
1s3bqo0,financial_planning,general_student_loans,positive,pursuing,,nan
1s33kzm,financial_planning,general_student_loans,negative,pursuing,,nan
1s2ky2l,financial_planning,general_student_loans,positive,pursuing,,nan
1s2it1i,servicer_issues,general_student_loans,neutral,pursuing,,nan
1s2iffe,financial_planning,general_student_loans,neutral,rejecting,,nan
1s1zi9v,parse_error,,parse_error,unknown,"```json
{""pslf_sentiment"": ""negative"", ""primary_topic"": ""servicer_issues"", ""pslf_stance"": ""pursuing""}
```",
1s1xnoj,financial_planning,general_student_loans,neutral,pursuing,,nan
1s1rhex,financial_planning,general_student_loans,neutral,rejecting,,nan
1s1rd8b,policy_uncertainty,general_student_loans,negative,pursuing,,nan
1s14gej,servicer_issues,general_student_loans,neutral,pursuing,,nan
1s0xq27,general_question,general_student_loans,neutral,pursuing,,nan
1s0w3sb,parse_error,,parse_error,unknown,"```json
{""pslf_sentiment"": ""neutral"", ""primary_topic"": ""financial_planning"", ""pslf_stance"": ""considering""}
```",
1rzg965,financial_planning,general_student_loans,neutral,pursuing,,nan
1rz44hy,policy_uncertainty,general_student_loans,neutral,unknown,,nan
1ryttts,servicer_issues,general_student_loans,negative,pursuing,,nan
1ryiv62,servicer_issues,general_student_loans,neutral,pursuing,,nan
1ry1guf,general_question,general_student_loans,neutral,pursuing,,nan
1rxm6g8,servicer_issues,general_student_loans,negative,pursuing,,nan
1rx7xo1,financial_planning,general_student_loans,positive,pursuing,,nan
1rx77ek,financial_planning,general_student_loans,negative,considering,,nan
1rwnci6,financial_planning,general_student_loans,neutral,rejecting,,nan
1rwmp93,general_question,general_student_loans,neutral,unknown,,nan
1rwev1o,servicer_issues,general_student_loans,negative,pursuing,,nan
1rvsnh2,financial_planning,general_student_loans,positive,considering,,nan
1rvr2yg,financial_planning,general_student_loans,neutral,rejecting,,nan
1ruyxfm,financial_planning,general_student_loans,neutral,pursuing,,nan
1ruutj7,financial_planning,general_student_loans,positive,pursuing,,nan
1ru0uyx,policy_uncertainty,general_student_loans,negative,considering,,nan
1rtk3r4,financial_planning,general_student_loans,neutral,unknown,,nan
192dqkd,servicer_issues,general_student_loans,neutral,pursuing,,nan
1hsxfqo,financial_planning,general_student_loans,positive,considering,,nan
1gv703u,general_question,general_student_loans,neutral,considering,,nan
11fps89,policy_uncertainty,general_student_loans,neutral,unknown,,nan
1gqfx6t,general_question,general_student_loans,neutral,considering,,nan
1c2beyb,success_story,general_student_loans,very_positive,completed,,nan
1sjcjmj,general_question,general_student_loans,neutral,considering,,nan
n4eitr,general_question,medical,neutral,considering,,nan
1b9z1ve,financial_planning,medical,neutral,pursuing,,nan
zckqww,general_question,medical,neutral,considering,,nan
kxsqip,policy_uncertainty,medical,positive,pursuing,,nan
8gifub,general_question,medical,neutral,considering,,nan
mbfctz,general_question,medical,neutral,unknown,,nan
8z6yv3,general_question,medical,neutral,considering,,nan
3h9an1,financial_planning,medical,neutral,considering,,nan
mh82s8,financial_planning,medical,negative,rejecting,,nan
7zevkp,career_impact,medical,positive,pursuing,,nan
fxrjlo,financial_planning,medical,neutral,considering,,nan
s13bn6,career_impact,medical,neutral,pursuing,,nan
8lf2dm,general_question,medical,neutral,unknown,,nan
68sy68,general_question,medical,neutral,considering,,nan
615pps,financial_planning,medical,positive,pursuing,,nan
8bdx1o,financial_planning,medical,negative,rejecting,,nan
a84x08,financial_planning,medical,neutral,considering,,nan
8m5byr,financial_planning,medical,neutral,unknown,,nan
8br7to,parse_error,,parse_error,unknown,"```json
{""pslf_sentiment"": ""neutral"", ""primary_topic"": ""financial_planning"", ""pslf_stance"": ""unknown""}
```",
6h7qw0,financial_planning,medical,neutral,unknown,,nan
5xnupp,financial_planning,medical,neutral,pursuing,,nan
81ipy6,financial_planning,medical,neutral,unknown,,nan
1mv7ym1,parse_error,,parse_error,unknown,"```json
{""pslf_sentiment"": ""neutral"", ""primary_topic"": ""general_question"", ""pslf_stance"": ""unknown""}
```",
1h0g8xz,policy_uncertainty,teaching,negative,unknown,,nan
1gp9yph,career_impact,physician_assistant,neutral,considering,,nan
1rsxiy8,general_question,physician_assistant,neutral,unknown,,nan
1l6osfm,general_question,physician_assistant,neutral,unknown,,nan
1c9m9og,general_question,physician_assistant,neutral,unknown,,nan
1bx10m9,general_question,physician_assistant,neutral,unknown,,nan
1h3ufmz,career_impact,physician_assistant,neutral,considering,,nan
1mw2qyz,career_impact,physician_assistant,positive,considering,,nan
1bo8j32,career_impact,physician_assistant,neutral,unknown,,nan
1m7gzjd,career_impact,physician_assistant,neutral,considering,,nan
1sswsl6,general_question,general_pslf,neutral,pursuing,,nan
1ssw02b,parse_error,,parse_error,unknown,"```json
{""pslf_sentiment"": ""neutral"", ""primary_topic"": ""financial_planning"", ""pslf_stance"": ""pursuing""}
```",
1slcvsf,financial_planning,general_pslf,neutral,pursuing,,nan
1slbvf3,success_story,general_pslf,positive,completed,,nan
1sl90bq,servicer_issues,general_pslf,neutral,pursuing,,nan
1sl5dag,servicer_issues,general_pslf,negative,pursuing,,nan
1skrs92,policy_uncertainty,general_pslf,negative,pursuing,,nan
1skrg20,general_question,general_pslf,neutral,pursuing,,nan
1skq8p6,financial_planning,general_pslf,neutral,pursuing,,nan
1skntxg,financial_planning,general_pslf,neutral,pursuing,,nan
1skkcgd,general_question,general_pslf,neutral,considering,,nan
1ski0m1,policy_uncertainty,general_pslf,negative,pursuing,,nan
1skhxna,servicer_issues,general_pslf,negative,pursuing,,nan
1skf52b,financial_planning,general_pslf,positive,pursuing,,nan
1skf099,financial_planning,general_pslf,neutral,pursuing,,nan
1ske39z,general_question,general_pslf,neutral,pursuing,,nan
1skd8av,servicer_issues,general_pslf,negative,pursuing,,nan
1skbdbk,financial_planning,general_pslf,neutral,pursuing,,nan
1sk9vnz,servicer_issues,general_pslf,negative,pursuing,,nan
1sk0xwx,financial_planning,general_pslf,negative,pursuing,,nan
1sjxo6f,financial_planning,general_pslf,positive,pursuing,,nan
1sjxcrp,general_question,general_pslf,neutral,pursuing,,nan
1sjsutb,general_question,general_pslf,positive,pursuing,,nan
1sjrqen,financial_planning,general_pslf,positive,pursuing,,nan
1sjqpt3,servicer_issues,general_pslf,very_negative,pursuing,,nan
1sjovwg,general_question,general_pslf,neutral,considering,,nan
1sjmu07,financial_planning,general_pslf,neutral,pursuing,,nan
1sjlpye,servicer_issues,general_pslf,negative,pursuing,,nan
1sjk4p4,servicer_issues,general_pslf,positive,pursuing,,nan
1sji7u3,financial_planning,general_pslf,neutral,pursuing,,nan
1sjckzl,general_question,general_pslf,neutral,considering,,nan
1sj7ure,general_question,general_pslf,neutral,pursuing,,nan
1sj4839,financial_planning,general_pslf,neutral,pursuing,,nan
1sj44e0,parse_error,,parse_error,unknown,"```json
{""pslf_sentiment"": ""positive"", ""primary_topic"": ""financial_planning"", ""pslf_stance"": ""pursuing""}
```",
1sj43gc,servicer_issues,general_pslf,negative,pursuing,,nan
1sisd5h,general_question,general_pslf,neutral,pursuing,,nan
1sir110,general_question,general_pslf,neutral,pursuing,,nan
1siqkf4,servicer_issues,general_pslf,negative,pursuing,,nan
1siq1il,servicer_issues,general_pslf,neutral,pursuing,,nan
1sipzex,financial_planning,general_pslf,neutral,pursuing,,nan
1sipzag,servicer_issues,general_pslf,very_negative,pursuing,,nan
1siprpr,servicer_issues,general_pslf,negative,pursuing,,nan
1sipmpo,success_story,general_pslf,very_positive,completed,,nan
1sip250,servicer_issues,general_pslf,negative,pursuing,,nan
1sio2p6,servicer_issues,general_pslf,neutral,pursuing,,nan
1simcva,servicer_issues,general_pslf,negative,pursuing,,nan
1mk41nt,success_story,general_pslf,very_positive,completed,,nan
1sjtgta,general_question,general_student_loans,neutral,pursuing,,nan
1rt44c6,financial_planning,general_student_loans,neutral,considering,,nan
1rsmwe0,servicer_issues,general_student_loans,negative,pursuing,,nan
1rs37ur,financial_planning,general_student_loans,neutral,considering,,nan
1rvv9qf,servicer_issues,general_pslf,very_negative,pursuing,,nan
1rzqpnf,career_impact,general_pslf,negative,rejecting,,nan
1ryi5ar,frustration_venting,general_pslf,very_negative,pursuing,,nan
1rvknsf,financial_planning,general_pslf,negative,pursuing,,nan
1rydmwz,financial_planning,general_pslf,neutral,pursuing,,nan
1cn9iac,servicer_issues,general_pslf,negative,pursuing,,nan
1s26hov,financial_planning,general_pslf,neutral,pursuing,,nan
1s226vm,servicer_issues,general_pslf,negative,pursuing,,nan
1s20ymk,financial_planning,general_pslf,neutral,considering,,nan
1s20p08,financial_planning,general_pslf,neutral,pursuing,,nan
1s2025c,financial_planning,general_pslf,negative,pursuing,,nan
1s1ynnw,financial_planning,general_pslf,neutral,pursuing,,nan
1s1xrwx,servicer_issues,general_pslf,positive,pursuing,,nan
1s1w3ar,policy_uncertainty,general_pslf,positive,considering,,nan
1s1utml,financial_planning,general_pslf,neutral,pursuing,,nan
1s1utfu,servicer_issues,general_pslf,negative,pursuing,,nan
1s1tpni,financial_planning,general_pslf,neutral,considering,,nan
1s1rs25,servicer_issues,general_pslf,negative,pursuing,,nan
1s1qwth,general_question,general_pslf,neutral,pursuing,,nan
1s1pyt0,general_question,general_pslf,neutral,pursuing,,nan
1s1ntdm,general_question,general_pslf,neutral,pursuing,,nan
1s1mh5x,financial_planning,general_pslf,neutral,pursuing,,nan
1s1lswi,financial_planning,general_pslf,neutral,pursuing,,nan
1s1leo9,servicer_issues,general_pslf,positive,pursuing,,nan
1s1ikzp,servicer_issues,general_pslf,negative,pursuing,,nan
1s1dgua,servicer_issues,general_pslf,neutral,pursuing,,nan
1s14vq2,servicer_issues,general_pslf,neutral,pursuing,,nan
1s10p8s,financial_planning,general_pslf,neutral,pursuing,,nan
1s0x91e,financial_planning,general_pslf,neutral,unknown,,nan
1s0wzmc,general_question,general_pslf,positive,pursuing,,nan
1s0s3ar,servicer_issues,general_pslf,very_negative,pursuing,,nan
1s0rzs5,financial_planning,general_pslf,neutral,pursuing,,nan
1s0r0md,servicer_issues,general_pslf,negative,pursuing,,nan
1s0obel,servicer_issues,general_pslf,negative,pursuing,,nan
1s0masy,servicer_issues,general_pslf,negative,pursuing,,nan
1s0isfd,financial_planning,general_pslf,positive,pursuing,,nan
1s0ddxo,general_question,general_pslf,neutral,pursuing,,nan
1s0b14f,servicer_issues,general_pslf,negative,pursuing,,nan
1s0aton,financial_planning,general_pslf,neutral,pursuing,,nan
1s01u2c,servicer_issues,general_pslf,neutral,pursuing,,nan
1s014mi,servicer_issues,general_pslf,negative,pursuing,,nan
1rzzp4e,servicer_issues,general_pslf,neutral,pursuing,,nan
1rzwnwr,success_story,general_pslf,very_positive,completed,,nan
1rzu50s,policy_uncertainty,general_pslf,negative,pursuing,,nan
1rzta8s,general_question,general_pslf,neutral,pursuing,,nan
1rzso3h,success_story,general_pslf,very_positive,completed,,nan
1rzrxm3,servicer_issues,general_pslf,neutral,pursuing,,nan
1rzgtso,financial_planning,general_pslf,positive,pursuing,,nan
1rzf2np,general_question,general_pslf,neutral,pursuing,,nan
1rze8cw,general_question,general_pslf,neutral,pursuing,,nan
1rz9c1b,general_question,general_pslf,positive,pursuing,,nan
1rz7841,general_question,general_pslf,neutral,pursuing,,nan
1rz6lir,servicer_issues,general_pslf,neutral,pursuing,,nan
1rz2bhp,servicer_issues,general_pslf,very_negative,pursuing,,nan
1rz1t4c,servicer_issues,general_pslf,negative,pursuing,,nan
1rz0f9x,financial_planning,general_pslf,positive,pursuing,,nan
1rz00l2,financial_planning,general_pslf,positive,pursuing,,nan
1ryz86x,financial_planning,general_pslf,neutral,pursuing,,nan
1ryyycj,general_question,general_pslf,neutral,pursuing,,nan
1ryy7s7,servicer_issues,general_pslf,negative,pursuing,,nan
1ryvqk2,general_question,general_pslf,neutral,considering,,nan
1ryv7k3,financial_planning,general_pslf,neutral,pursuing,,nan
1ryui1u,servicer_issues,general_pslf,negative,pursuing,,nan
1ryu6bj,success_story,general_pslf,positive,pursuing,,nan
1rytl88,servicer_issues,general_pslf,very_negative,pursuing,,nan
1rypkl0,financial_planning,general_pslf,neutral,pursuing,,nan
1rylkv7,financial_planning,general_pslf,neutral,pursuing,,nan
1ryksu0,general_question,general_pslf,neutral,considering,,nan
1ryka2t,servicer_issues,general_pslf,neutral,pursuing,,nan
1ryjqom,general_question,general_pslf,neutral,unknown,,nan
1ryhzuc,general_question,general_pslf,neutral,considering,,nan
1ryhqbx,servicer_issues,general_pslf,very_negative,pursuing,,nan
1ryheox,financial_planning,general_pslf,neutral,pursuing,,nan
1ryh65h,financial_planning,general_pslf,neutral,pursuing,,nan
1rygqqj,policy_uncertainty,general_pslf,negative,pursuing,,nan
1ryglxt,servicer_issues,general_pslf,negative,pursuing,,nan
1ryfy74,servicer_issues,general_pslf,negative,pursuing,,nan
1ryeifj,general_question,general_pslf,positive,pursuing,,nan
1rybgad,servicer_issues,general_pslf,negative,pursuing,,nan
1ryan5j,servicer_issues,general_pslf,negative,pursuing,,nan
1ry9fis,financial_planning,general_pslf,negative,pursuing,,nan
1ry8m7n,success_story,general_pslf,positive,completed,,nan
1ry8juv,general_question,general_pslf,neutral,pursuing,,nan
1ry86pb,servicer_issues,general_pslf,negative,pursuing,,nan
1ry862z,general_question,general_pslf,positive,pursuing,,nan
1ry7mjj,servicer_issues,general_pslf,neutral,pursuing,,nan
1ry6rnz,servicer_issues,general_pslf,very_negative,pursuing,,nan
1ry4f1s,financial_planning,general_pslf,neutral,pursuing,,nan
1ry3goc,servicer_issues,general_pslf,negative,pursuing,,nan
1ry395x,servicer_issues,general_pslf,negative,pursuing,,nan
1ry2sa5,servicer_issues,general_pslf,positive,completing,,nan
1ry2oef,general_question,general_pslf,neutral,considering,,nan
1ry1te1,servicer_issues,general_pslf,neutral,completed,,nan
1ry18t5,financial_planning,general_pslf,positive,pursuing,,nan
1rxzuhc,general_question,general_pslf,neutral,pursuing,,nan
1rxynth,success_story,general_pslf,positive,completed,,nan
1rxx493,servicer_issues,general_pslf,neutral,pursuing,,nan
1rxqmb7,financial_planning,general_pslf,neutral,pursuing,,nan
1rxmlhx,servicer_issues,general_pslf,negative,pursuing,,nan
1rxhwc9,parse_error,,parse_error,unknown,"```json
{""pslf_sentiment"": ""positive"", ""primary_topic"": ""financial_planning"", ""pslf_stance"": ""pursuing""}
```",
1rxhunj,servicer_issues,general_pslf,very_negative,pursuing,,nan
1rxbmox,servicer_issues,general_pslf,negative,pursuing,,nan
1rxaqyp,general_question,general_pslf,neutral,pursuing,,nan
1rx8jtb,servicer_issues,general_pslf,negative,pursuing,,nan
1rx85t4,policy_uncertainty,general_pslf,negative,pursuing,,nan
1rx7r2x,servicer_issues,general_pslf,neutral,completed,,nan
1rx76qu,financial_planning,general_pslf,positive,pursuing,,nan
1rx6461,servicer_issues,general_pslf,negative,pursuing,,nan
1rx5iy6,servicer_issues,general_pslf,negative,pursuing,,nan
1rx4mn0,financial_planning,general_pslf,neutral,unknown,,nan
1rx4fl8,financial_planning,general_pslf,negative,pursuing,,nan
1rx3h9c,financial_planning,general_pslf,positive,pursuing,,nan
1rwx5el,servicer_issues,general_pslf,negative,pursuing,,nan
1rwsqs3,policy_uncertainty,general_pslf,positive,pursuing,,nan
1rwrgm6,financial_planning,general_pslf,neutral,pursuing,,nan
1rwqnxr,servicer_issues,general_pslf,negative,pursuing,,nan
1rwp587,general_question,general_pslf,positive,pursuing,,nan
1rwn50r,general_question,general_pslf,neutral,pursuing,,nan
1rwmtly,servicer_issues,general_pslf,negative,pursuing,,nan
1rwkebq,servicer_issues,general_pslf,negative,pursuing,,nan
1rwkces,servicer_issues,general_pslf,very_positive,completed,,nan
1rwk0c7,general_question,general_pslf,neutral,pursuing,,nan
1rwi3vp,servicer_issues,general_pslf,negative,pursuing,,nan
1rwh4z2,servicer_issues,general_pslf,negative,unknown,,nan
1rwfa0j,financial_planning,general_pslf,neutral,pursuing,,nan
1rwf6it,servicer_issues,general_pslf,negative,pursuing,,nan
1rw9vpi,financial_planning,general_pslf,neutral,pursuing,,nan
1rw9s2x,parse_error,,parse_error,unknown,"```json
{""pslf_sentiment"": ""negative"", ""primary_topic"": ""servicer_issues"", ""pslf_stance"": ""pursuing""}
```",
1rw9ca5,parse_error,,parse_error,unknown,"```json
{""pslf_sentiment"": ""neutral"", ""primary_topic"": ""financial_planning"", ""pslf_stance"": ""pursuing""}
```",
1rw8s2c,financial_planning,general_pslf,neutral,pursuing,,nan
1rw7ozr,servicer_issues,general_pslf,negative,pursuing,,nan
1rw65ud,servicer_issues,general_pslf,neutral,pursuing,,nan
1rw5q8f,general_question,general_pslf,neutral,pursuing,,nan
1rw4vnf,servicer_issues,general_pslf,neutral,pursuing,,nan
1rvqddg,servicer_issues,general_pslf,negative,pursuing,,nan
1rvj2kf,servicer_issues,general_pslf,neutral,pursuing,,nan
1rvie1x,servicer_issues,general_pslf,negative,pursuing,,nan
1rve52c,financial_planning,general_pslf,neutral,pursuing,,nan
1rvca8k,general_question,general_pslf,neutral,pursuing,,nan
1rvbx29,policy_uncertainty,general_pslf,negative,pursuing,,nan
1rv79zo,servicer_issues,general_pslf,positive,pursuing,,nan
1rv6smk,servicer_issues,general_pslf,neutral,pursuing,,nan
1rv2r6j,parse_error,,parse_error,unknown,"```json
{""pslf_sentiment"": ""neutral"", ""primary_topic"": ""general_question"", ""pslf_stance"": ""pursuing""}
```",
1rv2lsn,financial_planning,general_pslf,neutral,pursuing,,nan
1ruspis,policy_uncertainty,general_pslf,neutral,pursuing,,nan
1rum0iu,general_question,general_pslf,neutral,pursuing,,nan
1ruk1k0,financial_planning,general_pslf,positive,pursuing,,nan
1rujilw,general_question,general_pslf,neutral,considering,,nan
1rui797,financial_planning,general_pslf,neutral,pursuing,,nan
1ruhfsz,servicer_issues,general_pslf,neutral,pursuing,,nan
1ruhe23,general_question,general_pslf,neutral,pursuing,,nan
1ruf85w,servicer_issues,general_pslf,neutral,unknown,,nan
1rtzwob,servicer_issues,general_pslf,very_negative,pursuing,,nan
1rtugaw,financial_planning,general_pslf,neutral,pursuing,,nan
1rtu205,financial_planning,general_pslf,neutral,pursuing,,nan
1rtsqbk,financial_planning,general_pslf,neutral,pursuing,,nan
1rtqtk2,success_story,general_pslf,very_positive,completed,,nan
1rtmysg,financial_planning,general_pslf,neutral,pursuing,,nan
1rtkwes,success_story,general_pslf,very_positive,completed,,nan
1rtkpv9,servicer_issues,general_pslf,negative,pursuing,,nan
1rtinrm,financial_planning,general_pslf,neutral,pursuing,,nan
1rthm1g,financial_planning,general_pslf,neutral,pursuing,,nan
1rthkzk,financial_planning,general_pslf,neutral,pursuing,,nan
1rtfuux,servicer_issues,general_pslf,negative,pursuing,,nan
1rt58e9,success_story,general_pslf,positive,pursuing,,nan
1rsy3ic,servicer_issues,general_pslf,positive,pursuing,,nan
1rsvxon,financial_planning,general_pslf,neutral,pursuing,,nan
1rsumty,financial_planning,general_pslf,positive,pursuing,,nan
1rsui4i,general_question,general_pslf,neutral,pursuing,,nan
1rst8r2,financial_planning,general_pslf,neutral,pursuing,,nan
1rspyeg,financial_planning,general_pslf,neutral,considering,,nan
1rsok0p,financial_planning,general_pslf,positive,pursuing,,nan
1rso60l,general_question,general_pslf,positive,pursuing,,nan
1rsnp6d,servicer_issues,general_pslf,negative,pursuing,,nan
1kys6dm,servicer_issues,general_pslf,negative,completed,,nan
1q8fff9,general_question,general_pslf,neutral,pursuing,,nan
1rvk5id,financial_planning,general_student_loans,positive,pursuing,,nan
1q2vf9w,financial_planning,general_student_loans,positive,pursuing,,nan
1c1eqx8,financial_planning,general_student_loans,neutral,pursuing,,nan
1n0kssg,financial_planning,general_student_loans,negative,considering,,nan
1m7dii6,financial_planning,general_student_loans,positive,pursuing,,nan
1m8gk67,parse_error,,parse_error,unknown,"```json
{""pslf_sentiment"": ""neutral"", ""primary_topic"": ""financial_planning"", ""pslf_stance"": ""considering""}
```",
1mntbxm,financial_planning,general_student_loans,positive,considering,,nan
1klnpgm,financial_planning,general_student_loans,neutral,considering,,nan
1lnpdnv,policy_uncertainty,general_student_loans,negative,pursuing,,nan
1rxmdx2,general_question,general_student_loans,positive,considering,,nan
1rs1wvj,financial_planning,general_student_loans,neutral,pursuing,,nan
1rrt4vu,policy_uncertainty,general_student_loans,negative,pursuing,,nan
1rrfvzn,financial_planning,general_student_loans,neutral,pursuing,,nan
1rray6e,financial_planning,general_student_loans,positive,pursuing,,nan
1rqti3w,general_question,general_student_loans,neutral,pursuing,,nan
1rqiu6t,financial_planning,general_student_loans,positive,pursuing,,nan
1rqhm4q,financial_planning,general_student_loans,positive,pursuing,,nan
1rqg3ud,financial_planning,general_student_loans,neutral,pursuing,,nan
1rp43tv,financial_planning,general_student_loans,neutral,considering,,nan
1rozy9p,servicer_issues,general_student_loans,negative,pursuing,,nan
1rowlc4,financial_planning,general_student_loans,positive,pursuing,,nan
1rosk2w,financial_planning,general_student_loans,neutral,pursuing,,nan
1roplds,financial_planning,general_student_loans,neutral,pursuing,,nan
1rog01q,financial_planning,general_student_loans,neutral,considering,,nan
1roeoq9,financial_planning,general_student_loans,neutral,pursuing,,nan
1ro7vez,financial_planning,general_student_loans,positive,pursuing,,nan
1ro49zn,success_story,general_student_loans,very_positive,completed,,nan
1rnqiaa,servicer_issues,general_student_loans,negative,pursuing,,nan
1rm56q5,servicer_issues,general_student_loans,neutral,unknown,,nan
1rm47mn,financial_planning,general_student_loans,positive,pursuing,,nan
1rls235,financial_planning,general_student_loans,neutral,pursuing,,nan
1rktkf0,policy_uncertainty,general_student_loans,neutral,rejecting,,nan
1rkpjj4,financial_planning,general_student_loans,neutral,considering,,nan
1rknt4w,financial_planning,general_student_loans,negative,considering,,nan
1rkievd,servicer_issues,general_student_loans,very_negative,rejecting,,nan
1rk4u81,parse_error,,parse_error,unknown,"```json
{""pslf_sentiment"": ""neutral"", ""primary_topic"": ""general_question"", ""pslf_stance"": ""pursuing""}
```",
1rk08fs,financial_planning,general_student_loans,neutral,rejecting,,nan
1rjxxy3,financial_planning,general_student_loans,positive,considering,,nan
1rjtd9p,financial_planning,general_student_loans,very_positive,pursuing,,nan
1rjq3im,servicer_issues,general_student_loans,negative,pursuing,,nan
1rjmpo5,financial_planning,general_student_loans,negative,rejecting,,nan
1rjadua,general_question,general_student_loans,positive,considering,,nan
1riyxfn,financial_planning,general_student_loans,neutral,pursuing,,nan
1rixlji,financial_planning,general_student_loans,neutral,unknown,,nan
1rivajj,policy_uncertainty,general_student_loans,negative,considering,,nan
1rhicp1,servicer_issues,general_student_loans,negative,pursuing,,nan
1rh6eo3,financial_planning,general_student_loans,neutral,pursuing,,nan
1rgonb2,financial_planning,general_student_loans,neutral,considering,,nan
1rghu36,financial_planning,general_student_loans,neutral,considering,,nan
1rggkdm,parse_error,,parse_error,unknown,"```json
{""pslf_sentiment"": ""neutral"", ""primary_topic"": ""general_question"", ""pslf_stance"": ""considering""}
```",
1rfcyb3,financial_planning,general_student_loans,neutral,pursuing,,nan
1rfb2jw,career_impact,general_student_loans,negative,rejecting,,nan
1reub7r,financial_planning,general_student_loans,positive,pursuing,,nan
1relw0t,financial_planning,general_student_loans,neutral,pursuing,,nan
1rdyo1u,parse_error,,parse_error,unknown,"```json
{""pslf_sentiment"": ""neutral"", ""primary_topic"": ""financial_planning"", ""pslf_stance"": ""pursuing""}
```",
1rdjl7e,servicer_issues,general_student_loans,negative,pursuing,,nan
1rdgwnm,general_question,general_student_loans,neutral,considering,,nan
1rd2ww5,financial_planning,general_student_loans,neutral,pursuing,,nan
1rd17pr,financial_planning,general_student_loans,neutral,considering,,nan
1rcrk9x,general_question,general_student_loans,positive,pursuing,,nan
1rbrd6b,servicer_issues,general_student_loans,negative,pursuing,,nan
1rbc0i9,financial_planning,general_student_loans,positive,pursuing,,nan
1rb6epp,financial_planning,general_student_loans,neutral,rejecting,,nan
1rb3nmz,financial_planning,general_student_loans,positive,pursuing,,nan
1rawpne,financial_planning,general_student_loans,neutral,pursuing,,nan
1ratjcs,financial_planning,general_student_loans,neutral,considering,,nan
1ragjqw,financial_planning,general_student_loans,neutral,pursuing,,nan
1raax9l,general_question,general_student_loans,neutral,considering,,nan
1ra79es,servicer_issues,general_student_loans,negative,pursuing,,nan
1r9z0o6,financial_planning,general_student_loans,positive,pursuing,,nan
1r9h5xu,servicer_issues,general_student_loans,neutral,unknown,,nan
1r9g98a,financial_planning,general_student_loans,neutral,unknown,,nan
1r9d5b0,general_question,general_student_loans,negative,pursuing,,nan
1r96brm,servicer_issues,general_student_loans,negative,pursuing,,nan
1r8u4vi,general_question,general_student_loans,neutral,unknown,,nan
1r8tzer,financial_planning,general_student_loans,neutral,unknown,,nan
1r88hk1,servicer_issues,general_student_loans,negative,pursuing,,nan
1r835me,policy_uncertainty,general_student_loans,negative,pursuing,,nan
1r7o7jf,financial_planning,general_student_loans,negative,pursuing,,nan
1r7jwf3,career_impact,general_student_loans,neutral,considering,,nan
1r7bx66,servicer_issues,general_student_loans,negative,pursuing,,nan
1r6rr5n,general_question,general_student_loans,neutral,unknown,,nan
1r6k30s,financial_planning,general_student_loans,positive,pursuing,,nan
1r6fwdb,parse_error,,parse_error,unknown,"```json
{""pslf_sentiment"": ""neutral"", ""primary_topic"": ""general_question"", ""pslf_stance"": ""considering""}
```",
1r6bvt9,financial_planning,general_student_loans,neutral,pursuing,,nan
1r5wf0x,parse_error,,parse_error,unknown,"```json
{""pslf_sentiment"": ""neutral"", ""primary_topic"": ""general_question"", ""pslf_stance"": ""considering""}
```",
1r5na9e,general_question,general_student_loans,neutral,considering,,nan
1r5j4cf,financial_planning,general_student_loans,positive,pursuing,,nan
1r4npfg,financial_planning,general_student_loans,positive,pursuing,,nan
1r3wbyj,financial_planning,general_student_loans,neutral,pursuing,,nan
1r3utvr,parse_error,,parse_error,unknown,"```json
{""pslf_sentiment"": ""positive"", ""primary_topic"": ""financial_planning"", ""pslf_stance"": ""pursuing""}
```",
1r3cedz,general_question,general_student_loans,neutral,pursuing,,nan
1r30xvf,financial_planning,general_student_loans,neutral,pursuing,,nan
1r2z9ww,parse_error,,parse_error,unknown,"```json
{""pslf_sentiment"": ""negative"", ""primary_topic"": ""servicer_issues"", ""pslf_stance"": ""unknown""}
```",
1r1p9mn,financial_planning,general_student_loans,neutral,pursuing,,nan
1r1ondl,financial_planning,general_student_loans,neutral,pursuing,,nan
1r1h81t,financial_planning,general_student_loans,negative,considering,,nan
1r1aj0k,financial_planning,general_student_loans,positive,pursuing,,nan
1r18eke,servicer_issues,general_student_loans,negative,pursuing,,nan
1r17px9,financial_planning,general_student_loans,neutral,rejecting,,nan
1r17p09,financial_planning,general_student_loans,neutral,pursuing,,nan
1r17e0x,general_question,general_student_loans,neutral,pursuing,,nan
1r0sn36,financial_planning,general_student_loans,neutral,pursuing,,nan
1qzg78u,success_story,general_student_loans,neutral,unknown,,nan
1qzeibx,policy_uncertainty,general_student_loans,negative,pursuing,,nan
1qz07cw,financial_planning,general_student_loans,positive,pursuing,,nan
1qyr11o,parse_error,,parse_error,unknown,"```json
{""pslf_sentiment"": ""positive"", ""primary_topic"": ""financial_planning"", ""pslf_stance"": ""pursuing""}
```",
1qyks4p,financial_planning,general_student_loans,positive,pursuing,,nan
1qykhhe,financial_planning,general_student_loans,positive,pursuing,,nan
1qxu19e,financial_planning,general_student_loans,neutral,pursuing,,nan
1qxiuxa,servicer_issues,general_student_loans,positive,completed,,nan
1qvuvnh,career_impact,general_student_loans,positive,considering,,nan
1qvtcx0,financial_planning,general_student_loans,negative,pursuing,,nan
1qvsaih,general_question,general_student_loans,neutral,rejecting,,nan
1qvr77z,financial_planning,general_student_loans,negative,rejecting,,nan
1qva5ha,financial_planning,general_student_loans,neutral,considering,,nan
1qv87px,policy_uncertainty,general_student_loans,negative,rejecting,,nan
1qv29zj,financial_planning,general_student_loans,positive,pursuing,,nan
1qv1ydp,financial_planning,general_student_loans,neutral,pursuing,,nan
1quxxla,servicer_issues,general_student_loans,negative,pursuing,,nan
1qugzzi,financial_planning,general_student_loans,neutral,considering,,nan
1qtcw9h,financial_planning,general_student_loans,neutral,rejecting,,nan
1qtbpas,financial_planning,general_student_loans,neutral,pursuing,,nan
1qt707t,servicer_issues,general_student_loans,neutral,pursuing,,nan
1qsobqh,servicer_issues,general_student_loans,negative,pursuing,,nan
1qsjqeb,financial_planning,general_student_loans,positive,pursuing,,nan
1qshqnj,servicer_issues,general_student_loans,positive,pursuing,,nan
1qsbbin,financial_planning,general_student_loans,neutral,rejecting,,nan
1qqrh61,general_question,general_student_loans,neutral,considering,,nan
1qpd9zj,financial_planning,general_student_loans,positive,pursuing,,nan
1qpd96r,financial_planning,general_student_loans,positive,pursuing,,nan
1qp9mjg,financial_planning,general_student_loans,neutral,unknown,,nan
1qp02rk,servicer_issues,general_student_loans,negative,pursuing,,nan
1qo2hj3,financial_planning,general_student_loans,positive,pursuing,,nan
1qnzbqt,financial_planning,general_student_loans,positive,pursuing,,nan
1qnszca,servicer_issues,general_student_loans,negative,pursuing,,nan
1qnpe67,financial_planning,general_student_loans,positive,pursuing,,nan
1qnjabh,financial_planning,general_student_loans,neutral,pursuing,,nan
1qn2hgm,financial_planning,general_student_loans,neutral,pursuing,,nan
1qmzhup,servicer_issues,general_student_loans,negative,pursuing,,nan
1qmoysl,general_question,general_student_loans,positive,pursuing,,nan
1ql9ylf,financial_planning,general_student_loans,neutral,considering,,nan
1qk78wg,financial_planning,general_student_loans,neutral,unknown,,nan
1qjwkbk,servicer_issues,general_student_loans,negative,pursuing,,nan
1qjspk0,servicer_issues,general_student_loans,negative,pursuing,,nan
1qj8z17,financial_planning,general_student_loans,positive,pursuing,,nan
1qif4dp,general_question,general_student_loans,positive,completed,,nan
1qiai85,servicer_issues,general_student_loans,negative,pursuing,,nan
1qhof4u,financial_planning,general_student_loans,negative,rejecting,,nan
1qhgeav,financial_planning,general_student_loans,neutral,rejecting,,nan
1qh64se,general_question,general_student_loans,neutral,pursuing,,nan
1qgrnh1,financial_planning,general_student_loans,positive,pursuing,,nan
1qgntrg,financial_planning,general_student_loans,negative,rejecting,,nan
1qgkpcd,policy_uncertainty,general_student_loans,negative,pursuing,,nan
1qgjyw8,financial_planning,general_student_loans,neutral,pursuing,,nan
1qg53aj,financial_planning,general_student_loans,neutral,considering,,nan
1qfn9m6,financial_planning,general_student_loans,neutral,considering,,nan
1qfgac6,general_question,general_student_loans,negative,pursuing,,nan
1qeze43,financial_planning,general_student_loans,neutral,rejecting,,nan
1qexmlx,financial_planning,general_student_loans,negative,pursuing,,nan
1qeinnk,financial_planning,general_student_loans,positive,pursuing,,nan
1qdxfkq,financial_planning,general_student_loans,neutral,considering,,nan
1qd65fh,policy_uncertainty,general_student_loans,neutral,considering,,nan
1qd63wa,financial_planning,general_student_loans,neutral,rejecting,,nan
1rwn87r,parse_error,,parse_error,unknown,"```json
{""pslf_sentiment"": ""very_positive"", ""primary_topic"": ""success_story"", ""pslf_stance"": ""completed""}
```",
1rpivim,parse_error,,parse_error,unknown,"```json
{""pslf_sentiment"": ""negative"", ""primary_topic"": ""policy_uncertainty"", ""pslf_stance"": ""pursuing""}
```",
1hpo1iq,financial_planning,medical,neutral,considering,,nan
1ljcicm,servicer_issues,medical,negative,pursuing,,nan
nfhkrt,general_question,nursing,neutral,unknown,,nan
1byyrdy,general_question,nursing,neutral,unknown,,nan
lafdpg,general_question,nursing,neutral,unknown,,nan
4yywvj,general_question,teaching,neutral,considering,,nan
1akkb1o,servicer_issues,teaching,neutral,pursuing,,nan
gkytab,career_impact,social_work,neutral,considering,,nan
1r8epvg,career_impact,physician_assistant,neutral,considering,,nan
1bu51tu,financial_planning,personalfinance,positive,pursuing,,nan
ep440w,financial_planning,personalfinance,positive,pursuing,,nan
1b4bfyg,career_impact,personalfinance,neutral,considering,,nan
1cifz9u,financial_planning,personalfinance,neutral,considering,,nan
19dukhh,financial_planning,personalfinance,positive,pursuing,,nan
2xdq2k,financial_planning,personalfinance,positive,pursuing,,nan
19euvlk,career_impact,personalfinance,neutral,considering,,nan
6h21ga,policy_uncertainty,personalfinance,negative,pursuing,,nan
bxfjmy,financial_planning,personalfinance,neutral,considering,,nan
1bk9m6h,general_question,personalfinance,positive,considering,,nan
1agg62g,financial_planning,personalfinance,neutral,pursuing,,nan
11kgqj0,general_question,personalfinance,neutral,considering,,nan
bu10u6,financial_planning,personalfinance,neutral,pursuing,,nan
krp5w5,financial_planning,personalfinance,positive,pursuing,,nan
8vrnmp,financial_planning,personalfinance,negative,considering,,nan
j0a5ed,financial_planning,personalfinance,positive,pursuing,,nan
lzh4gd,policy_uncertainty,personalfinance,neutral,considering,,nan
9tgitf,financial_planning,personalfinance,negative,considering,,nan
7ccgyq,success_story,personalfinance,positive,pursuing,,nan
f5wfu3,financial_planning,personalfinance,neutral,pursuing,,nan
8xq2tj,parse_error,,parse_error,unknown,"```json
{""pslf_sentiment"": ""neutral"", ""primary_topic"": ""financial_planning"", ""pslf_stance"": ""pursuing""}
```",
8k1f17,financial_planning,personalfinance,very_negative,rejecting,,nan
gt6x31,general_question,personalfinance,neutral,considering,,nan
fa4auu,career_impact,personalfinance,neutral,pursuing,,nan
c0hzi0,general_question,personalfinance,negative,considering,,nan
7z7b85,financial_planning,personalfinance,neutral,considering,,nan
jg6xav,financial_planning,personalfinance,positive,pursuing,,nan
elbgs9,financial_planning,personalfinance,neutral,considering,,nan
ji596x,financial_planning,personalfinance,neutral,pursuing,,nan
f0rk0b,career_impact,personalfinance,neutral,pursuing,,nan
j7iraz,parse_error,,parse_error,unknown,"```json
{""pslf_sentiment"": ""neutral"", ""primary_topic"": ""career_impact"", ""pslf_stance"": ""considering""}
```",
a8d62y,financial_planning,personalfinance,negative,considering,,nan
58n5v2,financial_planning,personalfinance,neutral,pursuing,,nan
f3kg5w,career_impact,personalfinance,positive,considering,,nan
8byxm8,career_impact,personalfinance,positive,pursuing,,nan
jln0hu,financial_planning,personalfinance,positive,pursuing,,nan
hvdpr1,general_question,personalfinance,neutral,pursuing,,nan
dyqjov,financial_planning,personalfinance,positive,pursuing,,nan
7achsq,policy_uncertainty,personalfinance,negative,considering,,nan
f2brb1,financial_planning,personalfinance,neutral,considering,,nan
dqpw65,financial_planning,personalfinance,positive,considering,,nan
cakfz2,financial_planning,personalfinance,neutral,pursuing,,nan
70x56e,financial_planning,personalfinance,neutral,considering,,nan
jmtgxm,general_question,personalfinance,negative,pursuing,,nan
86o0q1,servicer_issues,personalfinance,negative,pursuing,,nan
90y0o8,policy_uncertainty,personalfinance,neutral,considering,,nan
66iooh,financial_planning,personalfinance,positive,considering,,nan
886eu8,financial_planning,personalfinance,positive,pursuing,,nan
93af6p,financial_planning,personalfinance,neutral,considering,,nan
97np9x,financial_planning,personalfinance,neutral,pursuing,,nan
ahmh96,financial_planning,personalfinance,positive,pursuing,,nan
55kuab,financial_planning,personalfinance,neutral,considering,,nan
5230hn,financial_planning,personalfinance,negative,pursuing,,nan
614egp,financial_planning,personalfinance,neutral,considering,,nan
gjt8bj,career_impact,personalfinance,neutral,considering,,nan
5ejurw,financial_planning,personalfinance,neutral,considering,,nan
fuzm4n,general_question,personalfinance,neutral,pursuing,,nan
8wkooj,financial_planning,personalfinance,neutral,pursuing,,nan
kqn88j,financial_planning,personalfinance,positive,pursuing,,nan
76rj58,general_question,personalfinance,positive,pursuing,,nan
8ksas2,servicer_issues,personalfinance,negative,pursuing,,nan
f50btg,financial_planning,personalfinance,positive,pursuing,,nan
awu65h,financial_planning,personalfinance,positive,pursuing,,nan
bzsnny,financial_planning,personalfinance,positive,pursuing,,nan
c12oed,financial_planning,personalfinance,positive,pursuing,,nan
8emyb6,general_question,personalfinance,neutral,pursuing,,nan
8zt4nw,financial_planning,personalfinance,neutral,considering,,nan
6lvh5b,career_impact,personalfinance,negative,considering,,nan
hnurqj,general_question,personalfinance,neutral,pursuing,,nan
8n3g9f,financial_planning,personalfinance,negative,considering,,nan
7kohzw,parse_error,,parse_error,unknown,"```json
{""pslf_sentiment"": ""neutral"", ""primary_topic"": ""financial_planning"", ""pslf_stance"": ""considering""}
```",
gmrvgn,financial_planning,personalfinance,neutral,pursuing,,nan
4eymld,financial_planning,personalfinance,positive,considering,,nan
8nwfdx,financial_planning,personalfinance,positive,pursuing,,nan
ftraz3,financial_planning,personalfinance,positive,pursuing,,nan
6a71xy,financial_planning,personalfinance,positive,pursuing,,nan
63eiha,financial_planning,personalfinance,positive,pursuing,,nan
5mkx84,financial_planning,personalfinance,neutral,pursuing,,nan
5no8ec,policy_uncertainty,personalfinance,negative,considering,,nan
7nrik2,financial_planning,personalfinance,negative,considering,,nan
63m4ma,policy_uncertainty,personalfinance,neutral,unknown,,nan
djpx77,financial_planning,personalfinance,neutral,pursuing,,nan
c0ddc8,financial_planning,personalfinance,neutral,pursuing,,nan
8jm8mv,financial_planning,personalfinance,positive,pursuing,,nan
9h9e0n,financial_planning,personalfinance,neutral,pursuing,,nan
77hkyl,financial_planning,personalfinance,positive,pursuing,,nan
bh4gvg,financial_planning,personalfinance,positive,considering,,nan
7odurh,financial_planning,personalfinance,negative,rejecting,,nan
1uz7v2,financial_planning,personalfinance,positive,considering,,nan
8r8580,financial_planning,personalfinance,positive,pursuing,,nan
axdavf,general_question,personalfinance,neutral,considering,,nan
68ihwm,financial_planning,personalfinance,positive,pursuing,,nan
ali2ta,general_question,personalfinance,neutral,considering,,nan
50c6x3,financial_planning,personalfinance,negative,pursuing,,nan
83yj24,financial_planning,personalfinance,positive,pursuing,,nan
4q7ihw,general_question,personalfinance,neutral,pursuing,,nan
8ihjk5,financial_planning,personalfinance,neutral,pursuing,,nan
6eajvm,success_story,personalfinance,positive,pursuing,,nan
5045az,financial_planning,personalfinance,negative,considering,,nan
aylpa3,financial_planning,personalfinance,neutral,pursuing,,nan
54jlfh,parse_error,,parse_error,unknown,"```json
{""pslf_sentiment"": ""neutral"", ""primary_topic"": ""financial_planning"", ""pslf_stance"": ""considering""}
```",
5znr0n,financial_planning,personalfinance,positive,pursuing,,nan
6hos6o,success_story,personalfinance,neutral,unknown,,nan
7t8ils,financial_planning,personalfinance,positive,pursuing,,nan
aioi3t,financial_planning,personalfinance,positive,pursuing,,nan
1ap8o9z,financial_planning,personalfinance,neutral,considering,,nan
aeov71,financial_planning,personalfinance,neutral,pursuing,,nan
3k5zf0,financial_planning,personalfinance,neutral,considering,,nan
6qpmuq,general_question,personalfinance,positive,pursuing,,nan
6i0jsj,general_question,personalfinance,neutral,considering,,nan
8l5m1y,servicer_issues,personalfinance,negative,pursuing,,nan
6c0dw1,financial_planning,personalfinance,neutral,considering,,nan
8if6j1,general_question,personalfinance,neutral,pursuing,,nan
52mr1n,financial_planning,personalfinance,neutral,pursuing,,nan
1rzxl1o,financial_planning,personalfinance,negative,rejecting,,nan
1qatg9g,financial_planning,personalfinance,neutral,pursuing,,nan
1mfrl7s,financial_planning,personalfinance,neutral,pursuing,,nan
1m1pt2d,financial_planning,personalfinance,neutral,considering,,nan
1lztyfe,financial_planning,personalfinance,positive,pursuing,,nan
1l6jxh5,general_question,personalfinance,neutral,rejecting,,nan
1kr9le6,financial_planning,personalfinance,positive,pursuing,,nan
1km47pi,financial_planning,personalfinance,positive,pursuing,,nan
1kkoupo,financial_planning,personalfinance,neutral,pursuing,,nan
1htpguu,general_question,personalfinance,neutral,pursuing,,nan
1htky30,financial_planning,personalfinance,neutral,pursuing,,nan
1ht2vhh,financial_planning,personalfinance,positive,pursuing,,nan
1hniqmp,financial_planning,personalfinance,positive,pursuing,,nan
1hn57b7,financial_planning,personalfinance,neutral,pursuing,,nan
1hkej3t,success_story,personalfinance,very_positive,completed,,nan
1hi8zqb,policy_uncertainty,personalfinance,negative,pursuing,,nan
1hgh4gf,financial_planning,personalfinance,positive,pursuing,,nan
1hf84hr,parse_error,,parse_error,unknown,"```json
{""pslf_sentiment"": ""positive"", ""primary_topic"": ""financial_planning"", ""pslf_stance"": ""pursuing""}
```",
1h7g9em,financial_planning,personalfinance,neutral,pursuing,,nan
1h6qgqg,financial_planning,personalfinance,neutral,rejecting,,nan
1h5bmu1,general_question,personalfinance,neutral,pursuing,,nan
1h4ltz1,general_question,personalfinance,neutral,considering,,nan
1h20fta,financial_planning,personalfinance,neutral,rejecting,,nan
1gvx1hk,financial_planning,personalfinance,neutral,pursuing,,nan
1gs1zir,parse_error,,parse_error,unknown,"```json
{""pslf_sentiment"": ""neutral"", ""primary_topic"": ""financial_planning"", ""pslf_stance"": ""unknown""}
```",
1gob002,financial_planning,personalfinance,positive,considering,,nan
1glx081,financial_planning,personalfinance,negative,considering,,nan
1ck7by8,financial_planning,personalfinance,positive,pursuing,,nan
1cd6es5,parse_error,,parse_error,unknown,"```json
{""pslf_sentiment"": ""neutral"", ""primary_topic"": ""financial_planning"", ""pslf_stance"": ""pursuing""}
```",
1c9br1o,financial_planning,personalfinance,neutral,pursuing,,nan
1c7cxm4,financial_planning,personalfinance,neutral,pursuing,,nan
1c6fz9i,financial_planning,personalfinance,positive,pursuing,,nan
1c1jfls,financial_planning,personalfinance,neutral,pursuing,,nan
1bzee72,financial_planning,personalfinance,positive,pursuing,,nan
1by65tf,financial_planning,personalfinance,positive,pursuing,,nan
1bwmhgz,financial_planning,personalfinance,neutral,pursuing,,nan
1bvp18b,financial_planning,personalfinance,neutral,pursuing,,nan
1bt22h3,financial_planning,personalfinance,neutral,pursuing,,nan
1bmnf1i,financial_planning,personalfinance,negative,considering,,nan
1bem5vu,financial_planning,personalfinance,positive,pursuing,,nan
1bc7kwx,financial_planning,personalfinance,neutral,unknown,,nan
1bbogmc,parse_error,,parse_error,unknown,"```json
{""pslf_sentiment"": ""neutral"", ""primary_topic"": ""financial_planning"", ""pslf_stance"": ""pursuing""}
```",
1bbj8no,financial_planning,personalfinance,neutral,pursuing,,nan
1b7mvd4,financial_planning,personalfinance,neutral,pursuing,,nan
1b7m1ra,financial_planning,personalfinance,positive,pursuing,,nan
1b7bjc4,financial_planning,personalfinance,neutral,pursuing,,nan
1b4yrv8,career_impact,personalfinance,positive,pursuing,,nan
1b2bf19,financial_planning,personalfinance,positive,pursuing,,nan
1b01btl,financial_planning,personalfinance,positive,pursuing,,nan
1avuin8,financial_planning,personalfinance,neutral,rejecting,,nan
1aurtn3,financial_planning,personalfinance,positive,pursuing,,nan
1aucnwu,financial_planning,personalfinance,neutral,considering,,nan
1at9lo9,financial_planning,personalfinance,neutral,pursuing,,nan
1aqqssu,financial_planning,personalfinance,neutral,pursuing,,nan
1an1fgo,financial_planning,personalfinance,neutral,pursuing,,nan
1amuly4,financial_planning,personalfinance,neutral,pursuing,,nan
1am7m6a,parse_error,,parse_error,unknown,"```json
{""pslf_sentiment"": ""positive"", ""primary_topic"": ""financial_planning"", ""pslf_stance"": ""pursuing""}
```",
1aiemqi,parse_error,,parse_error,unknown,"```json
{""pslf_sentiment"": ""positive"", ""primary_topic"": ""financial_planning"", ""pslf_stance"": ""pursuing""}
```",
1ai1m8u,financial_planning,personalfinance,positive,pursuing,,nan
4uz2iy,success_story,personalfinance,neutral,unknown,,nan
3y1kfd,success_story,personalfinance,neutral,unknown,,nan
5uig6g,general_question,personalfinance,neutral,unknown,,nan
1n3hy2r,financial_planning,medical,positive,pursuing,,Reddit
1n192wj,success_story,medical,very_positive,completed,,Reddit
1mxqs84,parse_error,,parse_error,unknown,"```json
{""pslf_sentiment"": ""neutral"", ""primary_topic"": ""general_question"", ""pslf_stance"": ""pursuing""}
```",
1mif04o,financial_planning,medical,neutral,pursuing,,Reddit
1mhetjl,general_question,medical,positive,considering,,Reddit
1mdoim9,servicer_issues,medical,positive,pursuing,,Reddit
1mb09id,financial_planning,medical,neutral,considering,,Reddit
1mb07qr,financial_planning,medical,neutral,considering,,Reddit
1m9gvba,general_question,medical,neutral,pursuing,,Reddit
1m9cabi,financial_planning,medical,positive,considering,,Reddit
1ml3xrh,financial_planning,medical,positive,pursuing,,Reddit
1me4j1q,general_question,medical,neutral,pursuing,,Reddit
1m7dl6d,financial_planning,medical,positive,pursuing,,Reddit
1lyd65e,policy_uncertainty,medical,positive,pursuing,,Reddit
1lwc577,success_story,medical,positive,completed,,Reddit
1ls6nvh,general_question,medical,neutral,considering,,Reddit
1lpm4x9,servicer_issues,medical,negative,pursuing,,Reddit
1liz4lx,financial_planning,medical,positive,pursuing,,Reddit
1lbjskg,parse_error,,parse_error,unknown,"```json
{""pslf_sentiment"": ""positive"", ""primary_topic"": ""financial_planning"", ""pslf_stance"": ""pursuing""}
```",
1l7ju4z,financial_planning,medical,positive,considering,,Reddit
1l1ow9i,financial_planning,medical,negative,pursuing,,Reddit
1kyjkgs,financial_planning,medical,neutral,pursuing,,Reddit
1mxp6j0,parse_error,,parse_error,unknown,"```json
{""pslf_sentiment"": ""neutral"", ""primary_topic"": ""general_question"", ""pslf_stance"": ""pursuing""}
```",
1mx5sqq,servicer_issues,medical,negative,pursuing,,Reddit
1mv4c3g,general_question,medical,negative,pursuing,,Reddit
1kt8il9,policy_uncertainty,medical,negative,pursuing,,Reddit
8ow9wb,career_impact,medical,negative,considering,,Reddit
7giqkd,career_impact,medical,neutral,considering,,Reddit
7cnamm,financial_planning,medical,negative,considering,,Reddit
6vcjm1,financial_planning,medical,positive,pursuing,,Reddit
6cqe5b,general_question,medical,negative,pursuing,,Reddit
4nr9kk,general_question,medical,positive,considering,,Reddit
1cjxpn8,career_impact,medical,positive,pursuing,,Reddit
i7tg0b,general_question,medical,neutral,considering,,Reddit
1my0k0f,financial_planning,medical,positive,considering,,Reddit
1mwa5zg,financial_planning,medical,neutral,considering,,Reddit
1mvwxad,financial_planning,medical,positive,considering,,Reddit
1mttxbu,financial_planning,medical,negative,rejecting,,Reddit
1mt04si,financial_planning,medical,neutral,considering,,Reddit
1mshun2,financial_planning,medical,neutral,rejecting,,Reddit
1mr85gi,financial_planning,medical,negative,rejecting,,Reddit
1mm48l7,financial_planning,medical,positive,pursuing,,Reddit
1mika1m,financial_planning,medical,neutral,rejecting,,Reddit
1mfe50r,financial_planning,medical,neutral,rejecting,,Reddit
1mcfcq7,financial_planning,medical,negative,considering,,Reddit
1mb06uf,financial_planning,medical,positive,considering,,Reddit
1n3iuiq,financial_planning,medical,negative,rejecting,,Reddit
1mq0bfi,financial_planning,medical,negative,pursuing,,Reddit
1lpi1xy,financial_planning,medical,positive,considering,,Reddit
1h6sfjr,general_question,medical,neutral,pursuing,,Reddit
1h6qhho,financial_planning,medical,neutral,rejecting,,Reddit
1gtgrqv,parse_error,,parse_error,unknown,"```json
{""pslf_sentiment"": ""neutral"", ""primary_topic"": ""general_question"", ""pslf_stance"": ""pursuing""}
```",
1gowwfz,parse_error,,parse_error,unknown,"```json
{""pslf_sentiment"": ""negative"", ""primary_topic"": ""policy_uncertainty"", ""pslf_stance"": ""pursuing""}
```",
1n3p6ba,policy_uncertainty,medical,negative,pursuing,,Reddit
1n3j2sr,policy_uncertainty,medical,neutral,unknown,,Reddit
1n36pdg,financial_planning,medical,neutral,pursuing,,Reddit
1mxpw31,financial_planning,medical,neutral,pursuing,,Reddit
1mwb97z,financial_planning,medical,neutral,considering,,Reddit
1mvoy8w,financial_planning,medical,neutral,pursuing,,Reddit
1mug4gn,general_question,medical,neutral,considering,,Reddit
1mqb7wd,parse_error,,parse_error,unknown,"```json
{""pslf_sentiment"": ""neutral"", ""primary_topic"": ""financial_planning"", ""pslf_stance"": ""pursuing""}
```",
1mqa2e9,financial_planning,medical,neutral,pursuing,,Reddit
1mlqq3o,financial_planning,medical,neutral,considering,,Reddit
1mkvw1c,career_impact,medical,positive,pursuing,,Reddit
hhnozx,financial_planning,medical,positive,pursuing,,Reddit
9vset4,career_impact,medical,negative,pursuing,,Reddit
1lk6jui,career_impact,medical,positive,pursuing,,Reddit
1n1x327,general_question,medical,neutral,considering,,Reddit
1n44dhl,general_question,teacher,neutral,considering,,Reddit
1n3e1lm,success_story,teacher,positive,pursuing,,Reddit
1mzprfj,financial_planning,teacher,negative,pursuing,,Reddit
1mwsw6b,parse_error,,parse_error,unknown,"```json
{""pslf_sentiment"": ""very_negative"", ""primary_topic"": ""servicer_issues"", ""pslf_stance"": ""pursuing""}
```",
1mvt65p,parse_error,,parse_error,unknown,"```json
{""pslf_sentiment"": ""negative"", ""primary_topic"": ""servicer_issues"", ""pslf_stance"": ""pursuing""}
```",
1musia3,servicer_issues,teacher,negative,pursuing,,Reddit
1muqg0f,general_question,teacher,neutral,unknown,,Reddit
1mnhxj2,success_story,teacher,very_positive,completed,,Reddit
1mk6f46,financial_planning,teacher,positive,considering,,Reddit
1mhj19h,financial_planning,teacher,neutral,pursuing,,Reddit
1n1v7cj,general_question,teacher,positive,considering,,Reddit
1mx9ep6,financial_planning,teacher,positive,pursuing,,Reddit
1mqd9c2,parse_error,,parse_error,unknown,"```json
{""pslf_sentiment"": ""positive"", ""primary_topic"": ""financial_planning"", ""pslf_stance"": ""pursuing""}
```",
1mk3ex1,policy_uncertainty,teacher,neutral,considering,,Reddit
1mgt8we,financial_planning,teacher,positive,pursuing,,Reddit
1meydmc,financial_planning,teacher,positive,pursuing,,Reddit
1mbj6f1,general_question,teacher,neutral,pursuing,,Reddit
1m941cu,financial_planning,teacher,positive,pursuing,,Reddit
1m7nirs,financial_planning,teacher,neutral,considering,,Reddit
1m7iiwx,general_question,teacher,neutral,considering,,Reddit
1m6qut8,general_question,teacher,positive,considering,,Reddit
1m609uf,career_impact,teacher,positive,pursuing,,Reddit
1m5zlia,career_impact,teacher,negative,considering,,Reddit
1m32qpw,career_impact,teacher,neutral,considering,,Reddit
1n0w7m9,servicer_issues,teacher,negative,pursuing,,Reddit
1mx7wxi,general_question,teacher,neutral,pursuing,,Reddit
1mqawbm,financial_planning,teacher,neutral,pursuing,,Reddit
1mqanfs,servicer_issues,teacher,negative,pursuing,,Reddit
1bl9iop,general_question,teacher,positive,considering,,Reddit
118hlvm,servicer_issues,teacher,neutral,rejecting,,Reddit
coomzg,career_impact,teacher,neutral,pursuing,,Reddit
1mvswj8,financial_planning,teacher,neutral,pursuing,,Reddit
1mrc888,financial_planning,teacher,neutral,completed,,Reddit
1mloky7,general_question,teacher,neutral,pursuing,,Reddit
1mg6h0r,general_question,teacher,neutral,considering,,Reddit
1mdjk9d,financial_planning,teacher,negative,pursuing,,Reddit
1md7scw,financial_planning,teacher,positive,pursuing,,Reddit
1m96rmq,general_question,teacher,neutral,rejecting,,Reddit
1m8kckd,financial_planning,teacher,positive,pursuing,,Reddit
1m77v7c,general_question,teacher,neutral,considering,,Reddit
1m703p0,financial_planning,teacher,negative,considering,,Reddit
1m53smm,financial_planning,teacher,positive,pursuing,,Reddit
1m35p8i,financial_planning,teacher,positive,pursuing,,Reddit
1n1uq2q,financial_planning,teacher,neutral,considering,,Reddit
1mvvd5a,servicer_issues,teacher,negative,pursuing,,Reddit
1mlvijs,general_question,teacher,neutral,pursuing,,Reddit
1ly8jnj,general_question,teacher,neutral,considering,,Reddit
1lwu9n3,general_question,teacher,neutral,considering,,Reddit
1lwh1i1,financial_planning,teacher,neutral,considering,,Reddit
1lsc8hx,general_question,teacher,neutral,pursuing,,Reddit
1long1h,financial_planning,teacher,positive,pursuing,,Reddit
1ljk5tc,parse_error,,parse_error,unknown,"```json
{""pslf_sentiment"": ""positive"", ""primary_topic"": ""financial_planning"", ""pslf_stance"": ""pursuing""}
```",
1liy9sq,financial_planning,teacher,positive,pursuing,,Reddit
1n2uqw9,financial_planning,teacher,neutral,pursuing,,Reddit
1migjci,financial_planning,teacher,neutral,pursuing,,Reddit
1mhk70o,servicer_issues,teacher,neutral,rejecting,,Reddit
1mgr1dh,financial_planning,teacher,neutral,considering,,Reddit
1mfdxye,financial_planning,teacher,neutral,pursuing,,Reddit
1meb6g5,financial_planning,teacher,positive,pursuing,,Reddit
1mcvtgr,financial_planning,teacher,positive,pursuing,,Reddit
1m9xowq,financial_planning,teacher,positive,pursuing,,Reddit
1m6xbe8,financial_planning,teacher,neutral,rejecting,,Reddit
